1572434825538,-1.2067566,2.8699493,10.392395
1572434825538,-0.5268097,3.516388,13.435425
1572434825538,-1.5108185,3.8874817,11.060379
1572434825538,-2.1740112,3.8348083,7.3780975
1572434825649,-2.9784698,4.96727,6.8681335
1572434825649,-2.7366486,4.3495636,9.875244
1572434825649,-2.3966827,2.216339,14.455353
1572434825649,-3.773346,0.832489,11.469788
1572434825649,-6.1819153,-2.8737335,7.095581
1572434825649,-7.8602448,-6.156189,6.4323883
1572434825651,-5.0279083,-7.1114807,5.2520447
1572434825756,-1.3959045,-4.753189,5.790741
1572434825756,0.80197144,-2.2536469,9.03009
1572434825756,2.9567566,2.5706787,27.891617
1572434825756,1.4627838,1.2945709,14.292557
1572434825756,-2.1931763,-3.4818726,8.244797
1572434825867,-2.2937317,-2.2273102,0.67433167
1572434825867,1.0892792,0.15492249,0.22183228
1572434825867,-2.351181,0.4398346,3.0302277
1572434825867,-3.2729492,-1.7341003,6.602371
1572434825868,-0.52441406,-2.5577087,8.177765
1572434825988,3.0309753,-2.9024658,8.551254
1572434825988,3.0309753,-0.92007446,6.1139526
1572434825988,4.1466827,-0.582489,7.7180786
1572434825988,6.160202,-1.8370514,4.734894
1572434825988,2.3917236,-2.3996887,-0.50601196
1572434825988,-0.17007446,-4.9279633,0.52589417
1572434826113,0.49073792,-5.8880463,-0.17082214
1572434826113,1.5322113,-6.697281,-0.36235046
1572434826113,2.1618805,-8.473785,0.7916565
1572434826115,2.7628326,-10.030014,0.65278625
1572434826115,2.7628326,-10.432236,-0.59698486
1572434826115,6.603134,-10.499268,2.4101257
1572434826115,9.193649,-12.153671,4.0429688
1572434826234,11.58786,-12.613358,5.989456
1572434826234,14.503998,-7.3197784,5.0126343
1572434826234,26.27629,-4.8848724,3.6886292
1572434826234,27.868423,-7.1378174,1.4404755
1572434826234,18.04741,-7.1306305,-3.0630188
1572434826234,14.882278,-3.5106049,-4.403763
1572434826358,23.041718,-1.0325928,-1.0830078
1572434826358,22.87413,-2.385315,1.0861359
1572434826358,17.494354,-2.2584229,-0.6209259
1572434826358,20.752853,2.0750732,-1.4565125
1572434826358,18.892563,0.6361542,-7.408493
1572434826358,15.861511,-0.93922424,-9.936768
1572434826463,9.413925,-3.1538544,-7.1810455
1572434826463,-1.714325,-7.803406,-4.851486
1572434826463,1.5465698,-6.2543488,1.3423157
1572434826463,1.5465698,-3.1011963,0.43013
1572434826463,6.967041,-1.3558197,-8.610382
1572434826781,12.835236,0.81811523,-12.544052
1572434826782,17.245361,-2.0046387,8.536896
1572434826782,15.112122,-0.9272461,15.693161
1572434826782,16.663559,-0.46517944,5.991852
1572434826782,17.168747,-3.3597565,2.596878
1572434826782,13.132111,-8.217606,-0.017593384
1572434826782,2.6694489,-9.239929,-3.5418549
1572434826782,1.7740173,-8.588699,-2.7421875
1572434826782,1.0126648,-6.864868,-2.3686981
1572434826795,2.705368,-4.4467316,-2.7062836
1572434826796,2.705368,-2.2727966,0.36068726
1572434826796,11.820099,0.39434814,-1.5786133
1572434826985,14.738632,-1.9016876,-1.118927
1572434826986,16.25415,-3.2568054,-0.5419159
1572434826986,11.35083,-4.880081,-1.3775024
1572434826986,14.173599,-7.013321,-3.6232605
1572434826986,11.243088,-7.9446564,-1.2362366
1572434826986,9.277451,-8.200836,0.20506287
1572434826986,7.5823517,-7.5448303,-1.0016022
1572434826989,7.108307,-6.2878723,-2.7637482
1572434826989,7.3429413,-3.6398773,-2.3950348
1572434826989,12.349213,-1.8873291,-1.3727112
1572434826989,12.191193,-7.019043E-4,-0.82922363
1572434826989,13.395477,3.6456757,-2.9792175
1572434826989,15.557449,7.0454407,-4.70784
1572434826989,17.348312,8.338303,-5.545807
1572434827194,15.224655,6.545044,-4.559387
1572434827194,9.63179,5.1516266,-4.2768707
1572434827194,6.0428925,4.306473,-3.6304474
1572434827195,6.100342,2.2378845,-1.8587341
1572434827195,2.2384949,-0.53460693,-1.9592896
1572434827195,1.0653381,-3.0078125,-0.158844
1572434827195,1.0653381,-2.021408,-0.6376953
1572434827195,4.783539,2.1516876,-6.431656
1572434827195,8.065979,-3.5680542,-6.6591034
1572434827195,7.168167,-4.267166,-10.226471
1572434827195,9.358856,-0.4532013,-11.835373
1572434827418,13.232666,2.1205597,-2.328003
1572434827418,6.9335327,-1.7700195,1.1148682
1572434827424,9.028458,-2.4092712,-1.901825
1572434827424,11.386749,-3.266388,-3.1444244
1572434827424,11.274216,-3.223297,-6.8338776
1572434827424,12.796921,-4.231247,-6.0198517
1572434827424,13.369141,-5.433136,-1.4541168
1572434827424,12.995651,-3.4339905,4.165085
1572434827424,13.457733,-1.870575,2.0007172
1572434827424,11.2382965,-3.6159363,-2.0167542
1572434827424,8.185699,-5.8497314,-2.9864044
1572434827643,3.828247,-8.131409,-0.747818
1572434827644,4.88649,-5.981415,-0.98724365
1572434827644,6.706085,-6.3573,-1.7749329
1572434827644,6.9119873,-8.3085785,0.8443146
1572434827644,7.125061,-8.382797,1.8426971
1572434827644,8.784241,-5.5384827,0.58813477
1572434827644,11.398712,-4.4898224,-1.7940826
1572434827644,11.645325,-7.0276794,-4.375046
1572434827645,10.232742,-8.988525,-1.470871
1572434827645,6.0596466,-4.662201,-3.7669067
1572434827645,8.901566,-2.5241852,-3.254547
1572434827861,9.852066,-4.3078613,-2.5602264
1572434827862,6.3158264,-6.3429413,-1.2625732
1572434827862,2.420456,-7.705246,0.90657043
1572434827862,2.420456,-10.389145,-4.0901337
1572434827862,3.1554718,-14.58139,-4.487564
1572434827862,3.1554718,-15.345139,-7.5162354
1572434827862,5.4179993,-16.822357,-9.19696
1572434827862,9.298996,-18.651535,-7.3941193
1572434827862,10.970154,-18.625198,-0.91542053
1572434827862,7.884033,-16.084946,-0.26898193
1572434827864,1.6351624,-17.341904,1.5003357
1572434828083,-2.1045837,-15.366684,1.7325745
1572434828083,-6.4907684,-13.590179,-3.5945282
1572434828083,-9.574493,-11.964523,-3.9799957
1572434828083,-8.21698,-10.889526,-0.18518066
1572434828083,-5.473221,-8.926285,1.5434265
1572434828083,-1.2570343,-5.907196,5.493866
1572434828083,-1.2570343,-3.0892181,2.4436493
1572434828084,7.4434967,-1.9591522,-3.7621155
1572434828084,9.026062,-2.0309753,-4.504318
1572434828086,8.235977,-3.5608826,-8.809097
1572434828086,7.1777344,-6.18013,-8.033386
1572434828303,1.9871063,-10.257462,-2.8403625
1572434828304,1.9871063,-7.693268,0.32717896
1572434828304,9.023666,-7.1138763,-0.22589111
1572434828304,9.014084,-6.4626465,-0.31925964
1572434828304,3.0668945,-5.246399,-0.20672607
1572434828304,1.4747467,-4.5927734,0.13563538
1572434828304,0.24412537,-4.769943,2.3071747
1572434828304,1.5250244,-4.978241,-1.6743774
1572434828305,1.5250244,-5.6438293,3.6982117
1572434828306,7.611084,-11.835236,-0.36953735
1572434828306,10.371597,-20.291565,-4.31279
1572434828524,15.358719,-19.97792,-1.4636841
1572434828524,14.594971,-9.237534,-1.0423126
1572434828524,2.317505,-5.5959473,-2.0239258
1572434828524,1.5346069,-5.8138123,-1.9928131
1572434828524,3.100418,-7.468216,-0.48207092
1572434828524,3.100418,-8.3875885,1.1771088
1572434828524,3.1147766,-8.03804,1.5769501
1572434828525,1.2329407,-7.4825745,1.0957184
1572434828526,0.246521,-7.0947113,1.1244507
1572434828526,1.424469,-6.8624725,1.1675415
1572434828526,1.424469,-6.9654236,1.0286713
1572434828746,4.8218384,-6.855301,0.8945923
1572434828746,8.631012,-6.618271,0.40856934
1572434828746,11.408295,-6.457855,-2.2011108
1572434828746,12.662857,-6.678131,-4.5689697
1572434828746,10.225555,-6.6805267,-1.9042206
1572434828746,8.781845,-8.500107,0.19309998
1572434828747,5.9495087,-10.381958,1.0382538
1572434828747,4.5536957,-12.031555,2.5657501
1572434828747,4.7500153,-13.2621765,3.9280548
1572434828747,4.977463,-13.537521,2.7405243
1572434828747,6.1506195,-13.369919,-0.8986511
1572434828969,9.876007,-11.193588,-8.150696
1572434828969,16.263733,-11.705948,-2.976822
1572434828969,14.9852295,-10.437027,-1.5977631
1572434828969,12.5168,-9.613419,-0.14208984
1572434828969,8.341324,-9.467377,1.0382538
1572434828970,3.2129364,-10.700378,2.1850739
1572434828970,3.2129364,-11.322876,-1.707901
1572434828970,5.2336426,-10.719543,-2.7733154
1572434828970,2.978302,-8.993317,-1.8850708
1572434828970,2.978302,-7.473007,0.49476624
1572434828970,3.8378296,-6.623062,2.4173126
1572434829190,4.891281,-6.089157,0.9807892
1572434829190,7.888809,-7.1976624,0.97120667
1572434829190,2.5976257,-6.836151,-1.0087891
1572434829190,2.8442383,-5.2679443,-2.7469788
1572434829191,2.8442383,-4.4970093,-1.3487701
1572434829191,3.7372742,-4.9327545,0.116485596
1572434829191,3.7683868,-6.1059113,1.0957184
1572434829191,3.3302612,-6.7164307,2.225769
1572434829191,2.262436,-6.6757355,2.1922607
1572434829191,0.22257996,-6.251953,0.39660645
1572434829191,-1.0056458,-6.3716736,-0.07505798
1572434829410,-1.0056458,-4.5520782,0.8682709
1572434829410,5.8537445,-12.304504,3.4132996
1572434829410,7.733185,-21.280365,-3.8219757
1572434829412,15.02832,-16.120865,-5.3111725
1572434829412,23.42958,-8.641373,-2.7493744
1572434829412,9.899948,-5.629471,-0.53952026
1572434829412,2.0517578,-5.2966766,0.940094
1572434829412,2.068512,-7.1114807,1.1531677
1572434829412,3.0238037,-9.251892,1.881012
1572434829412,3.0238037,-9.972549,3.0206451
1572434829412,4.489044,-9.371597,2.3406982
1572434829632,5.396454,-8.040421,0.727005
1572434829632,4.7356567,-7.006134,-1.0901947
1572434829633,3.9192352,-6.6158752,-2.4501038
1572434829633,3.5385437,-6.7236176,-1.2937012
1572434829633,3.8785248,-7.0444336,0.29844666
1572434829633,4.989441,-6.9319153,-0.07266235
1572434829633,5.9878235,-6.879242,-0.59698486
1572434829633,6.148224,-7.1737213,-0.8699341
1572434829633,6.160202,-7.5615845,0.087753296
1572434829634,6.0764008,-8.100281,0.9137573
1572434829634,5.9997864,-8.492935,1.7086334
1572434830022,6.040497,-9.00769,2.0509949
1572434830022,6.1266785,-9.606232,1.746933
1572434830022,6.5863647,-10.839249,1.1292267
1572434830022,7.3573,-12.677994,0.6192627
1572434830022,8.3676605,-13.49202,-4.664734
1572434830022,10.572708,-9.797775,-5.2991943
1572434830022,12.143311,-10.791367,-2.5243225
1572434830022,13.735458,-10.717148,-4.760498
1572434830022,12.588638,-10.733902,-3.7740936
1572434830022,6.967041,-11.133743,-2.2370148
1572434830224,5.018173,-11.248657,1.2082367
1572434830225,1.7141724,-11.126556,3.861023
1572434830225,2.863388,-10.063522,3.1427612
1572434830225,2.863388,-8.6054535,2.0126953
1572434830225,4.465103,-7.1665497,1.7062378
1572434830225,6.3565216,-6.6637573,0.5570221
1572434830225,8.9374695,-6.7978363,-0.81007385
1572434830225,10.225555,-8.761078,-1.3846741
1572434830225,4.884094,-9.385971,-1.7797241
1572434830225,3.859375,-7.9207153,-0.5203705
1572434830225,5.444336,-6.8936005,0.6288452
1572434830226,5.7986755,-6.1657715,0.12844849
1572434830226,3.0860443,-5.5456696,-1.221878
1572434830226,1.4843292,-5.330185,-0.9824524
1572434830226,0.50749207,-4.6358795,-0.8052826
1572434830226,-0.27062988,-4.3509674,-0.51797485
1572434830226,-0.08148193,-4.1666107,0.60969543
1572434830226,1.0557556,-4.317444,1.3782349
1572434830226,2.760437,-5.2056885,1.2202148
1572434830226,2.760437,-2.5816498,-1.142868
1572434830447,13.02916,-14.85672,-3.0366821
1572434830448,21.612381,-26.892365,-7.183441
1572434830448,20.724136,-10.640533,-1.7557831
1572434830448,14.173599,-4.571228,0.26731873
1572434830449,1.9488068,-2.9216309,2.1683197
1572434830449,0.8163452,-5.785095,1.5745544
1572434830449,2.3629913,-8.536026,0.19309998
1572434830449,2.3629913,-10.144928,0.940094
1572434830449,4.6398773,-10.724335,2.1324005
1572434830449,5.978241,-9.261475,0.3726654
1572434830449,6.3684998,-6.946274,-1.707901
1572434830671,5.4658813,-5.780304,-2.5410767
1572434830671,4.479477,-6.0316925,-0.97288513
1572434830671,3.6869965,-6.4865875,0.7677002
1572434830671,3.7157135,-6.8744507,0.82995605
1572434830671,5.0037994,-7.3628693,-0.058288574
1572434830671,6.018936,-7.4394836,-0.97288513
1572434830671,6.1985016,-7.259918,-1.3200378
1572434830671,5.9399414,-7.303009,-0.95851135
1572434830671,5.77713,-7.6453857,-0.8842926
1572434830671,5.9925995,-8.361252,0.28167725
1572434830672,5.427582,-8.811356,1.5482178
1572434830936,5.1618195,-9.266266,1.6655273
1572434830936,5.310257,-9.924667,1.4356842
1572434830936,6.1625977,-10.78418,1.2585144
1572434830936,7.8217773,-11.782562,1.2082367
1572434830936,9.739532,-12.141693,-1.494812
1572434830936,11.556732,-11.394699,-5.4332733
1572434830936,10.14415,-11.289352,-2.9864044
1572434830936,10.326111,-9.426666,-0.8747101
1572434830936,9.346878,-7.611862,-1.197937
1572434830937,7.816986,-7.3054047,-2.703888
1572434830937,7.2543488,-8.416321,-1.3296204
1572434831115,6.4786224,-10.482513,-1.5211487
1572434831115,6.0764008,-10.633347,-2.1532135
1572434831115,5.990219,-10.022827,-0.87231445
1572434831115,5.7507935,-10.559128,0.7174225
1572434831115,5.180969,-10.70517,3.0398102
1572434831115,4.910431,-9.907898,4.703781
1572434831115,6.397232,-8.105072,3.9855194
1572434831115,12.1983795,-9.893539,-2.957672
1572434831116,1.9511871,-8.41153,-9.0078125
1572434831116,3.2344818,-5.84494,-2.9624634
1572434831116,3.2344818,-4.5520782,0.061416626
1572434831339,5.310257,-4.164215,0.14761353
1572434831340,6.1985016,-4.7436066,-1.0614624
1572434831340,5.396454,-4.9447174,-1.2649689
1572434831340,2.4180603,-4.971054,-0.32165527
1572434831340,1.2568817,-4.77713,0.6695404
1572434831340,1.3406677,-4.12352,1.5554047
1572434831340,1.9224701,-3.3023071,2.422104
1572434831341,1.716568,-3.180191,0.21704102
1572434831341,2.0804749,-4.7316437,-2.1771545
1572434831341,2.0804749,-3.8769073,-4.1092834
1572434831341,9.80896,-11.413864,-1.9114075
1572434831563,21.894897,-24.768723,-3.6184692
1572434831564,13.876709,-12.328445,-2.7469788
1572434831564,16.814392,-8.042816,-1.4996033
1572434831564,10.776215,-6.5655975,-0.49163818
1572434831564,5.674179,-6.2926636,-0.9680939
1572434831564,4.022171,-7.0707703,-0.5730438
1572434831566,4.0126038,-8.682068,0.5498352
1572434831566,4.903244,-9.986908,1.0406494
1572434831566,4.618332,-9.225555,1.019104
1572434831566,4.0461273,-6.998947,1.5027313
1572434831566,4.218506,-5.1075287,1.3782349
1572434831786,4.9870453,-4.6957245,0.6001129
1572434831786,5.1187286,-5.255966,-1.4900208
1572434831786,5.4634857,-6.3237915,-3.716629
1572434831786,6.1649933,-7.16893,-3.553833
1572434831786,6.5648193,-7.365265,-1.9473114
1572434831788,5.7148743,-7.437088,-3.4796143
1572434831788,4.455536,-6.3405457,-3.2018738
1572434831788,6.469055,-6.709244,-0.75260925
1572434831788,8.501724,-8.998108,1.6415863
1572434831788,9.045212,-10.760239,2.9200897
1572434831788,8.891983,-11.41864,3.2840118
1572434831788,8.384415,-13.695526,1.078949
1572434831988,6.895218,-15.282883,-1.9664764
1572434831988,5.516159,-12.3069,-1.7366333
1572434831988,8.789032,-9.199219,-2.2394104
1572434831989,11.86319,-8.555176,-2.5793915
1572434831989,12.246262,-9.201614,-3.2353973
1572434831989,11.130569,-8.394775,-2.8283844
1572434831989,9.509689,-8.840088,-1.0063934
1572434831989,8.389206,-9.752289,-0.27137756
1572434831989,7.220825,-9.807343,0.013534546
1572434831989,5.528137,-9.000504,0.7988281
1572434832217,2.4228516,-8.524063,1.9719849
1572434832217,2.116394,-8.368439,3.5186462
1572434832217,2.8059235,-8.148163,3.13797
1572434832219,2.8059235,-7.2647095,2.0725403
1572434832219,3.591217,-5.0787964,-0.16363525
1572434832219,7.2974396,-5.5336914,1.8834076
1572434832219,6.8090363,-6.6757355,2.869812
1572434832219,5.9878235,-6.9055786,-1.3248291
1572434832219,8.142593,-7.7363586,-4.525879
1572434832219,7.0149384,-7.4346924,-3.316803
1572434832219,5.3198395,-6.9486694,-1.518753
1572434832439,4.4435577,-7.2287903,0.50434875
1572434832440,2.875351,-7.552017,2.07016
1572434832441,2.3127136,-6.8193817,1.9408722
1572434832441,1.7596588,-6.0436554,1.122055
1572434832441,1.0222473,-5.76593,0.64320374
1572434832441,0.007095337,-5.9574738,0.20028687
1572434832441,-0.25146484,-6.5057373,-0.8771057
1572434832441,0.9001465,-6.6613617,-2.1436462
1572434832442,2.7795868,-6.25914,-3.2425842
1572434832442,2.7795868,-5.6677704,-4.6599426
1572434832442,4.9798584,-5.081192,-8.239273
1572434832667,7.702072,-3.2304688,-9.211319
1572434832669,15.150421,-3.1778107,-2.6775513
1572434832669,22.704132,-6.7116394,-0.5227661
1572434832669,20.08966,-5.481018,-0.24264526
1572434832669,11.774597,-12.364349,1.1747284
1572434832669,8.9614105,-27.043213,-13.118668
1572434832669,4.623123,-14.7322235,-5.337509
1572434832669,1.0653381,-6.67334,-0.7047272
1572434832670,-0.47653198,-5.095566,1.4045715
1572434832670,-0.58425903,-8.832901,3.3941498
1572434832670,-0.58425903,-14.037903,3.4683685
1572434832886,4.2209015,-14.595749,5.1514893
1572434832886,9.787415,-10.446594,6.3749237
1572434832886,10.00769,-6.6876984,6.9662933
1572434832886,6.8090363,-5.8090363,7.145859
1572434832886,3.7947235,-7.152176,3.2121887
1572434832886,3.8402252,-8.878403,-0.6783905
1572434832886,4.5417175,-10.520813,-2.0430908
1572434832886,2.8729553,-11.67482,-7.104431
1572434832887,2.8729553,-10.302948,-7.578476
1572434832887,4.1514587,-8.682068,-4.142807
1572434832888,4.6374817,-6.781082,-2.4141846
1572434833104,5.0109863,-6.393219,-1.5762177
1572434833104,6.9574738,-7.037262,-0.32165527
1572434833104,8.133026,-7.444275,0.6408081
1572434833104,7.9319153,-7.5256805,1.7014465
1572434833104,6.8784637,-8.090698,1.667923
1572434833104,6.1338654,-9.22316,1.4668121
1572434833104,5.79628,-9.563141,1.2202148
1572434833104,5.236038,-9.062744,0.9472656
1572434833104,4.41243,-8.56955,1.2178192
1572434833107,4.5345306,-8.641373,0.46124268
1572434833107,5.523346,-8.715591,-3.4029999
1572434833329,5.0708466,-8.540817,-8.191391
1572434833330,5.746002,-8.184082,-4.348709
1572434833330,7.7906494,-10.33168,-2.5434723
1572434833330,11.774597,-11.00206,-2.1771545
1572434833330,15.863907,-8.440262,-3.237793
1572434833330,16.43132,-7.3844147,-1.8587341
1572434833330,13.531952,-10.262253,1.5003357
1572434833330,8.50412,-13.685959,3.944809
1572434833332,5.1115417,-14.564621,7.0859985
1572434833332,3.6630554,-13.029938,8.599136
1572434833332,4.704529,-8.536026,9.813004
1572434833550,8.528061,-4.5185547,9.28627
1572434833550,13.417023,-3.800293,4.3350677
1572434833550,13.82164,-4.61911,-3.1085052
1572434833550,17.029877,-9.69722,0.24337769
1572434833550,15.918961,-15.067413,3.3534393
1572434833550,11.5303955,-14.880661,-0.65444946
1572434833550,6.19133,-11.076279,-0.24983215
1572434833552,2.8011322,-8.950226,2.1467743
1572434833552,2.5281982,-8.090698,3.5425873
1572434833552,2.1547089,-7.9422607,2.5633545
1572434833552,2.250473,-7.6477814,0.45646667
1572434833552,1.6567078,-7.5424347,-1.68396
1572434833760,2.0397797,-6.649399,-1.9616852
1572434833760,2.0397797,-6.0269012,-2.3375702
1572434833760,3.48349,-6.3237915,-2.545868
1572434833760,4.3645477,-6.326172,-2.253769
1572434833760,4.388489,-5.5696106,-2.0311127
1572434833761,5.022949,-5.160202,-1.5307312
1572434833761,5.267166,-4.7891083,0.9616394
1572434833761,5.7986755,-1.7317047,0.12844849
1572434833761,19.12001,-25.293045,-4.0590057
1572434833761,13.54631,-23.600342,-2.969635
1572434833979,20.745682,-8.7634735,-2.6033325
1572434833979,0.89775085,-3.1658325,-0.14208984
1572434833979,-0.86917114,-0.34066772,1.9097443
1572434833979,-1.2019653,-4.0756226,-1.1524353
1572434833979,1.9248505,-12.18718,-2.4261627
1572434833981,1.9248505,-15.36908,0.38941956
1572434833981,6.208084,-12.469696,3.5306091
1572434833981,8.252731,-8.140991,0.8898163
1572434833981,-0.18922424,-7.085144,-2.3495483
1572434833981,0.002319336,-7.1713257,-2.3423615
1572434833981,2.7341003,-7.868042,-0.14448547
1572434834205,2.7341003,-8.55278,1.8929749
1572434834205,2.7341003,-8.368439,1.6200409
1572434834205,7.9726105,-7.0037384,-0.8459778
1572434834205,8.154572,-5.8880463,-3.388626
1572434834207,7.484192,-5.725235,-2.9385223
1572434834207,7.6278534,-7.5543976,-0.8148651
1572434834207,6.8329773,-9.508072,0.82276917
1572434834207,5.9758453,-10.654892,1.2178192
1572434834207,5.5448914,-11.291748,2.446045
1572434834207,5.7795258,-12.182404,2.8961487
1572434834207,6.342163,-14.040298,0.52349854
1572434834426,9.219986,-14.425766,-7.8729706
1572434834426,14.243027,-11.820877,-4.537842
1572434834426,15.703491,-9.237534,-2.387848
1572434834428,13.450546,-8.380402,-2.4213715
1572434834428,8.939865,-8.581512,-0.90104675
1572434834428,6.176956,-9.424271,1.533844
1572434834428,5.358139,-10.3723755,3.1906433
1572434834428,4.271179,-10.523209,3.05896
1572434834428,4.424408,-8.571945,-0.7765503
1572434834428,2.8322601,-9.608627,-3.2401886
1572434834428,0.102874756,-9.168091,-2.478836
1572434834647,0.102874756,-6.6446075,-1.7893066
1572434834647,3.670227,-7.9255066,-0.40785217
1572434834649,1.5106659,-8.140991,3.0062866
1572434834649,2.875351,-6.6278534,0.95684814
1572434834650,2.875351,-5.7036896,-0.76698303
1572434834650,4.4220123,-5.471451,-0.56585693
1572434834650,5.365326,-5.835373,-0.22589111
1572434834650,5.3844757,-5.8736725,0.018325806
1572434834650,3.1770325,-5.471451,0.8036194
1572434834650,0.677475,-5.5289154,1.3925934
1572434834650,-0.5387726,-6.194504,1.157959
1572434834873,2.8226776,-5.8856506,-1.1668091
1572434834876,2.8226776,-8.248718,4.090866
1572434834876,10.230347,-20.564499,-1.063858
1572434834876,15.744186,-19.757645,-6.795578
1572434834876,25.809418,-9.405121,-3.9512634
1572434834876,2.9280243,-4.5927734,-0.8483734
1572434834876,0.031051636,-3.2089233,0.8922119
1572434834876,-0.11500549,-3.6039734,1.8307343
1572434834876,1.6327667,-6.0316925,1.3279572
1572434834876,3.1722412,-9.623001,1.5194855
1572434834876,3.1722412,-11.052338,3.2121887
1572434835091,4.6566467,-8.890366,2.8123627
1572434835092,5.346176,-6.783478,0.7772827
1572434835092,4.108368,-6.2136536,-1.2649689
1572434835092,3.8090973,-7.1138763,-2.162796
1572434835092,4.9128265,-8.401947,-0.8244324
1572434835092,6.179352,-9.002899,0.044662476
1572434835092,6.179352,-8.840088,0.20506287
1572434835092,6.179352,-8.562363,-0.015197754
1572434835092,4.6039734,-7.64299,-0.984848
1572434835092,4.9559174,-7.382019,-0.34320068
1572434835094,5.7747345,-8.167313,1.2896423
1572434835320,5.904022,-9.903122,2.1347961
1572434835321,6.2846985,-11.243866,-0.19715881
1572434835321,7.5033417,-11.140915,-0.83880615
1572434835321,8.073166,-10.676437,0.26252747
1572434835321,8.365265,-11.236679,-0.1253357
1572434835321,9.679672,-10.958954,-2.557846
1572434835321,12.974106,-11.619766,-0.91781616
1572434835321,15.270142,-12.314072,0.513916
1572434835321,15.906998,-9.579895,-1.6001587
1572434835323,12.562302,-7.4322968,-1.0183716
1572434835323,8.6405945,-6.623062,-0.9202118
1572434835323,6.9167633,-6.781082,-0.6496582
1572434835525,5.5137634,-8.722778,-0.8364105
1572434835525,5.590378,-11.940582,0.45646667
1572434835526,2.5593262,-12.115356,1.928894
1572434835526,-0.46455383,-10.958954,0.62405396
1572434835526,-0.3209076,-8.8424835,-4.128433
1572434835526,0.86901855,-7.1904907,0.37745667
1572434835526,1.4603882,-6.785858,2.2521057
1572434835528,2.954361,-6.2926636,1.1196594
1572434835528,2.954361,-6.6685486,-0.80288696
1572434835528,4.594391,-7.6956635,-1.5594635
1572434835743,5.614319,-7.982971,-1.3248291
1572434835743,6.5289154,-8.251114,0.116485596
1572434835743,6.5289154,-7.9326935,1.588913
1572434835743,2.317505,-7.310196,2.118042
1572434835743,-0.15570068,-6.563202,1.4572296
1572434835743,-2.1740112,-6.5464478,1.134018
1572434835743,0.70381165,-4.3605347,-4.142807
1572434835746,0.70381165,-7.0348663,4.454773
1572434835746,10.560745,-20.660263,-5.0238647
1572434835746,20.489502,-20.004257,-4.8921814
1572434835746,20.846237,-7.499344,-3.771698
1572434835965,2.6119995,-4.183365,-0.96569824
1572434835966,0.7301483,-5.2846985,1.612854
1572434835966,1.017456,-8.796997,2.2784424
1572434835966,2.3270874,-10.398712,2.7884064
1572434835966,3.1315308,-9.000504,3.8753815
1572434835966,2.4563751,-6.1466064,4.1842346
1572434835967,2.1666718,-4.135483,3.2145844
1572434835967,2.1666718,-3.1778107,0.51631165
1572434835967,3.804306,-3.1011963,-5.093292
1572434835967,6.9598694,-5.416382,-4.980774
1572434835967,6.9454956,-8.366043,-1.60495
1572434836188,6.773117,-10.2933655,-0.27616882
1572434836188,7.0436554,-11.461746,0.7341919
1572434836188,9.009308,-10.465759,1.5482178
1572434836188,9.586304,-8.528839,0.92092896
1572434836188,8.166534,-7.9135284,1.3782349
1572434836190,7.749954,-9.132187,1.8642578
1572434836190,8.324554,-12.211121,1.315979
1572434836190,9.787415,-15.009949,-2.5003815
1572434836190,10.280624,-14.310837,-5.004715
1572434836190,12.011627,-10.44899,-1.7102966
1572434836190,10.960571,-8.500107,-0.56825256
1572434836411,9.303787,-7.848892,-0.5802307
1572434836411,8.781845,-8.148163,0.30323792
1572434836411,7.51532,-8.988525,-1.7893066
1572434836411,8.204849,-11.849609,-3.2186432
1572434836413,2.092453,-14.040298,-1.257782
1572434836413,0.3039856,-12.962906,1.0071259
1572434836413,0.13638306,-11.368362,2.9584045
1572434836413,0.13638306,-8.682068,0.7054596
1572434836413,2.202591,-6.864868,3.0302277
1572434836413,-0.7039795,-6.8337555,-0.4437561
1572434836413,0.9001465,-5.5384827,-3.206665
1572434836633,0.9001465,-5.4977875,-1.6312866
1572434836634,3.4308167,-7.3245544,-0.4653015
1572434836634,5.614319,-8.92868,-0.7167053
1572434836636,8.805801,-6.1585846,-0.3455963
1572434836636,10.1345825,-4.3629303,0.6264496
1572434836636,0.33988953,-3.8840942,0.7653198
1572434836636,-3.5746307,-4.2958984,-0.21151733
1572434836636,-3.8427734,-4.6789703,-1.6432495
1572434836636,-3.8427734,-7.4107513,2.3957672
1572434836636,4.029358,-17.832718,2.5130768
1572434836636,8.393997,-21.787933,-0.8435974
1572434836858,18.660324,-10.03241,-2.51474
1572434836858,13.737854,-4.8896637,-2.9026031
1572434836859,1.6662903,-4.3629303,-1.7414093
1572434836859,1.7117767,-5.8617096,0.068603516
1572434836859,1.6495209,-9.424271,2.1802826
1572434836859,2.9136658,-11.102615,3.4539948
1572434836859,2.9136658,-9.948608,3.3510437
1572434836859,4.3717346,-8.5504,3.0972595
1572434836859,3.907257,-7.9566345,2.0653687
1572434836859,3.5624847,-7.74115,2.5466003
1572434836859,4.6925507,-7.7028503,1.3231659
1572434837079,6.038101,-7.547226,-1.2146912
1572434837081,6.1578064,-7.219223,-3.3024292
1572434837081,5.444336,-6.8505096,-2.9504852
1572434837081,5.0899963,-6.714035,-1.281723
1572434837081,6.11232,-7.5927124,0.17634583
1572434837081,7.2495575,-9.290207,1.3614655
1572434837081,8.60228,-10.56871,0.21464539
1572434837081,9.852066,-10.781784,-1.5570679
1572434837081,8.805801,-9.740311,-0.8938751
1572434837081,8.08992,-9.639755,0.13084412
1572434837081,7.769104,-11.631729,-0.44854736
1572434837082,8.461029,-12.397873,-1.9401398
1572434837281,9.899948,-13.3172455,-3.1132965
1572434837281,11.669266,-13.681168,-1.6217041
1572434837281,9.595886,-11.33963,-1.2386322
1572434837281,7.4219513,-10.614197,-0.3743286
1572434837281,6.337372,-12.117752,2.4987183
1572434837281,4.7117157,-13.164017,2.5753326
1572434837281,3.6965637,-10.085083,1.0334625
1572434837281,6.0787964,-6.785858,-1.3008881
1572434837281,6.5863647,-6.9917603,-7.264847
1572434837283,2.3629913,-7.0755615,-3.7070618
1572434837507,2.3629913,-6.3596954,0.8323517
1572434837507,4.7476196,-5.8856506,2.32872
1572434837507,6.5025787,-5.3756866,1.849884
1572434837507,2.5856628,-5.6797485,-1.0279388
1572434837507,2.3486328,-5.8497314,-2.8762665
1572434837507,3.2871552,-5.4259644,-0.9321747
1572434837507,3.0405579,-5.4738464,1.2082367
1572434837507,1.800354,-6.2806854,0.99754333
1572434837507,0.37101746,-6.8433228,-0.043930054
1572434837510,-0.58187866,-6.6517944,0.52589417
1572434837510,0.6870575,-6.084366,1.3207703
1572434837729,2.171463,-6.1753387,0.2529602
1572434837729,2.171463,-6.297455,1.2585144
1572434837729,5.3054657,-3.283142,-1.786911
1572434837729,19.493515,-17.672302,-2.1915283
1572434837729,21.990662,-19.889328,-6.8338776
1572434837729,27.403946,-10.159302,-2.2633514
1572434837729,13.019592,-5.876068,1.9791718
1572434837729,1.6303711,-4.6717834,4.7923584
1572434837730,1.4843292,-6.017334,3.3845673
1572434837730,2.4228516,-7.3245544,1.9073486
1572434837730,2.511444,-8.995712,1.4404755
1572434837952,2.116394,-10.434631,2.845871
1572434837952,2.116394,-9.814529,3.003891
1572434837952,3.452362,-7.101898,-0.80288696
1572434837952,4.9535217,-4.9686737,-5.1842804
1572434837952,5.286316,-4.530533,-3.1563873
1572434837952,5.1139374,-5.153015,-0.091812134
1572434837952,5.4419403,-6.046051,0.72940063
1572434837953,6.4187775,-6.5225067,-0.32165527
1572434837953,6.4977875,-6.9917603,-1.5594635
1572434837953,5.061264,-7.2335815,-2.5003815
1572434837953,4.867325,-7.5496216,-0.87950134
1572434838177,6.1458282,-9.096268,1.1148682
1572434838177,6.5887604,-10.065918,1.8546753
1572434838177,6.967041,-10.147324,1.6535645
1572434838177,6.6677704,-9.733124,1.0550079
1572434838177,5.858536,-10.367584,0.6192627
1572434838177,4.673401,-11.447372,1.3016205
1572434838179,5.054077,-13.463287,1.7684784
1572434838179,6.732422,-15.323593,0.085357666
1572434838179,8.930298,-13.903824,-0.9633026
1572434838179,10.156128,-9.409912,-1.8012695
1572434838179,10.043594,-8.078735,-1.0016022
1572434838397,9.7634735,-9.290207,-2.6440277
1572434838397,7.4674377,-11.167252,-3.5945282
1572434838397,4.836212,-11.41864,-0.7933197
1572434838397,6.8856506,-10.386749,3.513855
1572434838397,6.820999,-9.218369,2.711792
1572434838399,5.587982,-7.9757843,1.236969
1572434838399,3.0166168,-8.208023,0.8730469
1572434838399,3.0309753,-7.473007,2.1252136
1572434838399,3.263214,-6.690094,3.0445862
1572434838399,2.9495697,-6.3908234,2.7836304
1572434838399,2.9495697,-6.2878723,1.6511688
1572434838617,3.8019104,-6.599121,0.8826294
1572434838617,5.9136047,-7.3245544,1.1938782
1572434838617,4.7428284,-7.607071,0.99516296
1572434838617,4.872116,-7.722,0.7126465
1572434838618,4.6710052,-7.350891,1.5673676
1572434838618,4.7787476,-7.4227295,2.5370178
1572434838618,5.971054,-8.653336,1.6296234
1572434838618,7.3429413,-10.092255,0.19789124
1572434838618,5.4778595,-9.019653,-2.4477081
1572434838618,4.8745117,-7.717209,-2.0167542
1572434838618,4.5417175,-7.279068,0.48757935
1572434838837,3.9288025,-7.188095,1.3854065
1572434838837,3.2368774,-7.1665497,-0.24743652
1572434838837,2.8011322,-7.255127,-2.241806
1572434838839,2.0493622,-7.2263947,-2.1125183
1572434838839,0.2967987,-6.769104,-2.1987152
1572434838839,-0.28738403,-5.7036896,-3.0342865
1572434838839,0.5673523,-5.5145416,-3.043869
1572434838839,0.5673523,-6.3357544,-3.364685
1572434838839,3.5648804,-5.986206,-3.8315582
1572434838839,11.707565,-4.9207764,-2.011963
1572434838839,21.741669,-6.776291,2.1132507
1572434839060,19.828705,-12.658844,2.1371918
1572434839060,16.697083,-23.559647,-14.536026
1572434839062,11.33168,-17.547806,-6.3909607
1572434839062,6.2775116,-8.796997,2.201828
1572434839062,0.8091583,-4.693329,4.651108
1572434839062,0.004714966,-3.39328,5.2783813
1572434839062,2.0254211,-4.2336426,3.8729858
1572434839062,2.0254211,-8.816147,1.9767761
1572434839062,4.2376556,-13.647644,3.489914
1572434839062,5.6645966,-13.240631,6.7484283
1572434839062,2.8250732,-10.137741,7.030945
1572434839283,3.1339264,-8.224777,5.692581
1572434839284,2.8035278,-8.650955,2.7501068
1572434839284,2.7388916,-9.6445465,2.687851
1572434839284,3.270401,-10.908676,1.6655273
1572434839284,3.270401,-10.879944,-24.577316
1572434839284,3.99823,-8.200836,-8.591232
1572434839284,5.803467,-8.172104,0.61686707
1572434839284,5.9399414,-7.8225555,3.0422058
1572434839284,7.2256165,-7.314987,3.331894
1572434839284,8.338928,-7.214432,1.4404755
1572434839284,7.737976,-7.468216,-0.9273834
1572434839507,5.9925995,-7.9255066,-0.35995483
1572434839507,4.4938354,-8.816147,1.6391907
1572434839507,4.218506,-9.75946,2.888977
1572434839507,3.8450012,-9.895935,1.3423157
1572434839507,3.586441,-9.340485,-0.26419067
1572434839507,3.756424,-8.260696,-1.233841
1572434839507,5.6358643,-7.223999,-1.8060608
1572434839507,6.718048,-7.2216034,-0.88668823
1572434839508,7.125061,-6.9845886,-0.30010986
1572434839508,7.951065,-6.5775757,-0.5586853
1572434839509,8.384415,-7.1785126,-1.0111847
1572434839509,8.884796,-8.452225,-2.0239258
1572434839707,9.785019,-8.696442,-6.4029236
1572434839707,8.990143,-9.692429,-4.1404114
1572434839707,7.836136,-12.110565,-0.8842926
1572434839707,11.544754,-12.575043,0.051834106
1572434839707,13.230286,-13.070648,1.4644165
1572434839707,10.994095,-13.815247,4.007065
1572434839707,10.620605,-15.136841,7.4762573
1572434839708,9.600662,-16.04425,10.866455
1572434839709,7.8816376,-12.598984,10.988556
1572434839709,7.666153,-8.895157,7.8401794
1572434839931,8.580734,-7.8105774,3.2026062
1572434839932,8.259918,-7.97818,-5.7253723
1572434839932,8.492157,-9.761856,-4.4253235
1572434839932,7.7643127,-11.303726,-2.229828
1572434839932,6.5217285,-10.446594,1.6487732
1572434839932,5.851349,-9.14415,5.0533295
1572434839932,2.6215668,-8.148163,5.0174103
1572434839932,1.3741913,-7.2647095,-0.7143097
1572434839933,1.9128876,-7.6477814,-2.138855
1572434839933,1.9128876,-8.617432,-0.316864
1572434839933,3.3422241,-7.856079,-1.0111847
1572434840156,4.9870453,-6.9797974,-0.8076782
1572434840156,5.133087,-6.5249023,-0.6592407
1572434840156,2.8107147,-5.4786377,-1.0973816
1572434840156,1.8099365,-4.3389893,-0.99920654
1572434840156,1.8530273,-3.6494598,-1.2098999
1572434840156,3.1722412,-3.4291992,-1.4062347
1572434840156,3.1722412,-4.358139,-1.6025543
1572434840157,4.6710052,-4.5520782,-4.0111237
1572434840157,8.305405,-7.911133,3.513855
1572434840157,20.444016,-28.934631,-3.1563873
1572434840157,21.492676,-17.973969,-3.874649
1572434840378,15.684341,-7.2958374,0.3918152
1572434840378,1.7237396,-4.394058,3.427658
1572434840378,-0.89071655,-5.8497314,2.790802
1572434840378,0.6511383,-9.69722,-1.8539429
1572434840378,0.6511383,-9.840866,-2.5722046
1572434840378,5.5065765,-8.634186,0.91615295
1572434840380,1.6950073,-8.0117035,0.7150421
1572434840380,-0.052749634,-7.5184937,-1.391861
1572434840380,-0.124572754,-7.2838593,-2.0574493
1572434840380,0.93844604,-7.3365326,-0.07745361
1572434840380,3.1530762,-7.6477814,1.8546753
1572434840601,3.1530762,-7.765091,1.9360809
1572434840601,6.1075287,-7.803406,0.34153748
1572434840601,8.453842,-7.6094666,-1.2194824
1572434840601,8.453842,-6.83136,-2.6440277
1572434840601,9.516876,-6.7403717,-2.7230377
1572434840603,8.853683,-7.674118,-1.1716003
1572434840603,7.302231,-8.31337,-0.07026672
1572434840603,5.7268524,-8.895157,1.2992249
1572434840603,4.661438,-9.816925,1.960022
1572434840603,4.297516,-11.509628,2.5825195
1572434840603,4.714096,-12.986847,2.6567383
1572434840820,5.427582,-13.896652,0.8108063
1572434840821,6.088379,-13.094589,-5.3973694
1572434840821,9.109863,-10.161697,-3.5131226
1572434840821,12.447372,-9.620605,-0.7286682
1572434840822,13.855164,-8.004517,-2.4812317
1572434840822,13.637299,-8.179291,-3.0390778
1572434840822,10.721161,-8.330124,-0.6209259
1572434840822,8.331741,-9.309357,0.78926086
1572434840822,4.8266296,-9.491318,0.39900208
1572434840822,5.7268524,-9.5655365,-3.268921
1572434840822,8.860855,-11.291748,-2.3686981
1572434841045,1.2688446,-10.597427,0.8132019
1572434841045,0.93125916,-9.570328,2.5825195
1572434841045,0.93125916,-8.169708,2.1611328
1572434841046,3.811493,-6.9797974,0.25534058
1572434841046,7.465042,-8.112259,0.27450562
1572434841046,2.8011322,-7.4634247,-1.3248291
1572434841046,2.8011322,-5.713257,-2.1580048
1572434841047,3.5385437,-5.074005,-1.4541168
1572434841047,4.2855377,-5.088379,-0.92977905
1572434841047,5.0277405,-5.6653748,-1.0734406
1572434841047,5.0876007,-6.4506836,-0.7789459
1572434841267,2.6359406,-6.3764496,-0.113357544
1572434841267,0.6032562,-5.835373,1.1196594
1572434841269,-1.1564789,-5.5408783,0.5067444
1572434841269,-1.2450714,-5.741989,-0.19715881
1572434841269,-1.2450714,-3.2017517,1.1124725
1572434841269,8.738754,-15.273315,4.751663
1572434841269,11.379562,-27.672882,-3.4939728
1572434841269,24.566818,-13.0203705,-5.3662415
1572434841269,19.445633,-6.1059113,-2.4333344
1572434841269,0.33511353,-3.6997375,-0.0032196045
1572434841269,-0.11740112,-4.020569,0.9520569
1572434841493,2.1930084,-7.6717224,0.24337769
1572434841494,2.1930084,-11.667648,1.715805
1572434841494,4.1825867,-10.578278,3.6335602
1572434841494,5.2336426,-7.714813,2.8746033
1572434841494,4.855362,-6.2256165,0.9736023
1572434841494,3.5385437,-5.7036896,0.035079956
1572434841494,3.4499664,-6.156189,-0.5419159
1572434841494,4.9678955,-7.243164,0.2242279
1572434841494,6.9167633,-7.607071,0.48997498
1572434841494,7.57518,-7.262314,-0.48686218
1572434841494,7.378845,-6.824173,-1.767746
1572434841496,6.574402,-6.7786865,-1.2027283
1572434841712,5.8489532,-7.982971,-0.8124695
1572434841712,4.982254,-8.844879,0.31759644
1572434841712,4.4579163,-9.594269,1.6703186
1572434841713,3.9766846,-10.618988,2.062973
1572434841713,3.4332123,-11.543152,1.8881989
1572434841713,3.6007996,-11.291748,1.1938782
1572434841713,4.41243,-9.438644,-0.2881317
1572434841713,4.8194427,-9.005295,0.080566406
1572434841713,6.018936,-9.718765,1.3614655
1572434841714,8.513702,-9.939026,1.0382538
1572434841714,11.456177,-12.500824,-0.6137543
1572434841939,14.7099,-13.544693,-1.1931458
1572434841939,16.682724,-11.387527,-1.2386322
1572434841939,13.682785,-9.577499,-0.8459778
1572434841939,9.140976,-8.837692,-1.4996033
1572434841939,6.8114166,-8.86882,-1.9521027
1572434841939,4.6686096,-9.182465,-4.2194214
1572434841939,4.9080353,-10.439423,-3.1875153
1572434841939,5.650238,-10.834457,0.4923706
1572434841941,4.776352,-9.208801,2.9679718
1572434841941,5.200119,-6.670944,1.0909271
1572434841941,9.260696,-7.7818604,0.15000916
1572434842158,0.9336548,-7.6166534,-1.0686493
1572434842158,0.6679077,-6.570389,-0.6759949
1572434842159,2.5305939,-4.9160004,-0.008010864
1572434842159,2.5305939,-3.9654999,0.5570221
1572434842159,4.5728455,-4.1498566,0.5761719
1572434842159,5.3294067,-4.858536,-0.039138794
1572434842159,4.6398773,-5.179352,-0.113357544
1572434842160,2.0780792,-5.0764008,0.7413635
1572434842160,0.88098145,-4.863327,0.9831848
1572434842160,0.6080475,-4.554474,0.3152008
1572434842160,0.6080475,-4.104355,-0.7143097
1572434842380,3.3829193,-5.4115906,0.88023376
1572434842380,12.267807,-22.78392,3.3702087
1572434842380,6.167389,-23.406418,-4.870636
1572434842381,21.892502,-12.610962,-7.1666718
1572434842381,15.516739,-7.24794,-1.4493256
1572434842381,2.6048126,-4.4036407,1.7253876
1572434842382,2.4156647,-6.23999,1.5386353
1572434842382,2.3199005,-9.994095,0.38224792
1572434842382,2.3199005,-9.670883,1.5027313
1572434842382,3.3829193,-8.624619,2.493927
1572434842382,4.8457794,-8.172104,1.904953
1572434842606,5.109146,-7.5855255,1.4476624
1572434842606,4.31427,-7.159363,1.7397461
1572434842606,4.25441,-6.8385315,0.9257202
1572434842606,5.4156036,-6.8265686,-0.35038757
1572434842606,6.330185,-6.9726105,-1.2721558
1572434842608,6.92395,-7.080353,-1.8778839
1572434842608,6.631851,-7.077957,-1.3942566
1572434842608,5.6286926,-7.188095,-0.5706482
1572434842608,4.70932,-7.590317,-0.75260925
1572434842608,4.0509033,-7.259918,-0.59458923
1572434842608,5.2647705,-7.5376434,0.55462646
1572434842823,6.5097504,-8.653336,1.2896423
1572434842824,6.689316,-9.735519,1.9097443
1572434842824,6.2846985,-10.298157,2.1036682
1572434842824,5.923172,-10.525604,2.7692566
1572434842824,6.495392,-11.725098,2.5609589
1572434842824,7.1537933,-11.935791,-1.9616852
1572434842825,7.6565704,-11.770599,-5.387787
1572434842825,11.221542,-13.065857,-1.0854034
1572434842825,11.939804,-10.74588,-0.4150238
1572434842825,11.511246,-9.309357,-0.1803894
1572434842825,9.320541,-9.108246,-0.39587402
1572434843047,7.994156,-10.884735,0.3846283
1572434843047,2.329483,-12.733063,2.007904
1572434843047,2.329483,-11.535965,0.6503906
1572434843048,4.0461273,-8.5504,-1.4469299
1572434843048,7.532074,-7.262314,-3.2449799
1572434843048,9.562363,-8.437866,-1.7246552
1572434843048,6.9335327,-8.619827,1.2752838
1572434843048,6.0764008,-7.8105774,2.8291168
1572434843048,6.3397675,-7.0396576,1.2848511
1572434843048,2.6383362,-5.7539673,-1.7055054
1572434843048,2.0469666,-4.923172,-1.9592896
1572434843270,2.2768097,-4.564041,-0.1181488
1572434843271,2.547348,-4.566437,1.122055
1572434843272,2.2097626,-5.196121,1.1531677
1572434843272,1.3717957,-6.4817963,0.77249146
1572434843272,1.321518,-7.444275,0.47322083
1572434843272,1.7381134,-8.224777,2.8291168
1572434843272,1.7381134,-6.0245056,-5.265686
1572434843272,5.1067505,-7.6405945,1.1124725
1572434843272,9.8975525,-18.47197,1.9264984
1572434843272,9.421097,-17.70343,-1.9640808
1572434843272,15.926147,-8.866425,-1.4253845
1572434843493,2.6143951,-5.179352,-0.008010864
1572434843493,2.0565338,-5.306244,-8.392334E-4
1572434843493,2.59523,-8.449829,-0.19476318
1572434843493,2.59523,-12.316467,1.6272278
1572434843493,4.113159,-12.74025,2.5346222
1572434843493,5.4778595,-10.164078,2.4723816
1572434843493,5.942322,-7.8393097,1.3063965
1572434843493,4.8936615,-6.6613617,0.37026978
1572434843493,3.9527435,-6.3357544,-0.4365692
1572434843493,3.397293,-6.6134796,-0.5012207
1572434843493,3.9288025,-6.757141,0.5282898
1572434843494,5.6885376,-6.591934,0.5426483
1572434843695,6.504959,-5.8545227,-0.90823364
1572434843696,6.3397675,-5.354126,-2.1125183
1572434843696,6.0476685,-6.0723877,-1.6336823
1572434843696,5.772339,-7.3628693,-1.1141357
1572434843696,6.9095917,-9.038803,0.013534546
1572434843696,6.3086395,-10.123383,1.2465515
1572434843696,5.219284,-10.697998,2.7357483
1572434843696,4.8816986,-11.102615,3.9711456
1572434843696,4.934372,-11.67482,3.7125702
1572434843696,5.1139374,-12.989243,0.82037354
1572434843918,6.629471,-11.902267,-5.3111725
1572434843918,9.516876,-12.766586,-2.3471527
1572434843918,11.650101,-13.487244,-1.1452637
1572434843918,13.194366,-11.43541,-2.289688
1572434843918,8.765091,-9.630173,-0.12773132
1572434843918,6.9407043,-9.68045,1.3542938
1572434843918,5.0421143,-10.963745,2.189865
1572434843918,3.7085419,-11.488083,2.8171387
1572434843918,3.8545837,-9.448212,0.58813477
1572434843918,7.5344696,-6.824173,-3.8483124
1572434843918,9.346878,-7.334137,-5.6631165
1572434844142,1.8482361,-7.9326935,-2.3686981
1572434844142,1.6303711,-8.102676,1.7613068
1572434844142,3.0501251,-7.6789093,2.40773
1572434844142,3.0501251,-6.8624725,0.81559753
1572434844142,4.249634,-6.7164307,-1.3439789
1572434844142,4.1299133,-6.8457184,-1.178772
1572434844142,4.2448425,-7.104294,-0.30010986
1572434844142,4.7739563,-7.7196045,0.1787262
1572434844142,3.0980225,-8.224777,0.40379333
1572434844142,1.9272461,-7.159363,0.6575775
1572434844142,0.9983063,-5.603134,0.9329071
1572434844367,0.038223267,-4.4898224,2.1802826
1572434844367,0.15075684,-3.9726715,2.707016
1572434844367,1.2281494,-1.6981812,-2.586563
1572434844367,1.2281494,-2.5696716,0.7246094
1572434844367,12.897491,-24.091156,-3.8100128
1572434844367,15.926147,-26.016098,-6.52742
1572434844367,22.491058,-11.440201,-4.5641785
1572434844368,1.60643,-6.350128,0.9113617
1572434844368,1.1228027,-4.3078613,4.624771
1572434844368,1.1228027,-5.3637085,2.9081268
1572434844368,4.2089233,-8.052399,2.3789978
1572434844586,5.825012,-9.22316,3.011078
1572434844586,7.5009613,-8.634186,6.3773193
1572434844586,8.733963,-6.4698334,2.323944
1572434844586,8.561584,-6.2088623,-5.2130127
1572434844586,2.0325928,-5.950287,-6.9128876
1572434844586,2.3270874,-6.1178894,-2.4572754
1572434844586,1.4292603,-7.970993,-0.90104675
1572434844586,2.0182343,-8.193649,-0.74542236
1572434844586,2.997467,-7.947052,-0.15644836
1572434844586,2.997467,-7.939865,0.4708252
1572434844587,4.321457,-8.820938,1.3207703
1572434844809,5.4634857,-9.541595,1.098114
1572434844809,7.4746246,-9.4075165,1.5434265
1572434844809,8.355682,-8.145767,1.6727142
1572434844809,7.448288,-7.453842,1.7182007
1572434844809,6.481018,-7.772278,1.9911499
1572434844809,5.6239014,-8.820938,1.8522797
1572434844810,5.214493,-11.370758,0.14282227
1572434844810,5.001404,-14.289291,-3.4772186
1572434844810,6.021332,-15.21106,-3.2593384
1572434844810,7.7786865,-14.136063,-3.3191986
1572434844810,9.263092,-10.070709,-1.3008881
1572434845032,9.749115,-11.895096,-0.5514984
1572434845032,10.91748,-13.575821,-3.558609
1572434845032,7.544052,-12.515198,-0.826828
1572434845032,4.7188873,-11.581451,2.3574524
1572434845034,3.1554718,-9.77623,3.9902954
1572434845034,3.1554718,-7.144989,3.568924
1572434845034,4.388489,-5.385254,2.7620697
1572434845034,6.9957733,-4.614319,3.2026062
1572434845034,8.990143,-4.2408295,0.65997314
1572434845034,11.281403,-5.2727356,-2.7781067
1572434845035,8.925507,-5.6797485,-1.1763916
1572434845255,4.970276,-6.1825256,1.5601807
1572434845255,3.2201233,-6.939087,2.517868
1572434845255,3.2201233,-6.2016754,2.288025
1572434845256,3.8162842,-5.6965027,1.2680969
1572434845256,4.2951202,-6.532074,1.0597992
1572434845256,4.7955017,-7.5304565,1.7445374
1572434845256,4.4986267,-7.970993,0.099731445
1572434845256,3.9048615,-7.317383,-1.5235443
1572434845256,2.688614,-6.3573,-0.108566284
1572434845257,2.09964,-6.1035156,1.4668121
1572434845257,1.7812042,-6.567993,1.3231659
1572434845478,1.9200745,-6.943878,0.094940186
1572434845478,2.3989105,-6.5967255,-0.8555603
1572434845479,2.899292,-5.967041,-1.5115662
1572434845479,2.899292,-5.4235687,-2.9935913
1572434845479,3.8761292,-4.4634857,-6.328705
1572434845479,7.307022,-2.0980225,-2.6823425
1572434845479,13.991638,-2.8234558,3.9855194
1572434845479,14.65004,-12.491241,2.2162018
1572434845479,17.891785,-25.31459,-1.5091858
1572434845479,17.590118,-17.519073,-6.7429047
1572434845479,1.7381134,-7.0204926,-1.4086151
1572434845479,-1.5084229,-4.3677216,0.6767273
1572434845683,-2.1189423,-8.593491,1.1483917
1572434845683,2.2600403,-12.493637,-0.106170654
1572434845683,2.2600403,-14.069031,0.97839355
1572434845683,7.460251,-11.725098,3.8921356
1572434845683,7.3285675,-8.464203,6.288742
1572434845683,2.1618805,-6.5009613,7.380493
1572434845683,2.9280243,-6.728409,4.090866
1572434845683,2.9280243,-7.875229,1.5003357
1572434845683,3.883316,-9.364426,-0.32165527
1572434845683,4.1730194,-9.508072,-0.42939758
1572434845904,4.9607086,-8.706009,1.7828522
1572434845905,2.69339,-8.892761,-2.1173096
1572434845905,3.1387177,-8.555176,-4.827545
1572434845905,3.1387177,-7.8632507,-1.9114075
1572434845905,5.4874268,-8.5216675,-0.4102478
1572434845905,5.4874268,-8.739532,0.5641937
1572434845905,6.6677704,-7.860855,1.9169312
1572434845905,6.84494,-7.556793,1.9312897
1572434845905,6.974228,-8.64856,1.8426971
1572434845905,6.8186035,-9.7043915,1.3830109
1572434845909,2.8825378,-9.773834,-0.5586853
1572434846125,1.7285309,-10.159302,-3.0845642
1572434846125,1.7285309,-10.106628,-3.6256561
1572434846125,4.5417175,-9.366821,-1.8994293
1572434846125,7.5895386,-7.836914,-1.0758209
1572434846125,8.113876,-8.586304,-0.6999359
1572434846125,8.231186,-10.604614,-1.0518799
1572434846125,11.058731,-9.445831,-0.92259216
1572434846125,10.876785,-7.499344,-1.0207672
1572434846126,13.012405,-7.9757843,-0.687973
1572434846126,10.366806,-9.390762,1.2633057
1572434846126,6.713257,-11.219925,3.2361298
1572434846350,4.1035767,-12.598984,5.831436
1572434846350,3.4308167,-12.670807,6.070862
1572434846350,4.163437,-9.448212,4.0214233
1572434846350,6.1314697,-5.8928223,3.1595154
1572434846350,8.410751,-3.0700684,-0.0032196045
1572434846350,14.628494,-6.393219,2.0294495
1572434846350,12.591034,-10.29097,1.0861359
1572434846350,12.08345,-12.950928,-1.0423126
1572434846351,6.7276306,-12.206345,2.3263397
1572434846351,5.231247,-10.66687,5.3861237
1572434846351,1.7333221,-9.259079,4.8785553
1572434846571,0.15315247,-8.325333,0.9616394
1572434846572,0.30158997,-8.052399,-1.4062347
1572434846572,1.309555,-8.315765,-0.07505798
1572434846572,1.9655609,-8.040421,1.0214996
1572434846572,1.7381134,-6.836151,-0.25700378
1572434846572,1.2281494,-6.077179,-1.1763916
1572434846572,2.1139984,-6.137039,-2.2992706
1572434846573,2.1139984,-5.859314,-2.9145813
1572434846573,4.1490784,-5.3325806,-3.1659698
1572434846573,6.631851,-5.1649933,-3.316803
1572434846573,8.829742,-5.5289154,-1.5331268
1572434846793,11.171265,-8.143372,3.4013214
1572434846793,11.322098,-16.810394,-3.8866272
1572434846793,14.748199,-22.860535,-2.2825012
1572434846793,17.592514,-11.282181,-0.8124695
1572434846793,-0.77101135,-4.7986755,-1.5211487
1572434846793,-2.4158325,-4.147461,1.0526123
1572434846794,-1.6018066,-6.9917603,0.44448853
1572434846794,2.274414,-12.371536,-1.2242737
1572434846794,2.274414,-14.193527,1.3878021
1572434846794,6.1625977,-11.016418,6.7053223
1572434846794,5.6765747,-7.334137,9.28389
1572434847016,3.7396698,-6.8505096,5.5082245
1572434847017,3.804306,-7.796219,1.2058411
1572434847017,4.0509033,-8.753906,-1.0734406
1572434847017,4.2951202,-9.7283325,0.7629242
1572434847017,5.1378784,-10.776993,0.3798523
1572434847018,2.1139984,-10.592651,-6.8458557
1572434847018,2.2576447,-8.909515,-6.134781
1572434847018,2.2576447,-8.045212,-1.391861
1572434847018,4.0988007,-8.531235,0.092544556
1572434847018,5.3246307,-9.072327,1.5122986
1572434847018,5.7675476,-9.654114,2.3550568
1572434847242,5.485031,-10.190414,2.0342407
1572434847242,5.396454,-10.674042,3.027832
1572434847242,5.3605347,-11.028397,2.4101257
1572434847242,5.7388153,-11.274994,-0.93696594
1572434847243,7.6134796,-9.982132,-6.9128876
1572434847243,11.633347,-9.685242,-2.976822
1572434847243,12.181625,-11.808899,-0.9393616
1572434847243,14.57103,-11.99086,-2.7948608
1572434847243,14.202332,-12.232681,-1.5402985
1572434847243,10.136963,-12.615753,-0.50361633
1572434847243,7.302231,-13.628494,1.1627502
1572434847464,2.875351,-13.343582,1.8187561
1572434847464,2.875351,-11.71553,1.41893
1572434847464,2.966339,-10.257462,1.5601807
1572434847465,2.966339,-9.366821,2.300003
1572434847465,4.2256927,-6.7978363,-0.93696594
1572434847465,9.969376,-6.369278,-0.5443115
1572434847465,9.885574,-8.028458,-0.3025055
1572434847465,5.188156,-7.267105,-0.6376953
1572434847466,4.084427,-5.8880463,0.1667633
1572434847466,4.2376556,-5.176956,0.940094
1572434847466,3.9575348,-4.899231,1.2250061
1572434847466,2.9136658,-5.167389,0.94966125
1572434847669,2.2360992,-6.266327,0.5306854
1572434847671,1.0653381,-6.934311,1.9911499
1572434847671,1.0701294,-5.8736725,5.7285004
1572434847671,2.0278015,-4.5018005,2.414917
1572434847671,1.903305,-3.1610413,-7.02063
1572434847671,1.8769684,-3.5967865,-8.567291
1572434847671,1.8769684,-4.195343,-11.694107
1572434847671,3.974289,-2.0740814,5.422043
1572434847671,13.5104065,-16.108887,6.877716
1572434847671,7.196884,-28.403107,-0.78852844
1572434847889,10.670883,-17.114456,1.6990509
1572434847890,19.706589,-8.198441,-0.529953
1572434847890,7.666153,-3.132309,-2.878662
1572434847890,3.1530762,-5.694107,-5.5888977
1572434847890,3.1530762,-11.203171,-3.5729828
1572434847891,5.6406555,-12.553497,1.1890869
1572434847891,8.056412,-9.955795,3.920868
1572434847891,3.2680054,-7.1737213,2.9033356
1572434847891,0.7924042,-6.4458923,1.078949
1572434847891,-0.639328,-6.0388794,0.31040955
1572434847891,-0.5292053,-6.0149384,0.21224976
1572434848112,0.8163452,-7.0516205,0.17155457
1572434848112,0.8163452,-8.052399,0.19789124
1572434848112,3.4715118,-7.994934,-0.4222107
1572434848112,5.978241,-7.8297424,-0.24743652
1572434848112,8.575943,-7.4706116,-0.4940338
1572434848112,9.904739,-6.3956146,-1.3966522
1572434848112,9.943039,-7.5065155,-0.43418884
1572434848112,7.975006,-9.316544,0.094940186
1572434848113,5.3916626,-10.183243,0.7078552
1572434848113,4.7667694,-11.373154,3.355835
1572434848114,5.4419403,-13.075439,5.814682
1572434848337,5.6550293,-13.365128,3.3941498
1572434848337,6.445114,-12.117752,-3.656784
1572434848337,11.008453,-9.582291,-5.1699066
1572434848337,14.542297,-8.423492,-3.000763
1572434848337,16.697083,-8.064362,-4.863449
1572434848337,17.307602,-9.582291,-4.6862793
1572434848337,10.393143,-9.900726,-1.6624146
1572434848337,6.7036896,-9.972549,0.96643066
1572434848337,1.4891205,-11.191193,1.8522797
1572434848338,1.6088257,-10.896713,0.6695404
1572434848338,1.6088257,-9.93663,-0.19955444
1572434848556,3.3134918,-9.050781,0.6408081
1572434848556,3.3110962,-7.267105,1.9983215
1572434848556,3.8426208,-5.7300262,-0.14208984
1572434848556,6.1386566,-6.333359,-1.4756622
1572434848556,7.374054,-8.289429,-0.82203674
1572434848556,2.59523,-9.496109,0.035079956
1572434848556,2.59523,-8.500107,-0.585022
1572434848557,2.59523,-6.975006,-0.53234863
1572434848557,3.6247406,-6.3573,-0.29292297
1572434848557,4.4220123,-6.4315186,-0.40785217
1572434848557,4.661438,-6.4387054,-0.35517883
1572434848779,3.2249146,-6.1059113,-0.16842651
1572434848779,2.0493622,-5.574402,0.4588623
1572434848779,1.6471252,-5.4187775,0.61209106
1572434848779,1.6471252,-3.417221,-0.8842926
1572434848779,4.455536,-6.1537933,2.8817902
1572434848779,7.5464478,-18.266068,2.6447601
1572434848779,5.315048,-22.068054,-5.59848
1572434848780,20.44162,-13.578217,-2.90979
1572434848780,16.488785,-6.25914,-0.7645874
1572434848780,2.492279,-3.5728455,-0.5371399
1572434848780,2.5497437,-4.6358795,0.40379333
1572434849003,3.2009735,-8.148163,0.7485504
1572434849003,3.2009735,-10.209579,2.1395874
1572434849004,3.5696716,-9.809738,3.0445862
1572434849004,4.2304688,-8.052399,1.9624176
1572434849004,2.6838226,-6.666153,-0.75979614
1572434849004,2.6239624,-5.883255,-2.7158508
1572434849005,2.6239624,-6.00296,-0.80049133
1572434849005,3.9886627,-6.888809,0.6767273
1572434849005,5.8417664,-7.6597443,0.49716187
1572434849006,7.16098,-7.475403,-0.4796753
1572434849006,7.704468,-6.9367065,-1.1500549
1572434849224,7.2926636,-6.611084,-0.9824524
1572434849225,7.7188263,-7.8225555,0.47322083
1572434849225,6.8784637,-9.354843,1.6822968
1572434849225,4.8577576,-10.559128,2.7141876
1572434849225,3.0740814,-12.74025,3.9735413
1572434849227,2.3629913,-16.35788,0.07817078
1572434849227,2.3629913,-13.982834,-3.1109009
1572434849227,8.676514,-10.176056,0.6001129
1572434849227,14.120926,-8.3085785,3.1571198
1572434849227,16.677933,-7.1066895,-0.21391296
1572434849227,21.590836,-8.777847,-7.626358
1572434849227,19.852646,-10.671661,-7.190613
1572434849431,10.14415,-12.136902,-0.6185303
1572434849431,1.8817596,-14.136063,2.359848
1572434849431,0.8929596,-15.227814,3.956787
1572434849433,0.2177887,-13.319641,2.517868
1572434849433,1.8075409,-8.219986,-0.44615173
1572434849433,1.9320374,-5.8066406,-1.039917
1572434849433,1.7237396,-5.979019,0.0015563965
1572434849433,1.7237396,-5.4499054,-2.2370148
1572434849433,4.714096,-6.0245056,-1.8276062
1572434849433,7.599121,-7.477783,1.5913086
1572434849656,3.1147766,-7.6166534,2.1156464
1572434849656,3.0381622,-6.8696594,-0.44615173
1572434849656,3.0381622,-6.5225067,-0.7645874
1572434849657,3.6582642,-7.006134,0.24577332
1572434849657,3.9096527,-7.7363586,0.81559753
1572434849657,3.9838715,-7.453842,0.22183228
1572434849657,1.8913422,-6.1513977,-0.69036865
1572434849657,0.6032562,-5.069229,-0.5443115
1572434849657,0.38539124,-4.401245,-0.4222107
1572434849657,0.38539124,-1.4491882,-2.7230377
1572434849657,6.2128754,-4.7077026,5.3813324
1572434849885,12.914246,-22.616333,1.3447113
1572434849885,9.507294,-23.444717,-7.1499176
1572434849887,22.395279,-11.67482,-2.5530548
1572434849887,12.397095,-5.471451,-0.07745361
1572434849887,2.784378,-2.6127777,1.1148682
1572434849887,3.2416687,-4.3437805,0.6551819
1572434849887,3.2416687,-8.385193,1.3925934
1572434849887,4.065277,-10.319702,3.1403656
1572434849887,5.6310883,-10.073105,3.5641327
1572434849888,6.979019,-8.059586,1.41893
1572434849888,2.8825378,-6.297455,-3.5251007
1572434850101,1.4651642,-5.7036896,-3.7884521
1572434850103,1.4196777,-6.8744507,-0.23306274
1572434850103,2.09964,-8.267883,1.8091888
1572434850103,2.09964,-8.672501,1.9576263
1572434850103,3.9048615,-8.1362,1.0382538
1572434850103,6.2727356,-7.6597443,0.77249146
1572434850103,7.83374,-7.2096405,0.64320374
1572434850103,9.468994,-6.5775757,-1.1835632
1572434850103,10.570328,-6.7188263,-1.2098999
1572434850103,8.700455,-8.03804,0.93769836
1572434850103,6.440323,-9.172882,1.7493286
1572434850327,4.9678955,-9.982132,2.5202637
1572434850327,4.1825867,-10.781784,2.956009
1572434850327,3.9120483,-11.75383,0.7700958
1572434850327,5.587982,-10.86319,-4.104492
1572434850327,10.71637,-9.934235,-3.3742676
1572434850327,12.95015,-12.282959,0.23858643
1572434850327,15.847137,-12.021988,-3.316803
1572434850327,16.208664,-10.496872,-1.1476593
1572434850327,8.949448,-10.197601,1.0358582
1572434850327,5.9806366,-10.4897,1.6415863
1572434850329,5.9806366,-11.492859,0.96643066
1572434850552,6.8090363,-11.473709,-0.38391113
1572434850552,7.879242,-10.58786,-4.6360016
1572434850552,2.5090485,-8.830521,-2.5051727
1572434850552,1.5010834,-8.959808,0.7365875
1572434850552,0.33750916,-9.517654,2.1946564
1572434850552,1.6447296,-8.0954895,1.3782349
1572434850552,2.918457,-5.7779083,1.9959259
1572434850552,2.8035278,-5.11232,1.6152496
1572434850552,2.8035278,-5.52652,-0.75260925
1572434850553,3.4116516,-5.4187775,-2.5985413
1572434850553,5.085205,-6.0197144,-1.8994293
1572434850772,5.2168884,-7.1354218,0.6671448
1572434850773,2.4539795,-7.757904,2.9033356
1572434850773,1.5465698,-7.2742767,2.7285614
1572434850773,1.60643,-6.23999,0.7533417
1572434850773,2.0278015,-6.0915527,-0.103775024
1572434850773,2.7987366,-6.457855,0.42294312
1572434850773,2.7987366,-2.9982452,-1.4996033
1572434850773,11.398712,-10.295761,1.8450928
1572434850775,10.912689,-22.288315,-3.455658
1572434850776,15.942917,-17.061783,-4.621643
1572434850776,22.311493,-8.413925,-0.6568451
1572434850985,2.6431122,-4.212097,1.1507721
1572434850985,1.5465698,-4.8417664,1.7780609
1572434850985,1.5465698,-8.88797,0.62405396
1572434850985,3.8473969,-10.992477,0.7461548
1572434850985,5.9806366,-9.85762,1.1795044
1572434850985,6.7348022,-8.181686,1.7828522
1572434850985,5.3365936,-7.0444336,1.6296234
1572434850987,2.7747955,-5.955078,1.1795044
1572434850987,1.345459,-5.471451,0.27690125
1572434850987,-0.09346008,-6.330963,-1.1284943
1572434850987,1.0868835,-7.125839,-0.881897
1572434851214,1.0868835,-8.021271,-0.158844
1572434851214,3.3829193,-8.543213,0.2074585
1572434851214,4.726074,-9.369202,0.14042664
1572434851214,4.78833,-9.903122,-0.68078613
1572434851214,5.7579803,-9.14415,-0.905838
1572434851214,7.3956146,-7.930298,0.85868835
1572434851216,8.030075,-6.888809,1.0143127
1572434851217,8.183304,-7.030075,0.8682709
1572434851217,7.113098,-8.988525,0.8443146
1572434851217,5.5855865,-11.588638,0.4804077
1572434851217,4.934372,-13.092194,-0.24983215
1572434851430,5.4826355,-13.702713,-1.6719818
1572434851430,7.477005,-11.880722,-2.4141846
1572434851430,10.266251,-11.346817,-1.5810089
1572434851430,11.463364,-12.577438,-2.0957642
1572434851430,13.718689,-12.764191,-3.534668
1572434851432,11.231125,-11.998047,-4.2720947
1572434851432,6.081192,-11.286972,-4.1930847
1572434851432,4.7428284,-11.583847,-3.2330017
1572434851432,1.9057007,-12.915024,-1.3200378
1572434851432,1.314331,-11.837631,1.3063965
1572434851432,1.024643,-8.816147,1.4476624
1572434851653,-0.35203552,-6.816986,-0.86753845
1572434851653,-1.738266,-10.386749,-2.0311127
1572434851653,-2.655243,-13.556671,-1.1763916
1572434851653,-0.038391113,-7.8584747,2.2856293
1572434851656,3.2296906,-2.9431763,2.8315125
1572434851656,3.2296906,-3.9152222,-0.10139465
1572434851656,4.0389404,-6.807419,-2.0263214
1572434851656,3.3685608,-9.014862,0.5761719
1572434851656,4.170624,-10.911072,-3.2760925
1572434851656,8.508911,-6.7786865,-9.182602
1572434851656,-0.41906738,-4.5448914,-5.1770935
1572434851656,-0.9218445,-5.6725616,-1.5953674
1572434851858,1.6734619,-5.8736725,1.6631317
1572434851858,1.4962921,-7.638199,2.2353516
1572434851859,1.4962921,-10.805725,1.1747284
1572434851859,5.109146,-11.73468,-2.3184204
1572434851859,12.957336,-13.334015,-4.427704
1572434851859,6.7874756,-10.614197,-4.5234833
1572434851859,10.30217,-11.260635,-5.5338287
1572434851859,13.8815,-12.747421,-3.0270996
1572434851859,9.634186,-14.006775,-1.1763916
1572434851859,4.283142,-11.964523,-0.1181488
1572434851926,4.331024,-11.552719,-0.5921936
1572434851926,5.049286,-9.9534,-0.68078613
1572434851927,6.60791,-5.7515717,-2.5099487
1572434852152,7.16098,-11.729889,2.4508362
1572434852152,6.03331,-13.051498,2.0438232
1572434852152,5.3318024,-10.927841,5.498657
1572434852152,7.216049,-6.9295197,1.8235474
1572434852152,10.658905,-4.4419403,-5.890564
1572434852152,10.156128,-6.0197144,-3.3574982
1572434852152,6.397232,-9.462585,6.33902
1572434852152,5.6406555,-12.488861,5.0652924
1572434852152,5.8154297,-13.6093445,-0.28573608
1572434852154,5.444336,-12.443359,-0.53952026
1572434852154,6.591156,-10.729111,2.3646393
1572434852377,8.3078,-7.595108,4.509842
1572434852377,11.841644,-1.954361,7.7683563
1572434852377,18.507095,0.54278564,10.667725
1572434852377,20.846237,0.96417236,12.432251
1572434852377,14.444138,1.7039795,10.124252
1572434852377,9.078735,1.0240173,7.5289307
1572434852377,0.8067627,-1.413269,7.2009277
1572434852377,-1.5323639,-1.4970703,7.64386
1572434852379,-1.8699493,-3.1706238,6.6502533
1572434852379,-0.7159424,-4.425186,6.7484283
1572434852379,1.5417786,-5.2679443,9.1210785
1572434852379,3.239273,-6.3980103,12.68605
1572434852579,3.239273,-11.79454,20.95082
1572434852579,2.226532,-15.8311615,15.76738
1572434852579,0.47875977,-21.072067,11.1250305
1572434852579,-1.872345,-23.643448,8.117905
1572434852579,-3.7015228,-20.612381,7.1362762
1572434852579,-2.995224,-10.494492,3.7724304
1572434852581,-4.422165,-4.334198,-3.2018738
1572434852581,-7.3598633,-7.511307,-7.75325
1572434852581,-13.927155,-5.8736725,-5.428482
1572434852581,-16.235168,-1.492279,4.758835
1572434852803,-7.268875,-1.5976257,10.631821
1572434852803,-7.268875,-1.4803162,15.937363
1572434852803,4.0628815,-0.5872803,21.640366
1572434852803,8.748337,0.9210663,20.079346
1572434852803,6.294281,1.852417,13.382751
1572434852803,2.5760803,1.3592072,4.0094604
1572434852804,0.3734131,1.639328,-0.9345703
1572434852804,-2.674408,0.0040893555,22.226944
1572434852804,-1.7119293,-1.2768097,7.9072113
1572434852804,-1.5108185,-0.4125061,3.4420319
1572434852804,-0.93382263,2.3121033,1.7541199
1572434853027,-0.18922424,3.9425507,1.7804565
1572434853027,-1.5299683,3.3440094,4.514633
1572434853027,-3.402237,2.4318085,7.260788
1572434853027,-2.7414398,0.8659973,9.056427
1572434853027,-0.22035217,1.3711853,8.742798
1572434853028,0.7492981,1.050354,10.162552
1572434853029,1.7859955,0.43743896,14.524796
1572434853029,1.2137756,1.0623322,14.768997
1572434853029,0.13877869,0.69122314,11.591888
1572434853029,-0.17007446,1.5986328,7.2105103
1572434853029,-1.1852112,3.4397736,4.988678
1572434853196,-1.0870514,2.9968414,6.5760345
1572434853196,0.41412354,4.979248,7.399643
1572434853196,0.780426,5.3599243,6.3222504
1572434853196,-0.11021423,4.2897186,9.025314
1572434853196,-0.038391113,3.3871002,12.324524
1572434853196,0.33511353,2.9489594,12.113831
1572434853196,0.34707642,2.7191162,11.678085
1572434853196,0.24412537,3.2218933,12.84166
1572434853196,-1.0367737,1.9457855,11.433868
1572434853320,-2.3056946,1.8619843,7.2320557
1572434853320,-0.8883362,2.987259,4.5481567
1572434853320,1.6112213,3.5259552,4.2393036
1572434853320,1.6112213,4.311264,3.4635773
1572434853320,2.899292,4.1628265,3.1786652
1572434853321,2.8035278,3.2099304,3.8442535
1572434853439,2.760437,2.8795319,8.014954
1572434853439,1.5561523,2.6640472,19.727386
1572434853439,0.42848206,1.4310303,15.78653
1572434853439,0.081329346,0.27702332,11.682877
1572434853439,0.7062073,-0.8266907,9.054047
1572434853439,0.009490967,-1.6431274,10.622238
1572434853561,-1.5826416,-2.459549,10.976578
1572434853561,-2.4277954,-1.736496,10.816177
1572434853561,0.32073975,1.6680603,10.41394
1572434853562,2.4420013,3.667221,8.23761
1572434853562,1.3694,4.833191,4.12677
1572434853562,1.3598328,4.2107086,4.078888
1572434853666,1.6279755,2.7095337,6.6550446
1572434853666,0.15315247,1.3999176,9.638229
1572434853666,0.65353394,2.4844818,11.043625
1572434853666,2.1618805,2.762207,10.320572
1572434853666,2.0733032,2.532364,10.938278
1572434853789,1.7453003,2.817276,10.801804
1572434853789,1.1132202,2.9489594,9.54007
1572434853790,1.0916748,2.2067566,7.1171265
1572434853790,1.697403,1.7853699,6.6502533
1572434853790,2.820282,1.9385986,9.207275
1572434853790,2.875351,1.9817047,11.441055
1572434853913,2.2145538,1.5100403,11.41951
1572434853913,2.420456,1.1365509,9.755539
1572434853913,2.6862183,1.2299194,9.597519
1572434853913,2.2935638,0.9737396,9.822571
1572434853913,2.006256,0.3129425,10.895187
1572434853913,1.740509,-0.26405334,11.172913
1572434854041,1.0342102,-0.48672485,9.9758
1572434854041,1.5657349,-0.12519836,9.298248
1572434854041,3.0046387,0.54997253,9.506546
1572434854041,3.0046387,0.93544006,11.275864
1572434854041,3.701355,0.18605042,12.786606
1572434854041,2.6670532,1.0862732,12.039612
1572434854041,2.7628326,1.2418976,8.924759
1572434854160,3.0932312,1.0814819,5.7811584
1572434854160,2.791565,1.0048676,5.1131897
1572434854160,2.353424,-0.22335815,7.119522
1572434854161,2.2576447,-0.13955688,10.871231
1572434854161,1.8697968,0.20040894,12.137772
1572434854161,1.5106659,0.29379272,11.091507
1572434854266,1.5082703,0.044799805,9.008545
1572434854266,0.8211365,0.018463135,7.557663
1572434854266,0.3542633,0.37997437,6.695755
1572434854266,-0.23710632,0.46138,7.825821
1572434854266,-0.84043884,-0.36460876,9.180939
1572434854389,-0.84043884,-0.084487915,9.8680725
1572434854389,0.3949585,0.049575806,11.227982
1572434854390,1.1347656,0.051971436,12.94223
1572434854390,1.0653381,0.25308228,12.410706
1572434854390,1.6351624,1.9146576,9.470627
1572434854390,2.3079376,3.430191,6.537735
1572434854511,0.5314331,3.588211,5.3861237
1572434854511,-0.7877655,2.2737885,7.205719
1572434854511,0.071746826,1.3735809,8.460281
1572434854511,1.024643,2.3695679,8.7499695
1572434854511,1.0844879,2.5874329,8.991791
1572434854511,-0.076690674,2.3647766,10.437881
1572434854634,-0.7758026,2.781372,10.392395
1572434854634,-0.46455383,1.7853699,11.187271
1572434854634,-0.85002136,0.69841003,11.982147
1572434854634,0.36862183,1.6489105,11.57753
1572434854634,2.0828705,3.6025696,9.307831
1572434854634,1.5250244,3.6863708,10.533661
1572434854757,0.11004639,1.7925568,11.922287
1572434854757,-0.34724426,1.8955078,10.974182
1572434854757,0.27046204,2.604187,10.524078
1572434854757,0.22976685,2.8747406,10.935883
1572434854759,-1.3432312,1.7542572,11.608658
1572434854759,-0.66326904,2.599411,11.642166
1572434854759,0.7924042,3.4637146,10.938278
1572434854859,0.5529785,4.081421,9.786667
1572434854859,0.124420166,3.837204,8.354935
1572434854859,-0.16767883,2.6808014,7.1051636
1572434854859,0.3111725,1.9242401,6.4252014
1572434854859,0.68226624,1.4597626,6.968689
1572434854961,-0.8308716,0.74150085,7.8401794
1572434854961,-1.6113739,0.74150085,8.991791
1572434854961,-0.6824341,1.0934601,9.243179
1572434854961,0.20103455,1.3065338,8.254379
1572434854961,0.38539124,1.0671234,7.9550934
1572434855066,0.6655121,0.93544006,8.089172
1572434855066,1.8841553,-0.7189636,12.391556
1572434855066,2.6790314,0.0040893555,11.402756
1572434855066,2.6790314,1.1940155,9.6310425
1572434855066,3.7372742,0.887558,10.524078
1572434855189,5.078018,1.1628876,11.996521
1572434855189,2.6981812,0.18125916,12.101852
1572434855190,1.9990845,0.023239136,11.565552
1572434855190,1.9871063,0.6840515,9.552032
1572434855190,2.978302,1.5555267,8.5728
1572434855190,2.7436676,1.749466,7.842575
1572434855311,1.8266907,1.9098816,7.653427
1572434855311,0.45721436,1.7877655,6.283951
1572434855311,-3.0311432,0.87797546,5.4052734
1572434855311,-6.2896423,-0.558548,7.6654053
1572434855311,-3.8068542,-0.050979614,8.536896
1572434855311,-2.4182281,1.536377,7.770752
1572434855436,-2.1620483,2.1756287,6.7484283
1572434855436,-0.6201782,2.4270172,6.2552185
1572434855436,0.9408417,3.4780731,6.9878387
1572434855436,1.2281494,2.3959045,9.609497
1572434855436,-0.06951904,2.1612701,11.204025
1572434855436,-0.3496399,1.184433,11.821732
1572434855558,0.60565186,2.9657135,8.536896
1572434855558,1.697403,4.8044586,4.696594
1572434855558,1.613617,4.323227,5.876938
1572434855558,1.400528,3.4876556,9.62146
1572434855559,1.4340515,3.2649994,11.424301
1572434855559,2.0301971,3.5738525,9.9470825
1572434855667,0.9216919,2.4150543,8.723633
1572434855667,0.44284058,2.4270172,8.955872
1572434855667,0.80197144,2.2498474,9.889618
1572434855667,2.499466,3.4709015,10.655762
1572434855667,2.8298645,3.1907806,11.060379
1572434855667,0.94802856,1.5986328,11.127411
1572434855790,-0.28738403,0.20759583,10.679703
1572434855790,-0.28738403,0.12858582,10.603088
1572434855791,0.14356995,0.059158325,10.691681
1572434855791,-0.28259277,0.20999146,10.167343
1572434855791,0.08610535,0.31054688,10.923904
1572434855791,0.79719543,0.032821655,9.834549
1572434855908,0.86183167,0.20759583,8.386063
1572434855908,1.8721924,2.8699493,3.501892
1572434855908,3.1626587,6.6934967,2.0102997
1572434855908,-0.44540405,5.5706177,4.102829
1572434855908,-0.7877655,1.1197815,6.9471436
1572434855908,-0.67045593,-1.2887726,11.4769745
1572434856031,-1.1876068,-1.7939606,13.768219
1572434856031,-1.4844818,-1.1810455,14.060318
1572434856031,-0.8811493,0.30096436,12.020462
1572434856031,-0.3065338,1.3903351,10.44986
1572434856031,0.677475,1.6872101,10.74913
1572434856031,1.6878357,2.2091522,12.044403
1572434856157,0.98153687,1.8979034,11.3979645
1572434856158,-1.0774689,1.3113251,10.011719
1572434856158,-2.72229,0.8300934,9.707657
1572434856158,-3.062271,0.7941742,9.439499
1572434856158,-1.6281433,1.5291901,9.310226
1572434856158,-0.28977966,2.5778503,8.872086
1572434856306,0.325531,3.0926056,8.833771
1572434856306,0.39974976,2.9585419,9.288666
1572434856306,0.5290375,2.9369812,9.516113
1572434856306,1.0198517,3.2290802,9.813004
1572434856306,1.4938965,3.4325867,9.245575
1572434856306,1.2281494,2.5419464,8.991791
1572434856392,0.22497559,1.402298,9.915955
1572434856392,-0.11740112,1.5890503,10.883209
1572434856392,0.3829956,2.8890991,9.87764
1572434856392,0.44763184,3.3368225,7.6630096
1572434856392,0.5027008,2.7430573,7.9598846
1572434856392,-0.37835693,2.3360443,8.489014
1572434856513,-0.33287048,2.7717896,7.526535
1572434856513,0.9552002,3.2554169,8.134659
1572434856513,1.3813782,3.56427,9.5759735
1572434856513,1.6303711,3.279358,10.308594
1572434856513,1.0988617,2.817276,8.216064
1572434856513,-0.28977966,2.393509,5.153885
1572434856634,-2.399063,2.1229553,4.5074463
1572434856634,-3.2131042,1.4406128,6.7101135
1572434856635,-2.5906067,2.6808014,9.233612
1572434856635,-1.0990143,4.6057434,10.057205
1572434856635,-1.3647766,5.4963837,8.606323
1572434856635,2.8370514,6.2026825,6.633499
1572434856757,2.8370514,5.628067,8.670975
1572434856757,-0.98410034,4.845169,10.737167
1572434856757,-4.04628,4.919388,9.633438
1572434856757,-3.1508484,5.2234497,7.842575
1572434856759,-1.4820862,5.2019043,7.1889496
1572434856759,-1.6951752,5.0247345,8.512955
1572434856867,-2.3176727,4.572235,9.386841
1572434856867,-2.4325867,4.567444,9.585556
1572434856867,-1.6999664,4.63208,9.281494
1572434856867,-0.45976257,4.9265747,9.099533
1572434856867,0.6032562,5.1635895,9.619064
1572434856867,-0.44779968,4.936142,0.6192627
