1572432890251,-2.1966858,2.6674042,7.3746033
1572432890261,-1.4513855,3.1381226,8.080673
1572432890280,-1.4906158,2.5889587,9.3359375
1572432890300,-2.1574707,2.5497284,8.825989
1572432890320,-2.2359161,2.5497284,8.041458
1572432890340,-1.7651978,2.628189,7.609955
1572432890360,-1.0591125,2.8635406,8.080673
1572432890379,-0.6276245,2.4320526,9.414383
1572432890400,-1.255249,1.8436432,10.944229
1572432890419,-1.6082916,1.4513855,12.238693
1572432890444,-1.5298309,1.255249,12.5525055
1572432890459,-1.4513855,1.4906158,11.650299
1572432890479,-1.2160187,1.7651978,10.081238
1572432890500,-1.5690613,2.1574707,9.885101
1572432890518,-2.1574707,2.0005493,10.904999
1572432890539,-2.353592,1.4513855,11.650299
1572432890559,-1.7259674,1.0591125,11.101135
1572432890578,-1.0198975,1.2944794,10.277374
1572432890599,-0.9806671,1.9613342,9.375153
1572432890618,-1.4906158,2.7066345,9.610519
1572432890640,-0.86299133,2.1574707,10.120468
1572432890658,0.11767578,1.2160187,10.159683
1572432890678,0.2745819,0.78453064,10.277374
1572432890699,0.19613647,0.7453003,10.591187
1572432890718,-0.07846069,0.15690613,11.375717
1572432890738,-0.43148804,0.2745819,11.218811
1572432890758,0.0,1.0591125,10.120468
1572432890777,0.78453064,1.4906158,8.198364
1572432890797,0.9022064,1.8044281,7.5707397
1572432890818,0.9022064,1.8828735,7.335373
1572432890844,0.9022064,2.07901,7.8060913
1572432890858,1.8044281,2.0005493,8.002228
1572432890877,2.5889587,1.647522,7.5315094
1572432890897,1.647522,1.3337097,8.27681
1572432890916,0.50994873,0.66685486,9.06134
1572432890939,0.6276245,0.6276245,9.06134
1572432890957,1.3729248,1.4121552,8.472946
1572432890977,1.4906158,1.9613342,7.923767
1572432890996,1.4513855,1.9613342,7.492279
1572432891016,0.5491791,1.8828735,8.472946
1572432891042,0.19613647,2.1574707,8.982895
1572432891056,0.66685486,2.5889587,9.179031
1572432891075,1.0591125,2.7066345,9.218246
1572432891097,1.3337097,2.628189,9.218246
1572432891116,1.1768036,2.4320526,9.414383
1572432891137,1.0591125,2.1966858,10.316589
1572432891155,1.5298309,2.2359161,10.904999
1572432891175,2.4320526,2.4320526,10.551956
1572432891196,2.5889587,2.628189,8.904434
1572432891215,4.2364655,0.9806671,7.1392365
1572432891245,2.1574707,1.5690613,6.7469788
1572432891290,2.1182404,1.6082916,6.393936
1572432891290,3.0204468,1.647522,6.903885
1572432891297,3.6873016,1.647522,7.4138336
1572432891317,3.9618835,1.3337097,6.1585693
1572432891336,3.6480713,0.6276245,4.864105
1572432891356,2.902771,0.0,4.6679688
1572432891380,2.1574707,-0.94143677,5.7270813
1572432891428,2.0005493,-2.07901,7.8060913
1572432891428,1.7651978,-2.8635406,8.865219
1572432891447,-0.7060852,-1.4513855,3.5696259
1572432891462,1.7651978,-0.5491791,0.6276245
1572432891485,3.9226532,-2.7458649,2.1182404
1572432891502,3.177353,-5.1779175,4.3541565
1572432891522,1.5690613,-6.825424,7.609955
1572432891536,0.31381226,-8.5121765,9.963562
1572432891556,-1.5298309,-9.845871,11.101135
1572432891574,-3.334259,-11.493393,9.532059
1572432891593,-6.1193542,-13.611633,8.27681
1572432891618,-5.8839874,-15.88678,8.433716
1572432891634,-3.9226532,-16.435944,10.630417
1572432891653,-4.824875,-15.572968,14.121582
1572432891674,-7.4138336,-15.808319,15.180695
1572432891692,-9.139801,-14.945343,16.043686
1572432891712,-8.904434,-13.3762665,16.318268
1572432891732,-8.119904,-11.571854,15.965225
1572432891755,-7.884552,-10.591187,16.082901
1572432891772,-8.433716,-9.414383,15.808319
1572432891794,-6.23703,-8.590622,13.925446
1572432891814,6.786209,-2.5889587,11.218811
1572432891832,0.50994873,-5.2955933,12.238693
1572432891861,-9.64975,-9.06134,9.453613
1572432891871,-8.747528,-8.708313,4.550293
1572432891891,-8.35527,-6.5900726,3.1381226
1572432891912,-6.5508423,-4.4718323,2.7850952
1572432891931,-7.217697,-3.765747,3.4519348
1572432891951,-9.139801,-4.5110626,2.471283
1572432891971,-9.924332,-4.9033203,2.902771
1572432891991,-9.571289,-4.824875,4.5110626
1572432892012,-9.728195,-4.707199,6.1193542
1572432892032,-10.042007,-4.9033203,5.3740387
1572432892052,-9.532059,-4.864105,4.275696
1572432892073,-15.376831,-1.7651978,3.177353
1572432892093,-10.159683,-2.9420013,-3.1381226
1572432892113,-8.904434,-5.0210114,-6.8646545
1572432892133,-8.551407,-6.080124,-8.5121765
1572432892151,-8.786758,-6.786209,2.1966858
1572432892171,-7.6884155,-6.7469788,5.256363
1572432892191,-9.296707,-5.3740387,5.648636
1572432892210,-8.5121765,-6.0408936,1.3337097
1572432892231,-8.747528,-4.7856445,0.7453003
1572432892253,-7.727646,-4.589508,0.23536682
1572432892270,-5.256363,-4.314926,-0.86299133
1572432892291,-3.2165833,-3.8442078,-0.78453064
1572432892310,-1.6082916,-3.6480713,1.9221039
1572432892333,-0.15690613,-3.4127197,4.1187897
1572432892350,-2.1574707,-5.2955933,2.471283
1572432892372,-6.825424,-7.8060913,0.86299133
1572432892389,-9.218246,-8.943665,0.78453064
1572432892411,-5.923218,-7.178467,2.2359161
1572432892429,-1.7651978,-5.0602264,2.902771
1572432892451,-0.23536682,-3.5696259,4.2364655
1572432892471,-0.11767578,-4.7856445,8.198364
1572432892491,-3.3734894,-7.8453217,10.198914
1572432892509,-11.14035,-10.4734955,10.159683
1572432892529,-15.102249,-10.591187,7.217697
1572432892549,-12.748642,-8.708313,7.649185
1572432892568,-9.728195,-7.9629974,7.766861
1572432892588,-7.3746033,-8.786758,3.9618835
1572432892609,-6.2762604,-9.845871,1.2944794
1572432892629,-4.981781,-10.983444,-0.23536682
1572432892650,-3.4911652,-10.39505,0.7060852
1572432892670,-1.9613342,-9.532059,0.5491791
1572432892688,-0.23536682,-7.609955,0.5491791
1572432892710,-0.039230347,-4.981781,0.9022064
1572432892730,0.7060852,-4.0795593,0.7060852
1572432892747,0.15690613,-5.4524994,-4.1187897
1572432892766,-0.58839417,-7.884552,-5.570175
1572432892787,-1.7651978,-8.35527,-5.570175
1572432892807,-1.8828735,-6.7469788,-4.1187897
1572432892828,-1.4513855,-4.7856445,-2.5497284
1572432892847,-0.94143677,-3.4911652,-1.8044281
1572432892870,-1.0983429,-3.1381226,-0.7453003
1572432892889,-2.2751465,-5.413269,-1.255249
1572432892906,-1.4513855,-11.454163,-2.3143768
1572432892927,-1.647522,-23.535965,0.15690613
1572432892946,0.50994873,-27.458618,0.3530426
1572432892966,0.23536682,-17.96579,-0.78453064
1572432892987,0.23536682,-11.924881,-1.8436432
1572432893006,-0.15690613,-9.3359375,-2.1182404
1572432893026,-0.15690613,-9.100571,-1.7259674
1572432893046,-0.50994873,-9.688965,-1.2160187
1572432893067,-0.94143677,-10.002777,-0.7453003
1572432893085,-0.823761,-9.885101,-0.58839417
1572432893105,-0.07846069,-9.806656,-0.50994873
1572432893125,0.39227295,-10.081238,0.039230347
1572432893145,0.58839417,-10.591187,0.31381226
1572432893166,0.3530426,-11.022675,0.11767578
1572432893185,0.50994873,-10.983444,-0.07846069
1572432893208,0.5491791,-10.630417,-0.3530426
1572432893224,0.07846069,-10.198914,-0.66685486
1572432893246,-0.9806671,-10.120468,-0.78453064
1572432893265,-1.6867371,-11.375717,-0.6276245
1572432893286,-2.3928223,-12.081787,-0.07846069
1572432893306,-2.9420013,-12.160248,1.255249
1572432893324,-3.8049774,-11.14035,5.4524994
1572432893344,-4.1972504,-9.3359375,5.962448
1572432893363,-4.001114,-8.551407,4.0795593
1572432893384,-2.7458649,-9.492844,1.6867371
1572432893404,-0.6276245,-12.356384,-0.23536682
1572432893424,1.7259674,-15.023788,-3.608841
1572432893444,3.4519348,-14.906113,-6.472397
1572432893464,3.2950287,-13.101685,-6.629303
1572432893483,2.1966858,-11.611069,-3.8442078
1572432893504,1.6867371,-11.061905,-1.3337097
1572432893523,1.255249,-10.983444,0.6276245
1572432893545,0.11767578,-10.630417,2.07901
1572432893563,-0.11767578,-10.277374,0.5491791
1572432893582,-0.11767578,-9.453613,0.0
1572432893602,0.07846069,-8.433716,0.31381226
1572432893623,1.5690613,-7.5315094,0.039230347
1572432893642,3.2558136,-6.472397,-0.15690613
1572432893664,4.275696,-5.3740387,-0.7453003
1572432893683,4.5110626,-4.864105,-0.94143677
1572432893704,4.1187897,-4.864105,-1.0591125
1572432893722,3.5303955,-5.3348236,-1.0591125
1572432893745,2.510498,-6.7077484,-0.9022064
1572432893762,0.66685486,-9.257477,1.1375732
1572432893782,-2.8635406,-11.964111,2.2751465
1572432893802,-7.3746033,-12.591736,-0.11767578
1572432893822,-11.14035,-13.062454,0.6276245
1572432893841,-13.297821,-10.983444,0.47071838
1572432893862,-11.767975,-9.179031,0.07846069
1572432893882,-8.472946,-11.336487,0.23536682
1572432893902,-5.2955933,-13.846985,0.3530426
1572432893922,-0.47071838,-17.102798,5.530945
1572432893946,1.1768036,-14.866882,3.883438
1572432893961,1.7259674,-11.101135,1.9613342
1572432893981,2.3143768,-7.4138336,0.3530426
1572432894001,4.0795593,-5.7663116,-1.0983429
1572432894020,3.8049774,-5.7663116,-2.4320526
1572432894040,4.3541565,-7.8060913,-3.2558136
1572432894060,5.3348236,-9.179031,-3.8049774
1572432894082,4.393387,-9.610519,-3.2165833
1572432894101,2.902771,-9.885101,-2.5889587
1572432894122,1.6082916,-10.159683,-2.2359161
1572432894142,0.58839417,-10.551956,-2.2359161
1572432894160,-0.50994873,-10.591187,-2.5497284
1572432894180,-1.2944794,-10.159683,-2.5497284
1572432894199,-1.8044281,-9.806656,-2.2359161
1572432894220,-2.0005493,-9.64975,-1.6867371
1572432894240,-2.510498,-9.728195,-1.4513855
1572432894259,-3.1381226,-10.002777,-1.1375732
1572432894279,-3.8442078,-9.806656,-0.94143677
1572432894299,-3.765747,-9.179031,-0.86299133
1572432894318,-3.334259,-8.943665,-0.6276245
1572432894340,-2.7066345,-9.139801,-0.39227295
1572432894359,-1.9221039,-9.453613,-0.11767578
1572432894379,-1.255249,-9.453613,0.039230347
1572432894398,-0.823761,-9.414383,0.11767578
1572432894419,-0.39227295,-9.728195,0.11767578
1572432894438,-0.2745819,-10.238144,-0.19613647
1572432894458,-0.39227295,-10.316589,-0.43148804
1572432894478,-0.31381226,-10.512726,-0.50994873
1572432894500,-0.2745819,-10.39505,-0.47071838
1572432894518,-0.43148804,-10.081238,-0.47071838
1572432894539,-0.58839417,-10.591187,-0.11767578
1572432894558,-1.2944794,-11.375717,0.43148804
1572432894578,-2.5497284,-11.885666,0.94143677
1572432894598,-3.8049774,-12.081787,1.8044281
1572432894618,-4.0795593,-11.022675,3.8442078
1572432894638,-3.1381226,-9.453613,5.0210114
1572432894659,-2.1966858,-8.865219,4.4718323
1572432894679,-0.7060852,-10.669632,3.3734894
1572432894697,1.5298309,-14.003891,2.4320526
1572432894719,3.0596771,-15.337601,0.11767578
1572432894738,4.1972504,-14.709976,-2.7850952
1572432894756,4.707199,-12.591736,-4.314926
1572432894778,3.726532,-10.904999,-4.275696
1572432894797,2.0005493,-9.688965,-2.7066345
1572432894820,0.31381226,-9.100571,0.6276245
1572432894837,0.11767578,-9.06134,0.039230347
1572432894856,0.039230347,-9.022125,-1.0198975
1572432894876,0.43148804,-8.669083,-0.7060852
1572432894896,1.5690613,-8.5121765,-0.15690613
1572432894916,2.628189,-8.041458,0.47071838
1572432894935,3.9618835,-7.5707397,0.6276245
1572432895017,4.864105,-7.1000214,0.7060852
1572432895017,4.6679688,-6.943115,0.39227295
1572432895017,3.4911652,-7.1000214,0.07846069
1572432895019,2.0005493,-7.492279,0.0
1572432895065,-0.43148804,-8.669083,2.2751465
1572432895066,-4.0795593,-10.4734955,0.9806671
1572432895076,-6.1193542,-11.807205,-2.07901
1572432895482,-8.198364,-11.179581,-2.4320526
1572432895482,-11.022675,-10.042007,1.255249
1572432895482,-11.611069,-9.257477,0.7060852
1572432895482,-10.002777,-9.767426,0.07846069
1572432895482,-6.1585693,-11.807205,1.3729248
1572432895482,0.50994873,-13.729309,7.335373
1572432895484,0.9022064,-14.317703,4.4718323
1572432895484,-0.47071838,-13.3762665,1.0198975
1572432895484,0.11767578,-10.591187,-0.43148804
1572432895484,0.39227295,-7.4138336,-2.0005493
1572432895484,1.2160187,-6.080124,-2.902771
1572432895484,1.6867371,-7.217697,-1.8044281
1572432895484,2.2359161,-8.472946,-0.7060852
1572432895484,2.2359161,-8.865219,-1.3729248
1572432895484,2.0397797,-9.414383,-2.8635406
1572432895484,1.4121552,-10.277374,-3.2950287
1572432895485,0.50994873,-11.061905,-2.9812164
1572432895485,-0.039230347,-10.826538,-2.6674042
1572432895485,-0.43148804,-10.002777,-2.1182404
1572432895485,-0.7453003,-9.375153,-1.4121552
1572432895493,-1.0983429,-9.179031,-0.9806671
1572432895513,-1.5690613,-9.414383,-0.86299133
1572432895536,-2.1966858,-9.532059,-1.0198975
1572432895553,-2.4320526,-9.414383,-1.0983429
1572432895573,-2.353592,-9.414383,-0.9806671
1572432895592,-2.1966858,-9.453613,-0.5491791
1572432934556,0.23536682,-10.591187,0.23536682
1572432934556,0.0,-10.983444,0.2745819
1572432934556,-0.43148804,-11.061905,0.15690613
1572432934556,-0.86299133,-10.787323,-0.39227295
1572432934556,-1.8828735,-12.317154,0.5491791
1572432934556,-3.5303955,-14.003891,2.07901
1572432934556,-6.786209,-14.474609,2.1574707
1572432934556,-9.3359375,-11.532623,5.6094055
1572432934556,-7.727646,-9.375153,3.883438
1572432934556,-5.0210114,-10.002777,4.1972504
1572432934557,-2.8635406,-13.180145,3.3734894
1572432934558,1.2944794,-17.808884,1.7259674
1572432934558,7.766861,-18.867996,-6.1193542
1572432934558,7.217697,-16.67131,-6.668518
1572432934558,6.668518,-12.984009,-3.0596771
1572432934558,6.943115,-10.042007,-1.255249
1572432934558,5.4524994,-8.825989,1.0983429
1572432934558,2.7458649,-8.472946,1.6867371
1572432934558,0.19613647,-8.629852,-0.43148804
1572432934558,-1.8044281,-9.296707,-0.19613647
1572432934559,-0.823761,-8.982895,0.58839417
1572432934559,1.5298309,-8.27681,0.5491791
1572432934559,3.608841,-6.9823303,0.23536682
1572432934559,5.138687,-5.4524994,-0.2745819
1572432934559,5.4917297,-4.393387,-0.78453064
1572432934559,4.9425507,-4.3541565,-0.5491791
1572432934559,3.8442078,-4.824875,-0.23536682
1572432934559,2.1966858,-5.7663116,0.47071838
1572432934559,0.19613647,-8.080673,2.1966858
1572432934559,-1.5690613,-11.454163,2.2359161
1572432934560,-3.6873016,-13.337051,-1.9221039
1572432934560,-6.1585693,-13.964676,-3.8442078
1572432934560,-6.472397,-13.454727,-3.3734894
1572432934560,-6.0408936,-13.768539,-1.2160187
1572432934560,-6.786209,-15.88678,0.23536682
1572432934560,-8.198364,-15.612183,0.23536682
1572432934560,-5.7270813,-14.55307,10.983444
1572432934560,-1.7651978,-11.258041,10.198914
1572432934560,0.19613647,-8.904434,5.570175
1572432934560,1.6082916,-6.7469788,2.1182404
1572432934561,1.8828735,-7.0215607,-0.5491791
1572432934561,2.0005493,-8.551407,-3.883438
1572432934561,2.1574707,-9.610519,-5.2171326
1572432934561,3.4127197,-9.296707,-5.962448
1572432934562,2.7458649,-9.218246,-5.4917297
1572432934562,2.1182404,-8.669083,-4.0795593
1572432934562,1.3729248,-8.394485,-2.9812164
1572432934562,0.9022064,-8.747528,-2.0397797
1572432934562,0.78453064,-9.139801,-1.4121552
1572432934562,0.58839417,-9.610519,-0.86299133
1572432934563,0.3530426,-9.924332,-0.31381226
1572432934581,-0.039230347,-10.002777,0.11767578
1572432934601,-0.50994873,-9.806656,0.3530426
1572432934620,-0.78453064,-9.257477,0.39227295
1572432934640,-0.7060852,-9.179031,0.2745819
1572432934661,-0.50994873,-9.571289,0.31381226
1572432934681,-0.31381226,-9.728195,0.39227295
1572432934701,-0.15690613,-9.414383,0.39227295
1572432934720,-0.19613647,-9.806656,0.43148804
1572432934740,-0.11767578,-10.277374,0.47071838
1572432934760,-0.07846069,-10.43428,0.39227295
1572432934780,-0.43148804,-10.748093,0.2745819
1572432934805,-1.255249,-10.983444,0.0
1572432934819,-1.8828735,-11.179581,0.11767578
1572432934839,-3.1381226,-13.140915,0.66685486
1572432934861,-4.4718323,-14.5923,0.823761
1572432934879,-6.393936,-13.650864,1.4513855
1572432934900,-6.8646545,-11.022675,7.1000214
1572432934919,-5.962448,-10.787323,5.4524994
1572432934939,-3.726532,-12.199478,4.9425507
1572432934960,-0.94143677,-15.769089,3.726532
1572432934980,2.5889587,-19.024902,0.823761
1572432934998,5.8839874,-17.691193,-1.6082916
1572432935022,7.2569275,-14.239258,-3.6480713
1572432935039,6.511612,-11.297256,-1.9613342
1572432935059,5.413269,-8.786758,-1.0591125
1572432935078,4.746414,-7.5707397,-0.78453064
1572432935098,4.314926,-7.609955,-0.19613647
1572432935118,3.6480713,-7.5315094,1.0198975
1572432935138,2.7850952,-7.4530487,1.5298309
1572432935163,2.07901,-7.5707397,0.86299133
1572432935178,2.628189,-7.4138336,0.07846069
1572432935198,3.726532,-6.825424,-0.43148804
1572432935217,4.6287384,-6.080124,-0.7060852
1572432935237,4.864105,-5.4524994,-0.58839417
1572432935257,4.6287384,-5.7270813,0.15690613
1572432935277,3.177353,-7.766861,2.3143768
1572432935297,-0.9806671,-11.571854,3.334259
1572432935317,-4.393387,-14.239258,0.7060852
1572432935340,-7.5315094,-16.514404,-2.1966858
1572432935358,-8.237579,-14.945343,-0.31381226
1572432935376,-8.982895,-12.003342,1.3729248
1572432935396,-9.532059,-12.709427,0.19613647
1572432935416,-5.0210114,-12.43483,2.7458649
1572432935437,-1.5298309,-13.454727,7.609955
1572432935456,-0.15690613,-12.121017,5.687851
1572432935476,0.6276245,-9.963562,1.8828735
1572432935496,1.4121552,-7.335373,0.7060852
1572432935516,1.4121552,-6.472397,-0.7453003
1572432935535,1.255249,-7.8453217,-2.1574707
1572432935555,1.8436432,-8.551407,-3.334259
1572432935582,2.628189,-8.747528,-4.314926
1572432935595,2.7458649,-9.179031,-4.4718323
1572432935615,2.5889587,-9.571289,-3.6873016
1572432935636,2.3143768,-9.767426,-2.8243103
1572432935655,2.07901,-9.375153,-2.1966858
1572432935675,1.5690613,-9.06134,-1.4906158
1572432935695,1.1375732,-9.100571,-0.7453003
1572432935714,0.86299133,-9.218246,-0.11767578
1572432935734,0.50994873,-9.532059,0.15690613
1572432935757,0.0,-9.64975,0.15690613
1572432935776,-0.43148804,-9.64975,-0.2745819
1572432935794,-0.66685486,-9.688965,-0.6276245
1572432935814,-0.7060852,-9.610519,-0.7453003
1572432935834,-0.58839417,-9.64975,-0.7060852
1572432935854,-0.47071838,-9.64975,-0.50994873
1572432935874,-0.47071838,-9.532059,-0.3530426
1572432935893,-0.5491791,-9.924332,-0.3530426
1572432935916,-0.43148804,-10.35582,-0.23536682
1572432935933,-0.39227295,-10.39505,0.0
1572432935953,-0.43148804,-10.35582,0.2745819
1572432935973,-0.6276245,-10.512726,0.50994873
1572432935993,-0.9806671,-10.591187,0.43148804
1572432936013,-2.1966858,-11.924881,0.5491791
1572432936033,-3.4911652,-13.533173,1.0198975
1572432936053,-5.0602264,-13.297821,1.647522
1572432936072,-7.2569275,-11.885666,2.7850952
1572432936093,-7.8060913,-10.159683,3.8049774
1572432936112,-6.0408936,-10.316589,2.5497284
1572432936132,-3.726532,-12.356384,2.6674042
1572432936152,-0.47071838,-16.749756,1.1768036
1572432936172,6.080124,-19.338715,-3.0204468
1572432936192,8.041458,-17.220474,-3.608841
1572432936212,6.943115,-13.690079,-1.4121552
1572432936232,6.354706,-10.630417,0.15690613
1572432936252,4.432602,-8.982895,1.3337097
1572432936271,3.0204468,-8.080673,0.66685486
1572432936292,1.9221039,-7.727646,-0.39227295
1572432936311,1.1768036,-7.8453217,-0.5491791
1572432936331,1.5690613,-8.041458,0.07846069
1572432936351,2.5497284,-7.884552,0.07846069
1572432936371,3.608841,-7.1392365,-0.3530426
1572432936391,4.6679688,-6.2762604,-0.7453003
1572432936411,5.844757,-5.3740387,-0.9022064
1572432936430,5.962448,-4.6679688,-0.66685486
1572432936451,5.570175,-5.138687,0.3530426
1572432936470,4.1972504,-8.159134,3.334259
1572432936490,-1.0198975,-12.003342,5.099457
1572432936510,-6.7469788,-14.906113,0.0
1572432936530,-10.081238,-16.985123,-3.608841
1572432936550,-8.982895,-14.160797,-1.5298309
1572432936570,-10.826538,-10.159683,0.11767578
1572432936589,-9.610519,-10.277374,0.6276245
1572432936610,-6.1585693,-12.199478,2.1574707
1572432936629,-2.7066345,-16.945892,6.393936
1572432936650,0.19613647,-14.984558,5.3348236
1572432936669,1.2944794,-9.963562,1.8436432
1572432936689,2.5497284,-6.1585693,0.7453003
1572432936709,3.4127197,-4.432602,-1.1375732
1572432936729,4.001114,-6.1977997,-3.3734894
1572432936749,5.4917297,-9.100571,-3.6873016
1572432936769,6.001663,-9.64975,-4.5110626
1572432936789,4.589508,-9.492844,-4.0795593
1572432936808,3.2950287,-9.3359375,-2.9812164
1572432936828,2.1182404,-9.414383,-2.2359161
1572432936848,1.2160187,-9.688965,-1.5298309
1572432936868,0.50994873,-9.806656,-1.0983429
1572432936889,-0.31381226,-9.610519,-0.78453064
1572432936908,-0.66685486,-9.610519,-0.58839417
1572432936928,-1.0591125,-9.728195,-0.5491791
1572432936948,-1.4513855,-9.767426,-0.47071838
1572432936968,-1.6082916,-9.375153,-0.47071838
1572432936987,-1.4121552,-8.825989,-0.11767578
1572432937007,-1.1375732,-8.708313,0.23536682
1572432937027,-0.78453064,-9.218246,0.43148804
1572432937047,-0.39227295,-9.64975,0.39227295
1572432937067,-0.039230347,-9.532059,-0.15690613
1572432937087,0.15690613,-9.728195,-0.50994873
1572432937107,0.5491791,-10.198914,-0.5491791
1572432937127,0.43148804,-10.787323,-0.31381226
1572432937147,0.3530426,-11.14035,-0.11767578
1572432937167,-0.039230347,-11.101135,0.19613647
1572432937186,-0.7453003,-11.258041,0.3530426
1572432937213,-1.9221039,-12.905548,-0.039230347
1572432937226,-3.2558136,-14.474609,0.2745819
1572432937246,-6.2762604,-14.200027,1.2160187
1572432937268,-8.786758,-11.611069,7.923767
1572432937286,-7.178467,-9.688965,5.4524994
1572432937307,-5.1779175,-10.277374,3.5696259
1572432937326,-2.628189,-13.21936,3.4911652
1572432937346,2.7066345,-17.338165,1.3337097
1572432937366,6.8646545,-17.455841,-3.334259
1572432937385,8.159134,-14.51384,-3.9618835
1572432937406,6.9823303,-10.551956,-1.8044281
1572432937426,5.4917297,-8.237579,0.7060852
1572432937447,4.550293,-8.159134,1.2160187
1572432937465,3.5696259,-8.629852,-0.5491791
1572432937486,2.0005493,-8.865219,-2.3928223
1572432937505,-1.0198975,-9.06134,-1.647522
1572432937527,-1.2160187,-9.139801,-0.5491791
1572432937544,0.39227295,-8.904434,-0.7453003
1572432937565,1.8828735,-7.9629974,-0.6276245
1572432937584,3.0596771,-6.786209,-0.6276245
1572432937605,3.9618835,-6.080124,-0.3530426
1572432937624,4.550293,-5.7270813,0.66685486
1572432937644,4.6287384,-5.4917297,1.3337097
1572432937664,4.1187897,-5.648636,0.94143677
1572432937684,2.902771,-7.217697,0.823761
1572432937704,-0.19613647,-10.787323,7.649185
1572432937726,-4.824875,-14.043121,4.1187897
1572432937746,-8.27681,-16.082901,-1.0198975
1572432937765,-8.943665,-15.219925,-2.1182404
1572432937784,-7.4530487,-12.748642,-0.9806671
1572432937803,-6.7469788,-12.5525055,0.39227295
1572432937824,-6.080124,-15.88678,-1.0198975
1572432937843,-2.0397797,-17.338165,2.510498
1572432937865,0.15690613,-12.591736,2.7458649
1572432937886,1.0591125,-7.1392365,1.2944794
1572432937905,2.471283,-4.001114,1.8436432
1572432937926,2.9812164,-3.765747,2.1574707
1572432937946,3.4911652,-6.354706,1.2944794
1572432937967,5.3348236,-9.375153,-4.550293
1572432937983,5.0602264,-10.865768,-5.687851
1572432938002,3.9226532,-10.120468,-4.707199
1572432938022,2.8243103,-9.257477,-3.2558136
1572432938042,1.8436432,-9.218246,-1.9613342
1572432938062,1.0591125,-9.571289,-1.4513855
1572432938084,0.31381226,-9.728195,-1.255249
1572432938104,-0.11767578,-9.610519,-1.2160187
1572432938123,-0.6276245,-9.375153,-1.1768036
1572432938143,-1.0591125,-9.492844,-1.4906158
1572432938164,-1.3729248,-9.767426,-1.0983429
1572432938182,-1.647522,-9.767426,-0.823761
1572432938202,-1.6082916,-9.453613,-0.6276245
1572432938222,-1.255249,-8.943665,-0.47071838
1572432938241,-0.43148804,-9.022125,-0.31381226
1572432938262,0.11767578,-9.492844,-0.11767578
1572432938283,0.15690613,-9.845871,0.15690613
1572432938303,0.039230347,-10.630417,0.19613647
1572432938322,-0.15690613,-10.630417,0.3530426
1572432938342,-0.31381226,-10.865768,0.47071838
1572432938360,-0.823761,-11.375717,0.39227295
1572432938380,-1.5298309,-11.532623,0.11767578
1572432938400,-2.4320526,-12.003342,0.9806671
1572432938421,-4.550293,-13.886215,1.9221039
1572432938439,-7.8453217,-13.690079,1.8436432
1572432938459,-9.375153,-11.258041,4.9033203
1572432938479,-8.27681,-10.551956,3.5303955
1572432938499,-5.3740387,-11.924881,3.2165833
1572432938521,-3.3734894,-15.651413,2.3143768
1572432938540,0.7453003,-20.82933,0.7060852
1572432938559,7.2961426,-20.319382,-3.765747
1572432938579,9.296707,-16.906662,-4.5110626
1572432938599,7.8453217,-12.670197,-1.6867371
1572432938618,7.1392365,-9.375153,0.07846069
1572432938638,6.23703,-8.237579,0.47071838
1572432938658,4.9033203,-7.923767,0.039230347
1572432938678,3.6873016,-7.5707397,-0.19613647
1572432938698,2.0005493,-7.4530487,-0.47071838
1572432938718,1.3337097,-7.492279,-0.07846069
1572432938738,2.902771,-7.335373,0.0
1572432938757,4.275696,-6.7469788,-0.31381226
1572432938778,5.2171326,-5.923218,-0.47071838
1572432938797,5.6094055,-5.413269,-0.23536682
1572432938817,5.3348236,-5.1779175,0.23536682
1572432938838,4.001114,-6.668518,2.0005493
1572432938858,0.823761,-9.963562,5.256363
1572432938877,-2.1966858,-13.023239,2.0397797
1572432938897,-5.138687,-15.141464,-0.86299133
1572432938917,-7.060791,-15.769089,-2.628189
1572432938941,-6.786209,-13.062454,-1.2160187
1572432938957,-8.629852,-11.767975,0.23536682
1572432938976,-8.35527,-12.238693,0.07846069
1572432938998,-4.864105,-14.5923,5.099457
1572432939016,-1.2944794,-14.474609,8.27681
1572432939036,-0.039230347,-11.297256,4.707199
1572432939056,0.94143677,-8.708313,2.2751465
1572432939076,1.4513855,-6.5508423,1.0983429
1572432939096,1.5690613,-6.511612,-0.43148804
1572432939116,1.2160187,-8.551407,-1.2944794
1572432939135,1.5690613,-9.100571,-1.7259674
1572432939155,1.5690613,-9.06134,-3.1381226
1572432939175,1.7651978,-9.3359375,-4.4718323
1572432939195,1.3729248,-9.453613,-4.15802
1572432939215,1.3337097,-9.3359375,-3.9618835
1572432939235,1.4906158,-9.257477,-3.5303955
1572432939255,1.4121552,-9.06134,-2.3928223
1572432939275,1.1375732,-8.943665,-1.5298309
1572432939295,0.94143677,-9.022125,-1.0591125
1572432939314,0.823761,-9.296707,-0.66685486
1572432939334,0.50994873,-9.532059,-0.6276245
1572432939354,0.15690613,-9.64975,-0.58839417
1572432939375,-0.07846069,-9.885101,-0.43148804
1572432939394,-0.039230347,-10.120468,-0.2745819
1572432939414,-0.039230347,-10.4734955,-0.039230347
1572432939435,-0.039230347,-10.238144,0.0
1572432939454,-0.039230347,-9.806656,0.11767578
1572432939474,-0.15690613,-9.845871,0.39227295
1572432939493,-0.3530426,-10.120468,0.43148804
1572432939513,-0.86299133,-10.904999,0.50994873
1572432939533,-1.5298309,-11.571854,0.19613647
1572432939553,-2.3143768,-11.454163,-0.31381226
1572432939579,-2.7458649,-11.964111,0.39227295
1572432939593,-5.6094055,-14.003891,3.2165833
1572432939613,-8.27681,-12.748642,5.138687
1572432939633,-9.100571,-10.512726,2.8635406
1572432939652,-6.354706,-10.39505,6.668518
1572432939672,-3.4911652,-11.101135,6.23703
1572432939693,-0.7060852,-13.886215,3.0204468
1572432939712,10.708862,-18.397278,-9.218246
1572432939732,15.533737,-18.240372,-13.729309
1572432939752,17.769653,-11.454163,-9.100571
1572432939774,12.238693,-6.2762604,-3.726532
1572432939793,7.923767,-6.7469788,2.0397797
1572432939812,3.608841,-10.39505,13.533173
1572432939832,1.4513855,-13.180145,17.298935
1572432939852,2.7458649,-11.179581,9.963562
1572432939871,1.1375732,-8.394485,3.3734894
1572432939891,0.58839417,-10.238144,1.255249
1572432939911,-0.19613647,-11.650299,-2.3928223
1572432939931,-6.825424,-12.238693,-1.0983429
1572432939951,-5.0602264,-12.160248,-1.3337097
1572432939971,-4.0795593,-10.787323,-1.8044281
1572432939992,-1.647522,-8.943665,-2.510498
1572432940011,1.2944794,-6.9823303,-2.5497284
1572432940030,2.471283,-5.7270813,-2.6674042
1572432940050,2.7458649,-5.1779175,-2.1574707
1572432940072,3.2558136,-4.9033203,-1.5298309
1572432940091,3.9618835,-4.550293,-1.5298309
1572432940110,4.3541565,-4.040344,-1.9221039
1572432940130,4.6679688,-3.726532,-2.353592
1572432940150,4.432602,-3.6873016,-2.1966858
1572432940171,3.8442078,-4.1972504,-2.1966858
1572432940189,2.628189,-6.4331665,-0.9806671
1572432940211,-2.2359161,-11.532623,10.551956
1572432940230,-8.943665,-18.122696,7.492279
1572432940249,-9.453613,-21.103912,6.3154907
1572432940269,-8.669083,-16.396713,3.5303955
1572432940290,-8.5121765,-14.082352,1.6082916
1572432940310,-7.060791,-14.788422,0.94143677
1572432940329,-4.6679688,-14.160797,-1.9613342
1572432940349,-0.86299133,-12.827103,2.0397797
1572432940370,-0.07846069,-11.571854,3.4519348
1572432940388,0.0,-9.571289,2.353592
1572432940408,-0.039230347,-6.4331665,0.2745819
1572432940428,0.39227295,-5.6094055,-1.2944794
1572432940448,2.0397797,-7.9629974,-3.2558136
1572432940468,3.334259,-9.06134,-4.9425507
1572432940488,3.726532,-9.022125,-4.589508
1572432940508,2.8243103,-9.296707,-3.4127197
1572432940530,2.1574707,-9.492844,-2.6674042
1572432940548,1.6082916,-9.3359375,-2.3143768
1572432940568,0.94143677,-8.982895,-1.7651978
1572432940590,0.50994873,-8.825989,-1.2160187
1572432940607,0.19613647,-9.022125,-0.823761
1572432940628,0.039230347,-9.414383,-0.66685486
1572432940647,-0.39227295,-9.571289,-0.66685486
1572432940667,-0.7060852,-9.3359375,-0.78453064
1572432940687,-0.78453064,-9.06134,-1.0198975
1572432940708,-0.50994873,-9.375153,-1.255249
1572432940727,-0.19613647,-9.571289,-1.4121552
1572432940747,-0.07846069,-9.218246,-1.2944794
1572432940767,-0.11767578,-9.3359375,-0.823761
1572432940787,0.0,-10.669632,-0.47071838
1572432940807,0.15690613,-11.767975,-0.15690613
1572432940826,0.2745819,-11.807205,-0.11767578
1572432940846,-0.039230347,-11.807205,-0.19613647
1572432940866,-0.9806671,-12.160248,0.39227295
1572432940886,-1.8828735,-11.885666,1.1768036
1572432940906,-2.5889587,-11.297256,1.6082916
1572432940951,-4.432602,-12.748642,4.314926
1572432940951,-6.2762604,-13.062454,6.786209
1572432940966,-6.5508423,-12.003342,4.864105
1572432940986,-7.1000214,-9.963562,1.9613342
1572432941005,-6.0408936,-9.924332,-0.11767578
1572432941025,-4.746414,-12.630966,-0.3530426
1572432941045,-0.86299133,-17.808884,-0.58839417
1572432941065,7.3746033,-20.162476,-7.8453217
1572432941085,9.218246,-17.220474,-9.806656
1572432941105,8.472946,-13.337051,-2.510498
1572432941125,5.687851,-10.708862,5.099457
1572432941145,4.6679688,-9.571289,2.4320526
1572432941165,2.3143768,-8.35527,-0.43148804
1572432941184,1.2944794,-8.119904,-1.5298309
1572432941204,1.9613342,-7.727646,-1.0198975
1572432941225,3.5696259,-7.3746033,-0.823761
1572432941244,4.589508,-6.3154907,-0.6276245
1572432941264,5.0210114,-5.1779175,-0.5491791
1572432941284,5.1779175,-4.001114,-0.9022064
1572432941304,4.6287384,-3.726532,-0.5491791
1572432941324,3.9618835,-5.2955933,0.039230347
1572432941343,1.6082916,-8.708313,3.2950287
1572432941363,-1.9613342,-12.47406,2.0397797
1572432941383,-4.550293,-14.788422,1.0983429
1572432941403,-7.178467,-15.690643,1.9221039
1572432941424,-7.884552,-12.984009,2.3928223
1572432941444,-7.6884155,-11.375717,3.2558136
1572432941463,-6.393936,-12.395599,2.5497284
1572432941483,-3.0989075,-15.102249,2.902771
1572432941503,1.4121552,-16.906662,4.864105
1572432941523,2.471283,-13.4939575,2.8635406
1572432941543,1.1768036,-8.159134,-0.039230347
1572432941563,0.94143677,-4.550293,-3.726532
1572432941583,2.1966858,-4.15802,-4.15802
1572432941602,2.8635406,-7.5707397,-3.8049774
1572432941622,3.4127197,-9.845871,-3.177353
1572432941642,4.2364655,-10.002777,-3.2950287
1572432941662,4.275696,-9.571289,-3.2558136
1572432941682,3.334259,-9.257477,-3.177353
1572432941702,2.353592,-9.492844,-2.2751465
1572432941739,1.647522,-9.806656,-1.4121552
1572432941741,0.9806671,-9.64975,-0.9806671
1572432941771,0.66685486,-9.532059,-0.78453064
1572432941782,0.43148804,-9.64975,-0.6276245
1572432941801,0.07846069,-9.845871,-0.50994873
1572432941823,-0.2745819,-9.845871,-0.31381226
1572432941841,-0.58839417,-10.042007,-0.039230347
1572432941861,-0.7060852,-10.277374,0.07846069
1572432941882,-0.823761,-10.35582,0.07846069
1572432941900,-0.78453064,-10.081238,0.58839417
1572432941922,-0.86299133,-9.806656,1.6082916
1572432941943,-0.9022064,-9.571289,2.1966858
1572432941961,-1.0198975,-9.767426,2.0005493
1572432941980,-1.4906158,-10.198914,1.255249
1572432942000,-2.0397797,-10.748093,0.3530426
1572432942022,-2.0005493,-10.983444,0.039230347
1572432942041,-1.5690613,-10.865768,0.19613647
1572432942059,-1.647522,-12.081787,0.6276245
1572432942081,-1.1768036,-12.003342,1.0198975
1572432942099,-2.1182404,-12.395599,1.7651978
1572432942119,-4.6679688,-12.356384,5.6094055
1572432942142,-5.570175,-10.904999,6.393936
1572432942162,-5.0210114,-10.198914,3.8049774
1572432942181,-4.040344,-11.885666,1.1375732
1572432942199,-0.78453064,-15.769089,-2.353592
1572432942219,4.3541565,-17.96579,-9.375153
1572432942238,6.4331665,-15.847549,-9.571289
1572432942264,6.668518,-12.395599,-7.217697
1572432942279,6.786209,-10.198914,-2.9812164
1572432942299,6.0408936,-9.3359375,1.2160187
1572432942318,5.099457,-9.06134,1.647522
1572432942342,4.3541565,-8.433716,-0.66685486
1572432942359,4.15802,-7.335373,-3.1381226
1572432942378,4.1972504,-6.5508423,-4.1187897
1572432942398,4.314926,-6.511612,-2.7066345
1572432942418,3.608841,-7.2569275,0.78453064
1572432942437,2.1966858,-8.159134,3.4911652
1572432942457,0.94143677,-9.296707,4.15802
1572432942477,-0.2745819,-9.845871,2.4320526
1572432942498,-0.7453003,-9.610519,-0.07846069
1572432942519,-3.177353,-12.081787,5.8839874
1572432942539,0.50994873,-12.670197,3.8049774
1572432942560,3.4519348,-10.551956,1.7651978
1572432942582,6.080124,-9.767426,1.7259674
1572432942598,9.610519,-12.787872,3.8049774
1572432942616,7.4138336,-13.337051,2.1966858
1572432942637,3.334259,-11.571854,1.5298309
1572432942656,-0.11767578,-9.139801,-0.58839417
1572432942676,-2.6674042,-8.31604,-3.765747
1572432942696,-4.2364655,-9.375153,-4.1972504
1572432942716,-3.883438,-10.904999,-3.4127197
1572432942736,-3.2558136,-10.669632,-2.6674042
1572432942756,-2.510498,-9.806656,-2.07901
1572432942776,-1.2944794,-9.139801,-0.66685486
1572432942797,-0.7453003,-9.414383,1.0591125
1572432942816,-0.7453003,-10.081238,2.1182404
1572432942836,-0.58839417,-10.198914,1.5298309
1572432942856,-0.3530426,-9.767426,0.50994873
1572432942877,-0.31381226,-9.728195,-0.19613647
1572432942896,-0.66685486,-10.120468,-1.1375732
1572432942915,-0.50994873,-10.35582,-2.3928223
1572432942935,-0.07846069,-10.081238,-2.9812164
1572432942955,0.58839417,-9.924332,-2.8243103
1572432942975,1.255249,-9.728195,-2.353592
1572432942995,1.5298309,-9.64975,-1.8436432
1572432943014,1.255249,-9.845871,-1.4906158
1572432943035,0.7453003,-10.43428,-1.4906158
1572432943056,0.15690613,-11.022675,-1.3729248
1572432943076,-0.50994873,-11.611069,-1.1768036
1572432943097,-1.9221039,-11.061905,0.47071838
1572432943114,-7.609955,-10.316589,8.982895
1572432943135,-8.669083,-10.39505,6.3154907
1572432943154,-6.472397,-11.72876,0.3530426
1572432943173,-2.3143768,-13.729309,-4.4718323
1572432943193,0.11767578,-14.670746,-7.1000214
1572432943214,2.3143768,-13.101685,-9.3359375
1572432943234,3.0596771,-10.787323,-9.610519
1572432943255,2.5889587,-10.198914,-5.844757
1572432943277,1.0198975,-10.865768,2.353592
1572432943294,1.255249,-11.532623,-0.3530426
1572432943313,1.1375732,-10.748093,-2.4320526
1572432943336,1.6867371,-10.120468,-2.7066345
1572432943353,3.0989075,-9.924332,-2.2751465
1572432943374,4.0795593,-9.571289,-1.3337097
1572432943393,4.824875,-9.257477,0.0
1572432943413,4.7856445,-8.747528,0.94143677
1572432943433,4.432602,-7.6884155,1.8044281
1572432943453,3.9226532,-7.1392365,1.5298309
1572432943473,3.0204468,-7.2569275,1.8044281
1572432943493,2.510498,-7.6884155,1.5298309
1572432943514,1.4121552,-7.4530487,1.2160187
1572432943532,-0.07846069,-7.609955,0.7060852
1572432943555,-1.2944794,-7.923767,-1.8044281
1572432943571,-1.0591125,-7.4530487,-4.589508
1572432943591,-0.7453003,-8.629852,-3.883438
1572432943612,-2.07901,-18.201141,-0.86299133
1572432943632,-5.844757,-22.319931,3.883438
1572432943651,-2.9420013,-14.945343,6.9823303
1572432943671,2.5497284,-9.845871,2.3928223
1572432943692,5.256363,-6.629303,-1.0198975
1572432943712,5.962448,-7.1000214,-2.4320526
1572432943734,6.943115,-8.629852,-3.5303955
1572432943753,6.23703,-8.786758,-2.7458649
1572432943773,4.432602,-8.669083,-1.6082916
1572432943790,2.9812164,-9.218246,-0.7453003
1572432943812,2.2751465,-9.767426,-0.6276245
1572432943833,1.4906158,-9.688965,-1.4513855
1572432943851,0.6276245,-9.963562,-2.2359161
1572432943870,-0.11767578,-10.591187,-2.2359161
1572432943890,-0.39227295,-11.022675,-2.1574707
1572432943913,-0.3530426,-11.061905,-2.0397797
1572432943932,-0.5491791,-10.865768,-1.8436432
1572432943956,-0.66685486,-10.591187,-1.255249
1572432943971,-1.0591125,-10.277374,-1.0198975
1572432943992,-1.3337097,-10.198914,-1.0983429
1572432944013,-1.8044281,-10.120468,-1.2944794
1572432944030,-2.1966858,-9.885101,-1.0591125
1572432944049,-2.471283,-9.688965,-0.86299133
1572432944071,-2.5497284,-9.453613,-0.7453003
1572432944091,-2.353592,-9.218246,-0.6276245
1572432944109,-1.9221039,-9.688965,-0.39227295
1572432944131,-1.7651978,-10.708862,-0.039230347
1572432944150,-1.4121552,-10.669632,0.11767578
1572432944169,-0.86299133,-9.963562,0.78453064
1572432944188,-0.58839417,-9.257477,1.5298309
1572432944211,-0.47071838,-8.865219,2.1966858
1572432944231,-0.43148804,-8.629852,2.7458649
1572432944251,-0.11767578,-8.394485,2.4320526
1572432944270,0.43148804,-8.590622,1.8044281
1572432944288,0.86299133,-9.375153,1.0983429
1572432944310,1.0591125,-9.845871,0.2745819
1572432944330,1.0983429,-9.728195,-0.3530426
1572432944349,1.255249,-9.453613,-0.86299133
1572432944370,1.2944794,-9.728195,-1.3337097
1572432944389,1.4513855,-10.120468,-1.8828735
1572432944412,1.7259674,-10.512726,-3.0204468
1572432944432,2.3928223,-10.983444,-4.040344
1572432944452,2.7850952,-11.650299,-3.3734894
1572432944468,2.3143768,-11.650299,-2.07901
1572432944493,1.5690613,-11.14035,-1.1768036
1572432944514,0.66685486,-10.787323,-0.47071838
1572432944532,0.2745819,-10.630417,-1.2944794
1572432944552,-0.7453003,-11.336487,1.5298309
1572432944569,-5.2955933,-12.944778,8.629852
1572432944586,-6.7077484,-13.21936,5.4524994
1572432944609,-5.923218,-11.72876,1.8044281
1572432944629,-4.550293,-10.904999,-0.5491791
1572432944648,-1.7259674,-12.003342,-3.6873016
1572432944667,1.7651978,-12.827103,-4.9033203
1572432944688,3.2558136,-12.121017,-3.2165833
1572432944708,4.001114,-11.4149475,-3.2950287
1572432944726,4.4718323,-10.669632,-3.8442078
1572432944747,4.1972504,-9.767426,-4.0795593
1572432944766,2.9812164,-9.492844,-3.4127197
1572432944792,1.8436432,-9.885101,-1.0983429
1572432944805,1.3729248,-9.924332,0.39227295
1572432944824,1.9613342,-9.885101,-0.86299133
1572432944845,2.9420013,-9.767426,-1.9221039
1572432944867,3.726532,-9.492844,-1.255249
1572432944884,3.6480713,-9.022125,-0.2745819
1572432944906,3.608841,-8.27681,0.43148804
1572432944924,3.9226532,-7.2961426,0.823761
1572432944944,3.9618835,-6.354706,1.4906158
1572432944964,3.9226532,-6.3154907,2.0005493
1572432944984,3.8049774,-7.2569275,2.471283
1572432945004,1.1375732,-8.5121765,4.15802
1572432945027,-6.903885,-11.964111,6.0408936
1572432945046,-12.47406,-16.749756,-1.3337097
1572432945067,-6.354706,-15.29837,-2.9420013
1572432945087,-2.6674042,-10.081238,-4.1187897
1572432945107,1.3337097,-5.413269,-4.0795593
1572432945124,10.787323,-3.2950287,9.296707
1572432945144,15.141464,-7.060791,5.570175
1572432945166,11.964111,-10.159683,-2.1966858
1572432945184,7.766861,-11.964111,-2.6674042
1572432945209,5.0602264,-11.571854,-1.0591125
1572432945225,3.2558136,-10.865768,-0.5491791
1572432945248,2.0005493,-11.022675,-0.58839417
1572432945268,1.2160187,-14.121582,-1.3729248
1572432945283,-0.823761,-16.475174,-3.0596771
1572432945302,-3.765747,-15.4552765,-4.314926
1572432945323,-5.805542,-12.748642,-4.393387
1572432945347,-5.099457,-9.845871,-3.9618835
1572432945367,-4.2364655,-9.06134,-2.510498
1572432945385,-3.1381226,-9.64975,-0.07846069
1572432945408,-3.1381226,-9.963562,0.823761
1572432945427,-3.0596771,-9.257477,0.15690613
1572432945447,-2.1966858,-8.865219,-0.6276245
1572432945467,-2.8635406,-10.551956,3.6873016
1572432945481,-5.256363,-11.454163,7.1392365
1572432945503,-8.747528,-10.944229,13.140915
1572432945527,-9.257477,-8.27681,12.042572
1572432945546,-10.787323,-10.748093,6.5900726
1572432945562,-11.297256,-14.670746,1.7259674
1572432945581,-9.139801,-14.788422,-0.58839417
1572432945601,-7.1392365,-16.043686,-1.0591125
1572432945626,-2.3928223,-22.672974,-2.510498
1572432945646,5.256363,-30.165253,-7.492279
1572432945661,8.5121765,-29.263046,-6.825424
1572432945685,11.297256,-23.692871,-0.86299133
1572432945701,11.336487,-17.88733,2.471283
1572432945721,10.787323,-14.082352,2.2359161
1572432945740,9.375153,-11.924881,0.78453064
1572432945760,6.1585693,-9.492844,-0.6276245
1572432945782,4.1972504,-7.217697,-2.4320526
1572432945801,3.334259,-5.530945,-2.902771
1572432945820,2.9812164,-4.3541565,-2.510498
1572432945840,3.5696259,-3.4911652,-0.9022064
1572432945866,4.275696,-2.5889587,1.4121552
1572432945884,3.883438,-1.8828735,2.1182404
1572432945903,2.2751465,-1.8828735,1.3337097
1572432945925,0.78453064,-2.628189,0.9022064
1572432945944,-1.3729248,-4.7856445,2.2359161
1572432945959,-5.805542,-9.296707,3.6873016
1572432945980,-8.198364,-13.80777,3.8442078
1572432946004,-6.4331665,-12.984009,1.0198975
1572432946024,-2.9420013,-10.198914,-1.9613342
1572432946044,-1.1375732,-8.198364,-4.707199
1572432946058,1.4513855,-9.06134,-7.727646
1572432946081,7.335373,-12.787872,-8.198364
1572432946104,12.47406,-16.788986,-5.099457
1572432946119,12.081787,-16.749756,-1.6867371
1572432946141,7.178467,-14.200027,0.5491791
1572432946160,3.177353,-15.219925,2.4320526
1572432946179,-4.1187897,-15.4552765,3.4519348
1572432946198,-3.8049774,-13.297821,-0.39227295
1572432946223,-2.3928223,-11.964111,-1.255249
1572432946243,-1.647522,-10.944229,-1.6082916
1572432946263,-0.86299133,-10.708862,-1.9613342
1572432946280,-0.58839417,-10.4734955,-1.7259674
1572432946301,-1.5298309,-9.806656,-0.31381226
1572432946318,-6.668518,-8.551407,11.336487
1572432946340,-7.2569275,-7.923767,11.061905
1572432946357,-3.5303955,-9.218246,4.981781
1572432946382,-0.3530426,-9.845871,1.5690613
1572432946399,0.5491791,-8.747528,-1.3729248
1572432946422,1.3729248,-8.159134,-3.6873016
1572432946437,2.7066345,-9.257477,-5.570175
1572432946462,1.5298309,-11.218811,-7.923767
1572432946482,-1.5690613,-12.43483,-2.3928223
1572432946501,-1.9613342,-13.21936,2.1966858
1572432946523,-1.1375732,-14.317703,0.94143677
1572432946541,-0.2745819,-14.827652,-0.039230347
1572432946561,1.4121552,-13.964676,0.5491791
1572432946580,2.1182404,-12.630966,1.9613342
1572432946595,1.8436432,-11.14035,3.4127197
1572432946621,2.0005493,-8.943665,3.608841
1572432946638,1.6867371,-6.1977997,2.5889587
1572432946657,1.0591125,-4.6679688,1.2944794
1572432946677,-0.15690613,-4.6679688,0.23536682
1572432946700,-1.8044281,-5.3348236,-0.19613647
1572432946720,-3.5696259,-6.511612,-0.5491791
1572432946734,-5.4524994,-7.609955,-1.0591125
1572432946760,-5.7663116,-8.35527,-1.5298309
1572432946779,-3.6480713,-8.237579,-1.0591125
1572432946796,0.7453003,-8.119904,-0.39227295
1572432946820,5.2955933,-8.669083,-0.07846069
1572432946834,9.688965,-10.983444,1.2160187
1572432946860,10.238144,-13.023239,0.7060852
1572432946876,9.296707,-11.101135,1.0591125
1572432946896,7.217697,-8.904434,0.5491791
1572432946919,4.589508,-8.159134,-0.15690613
1572432946937,2.2359161,-9.139801,-0.66685486
1572432946959,0.823761,-11.297256,-1.4513855
1572432946973,0.23536682,-13.572403,-1.9221039
1572432946994,-0.19613647,-13.964676,-2.1966858
1572432947013,-1.647522,-13.297821,-2.1574707
1572432947038,-2.1966858,-12.160248,-1.9613342
1572432947056,-1.7259674,-10.748093,-0.66685486
1572432947077,-0.94143677,-9.218246,0.47071838
1572432947097,-0.50994873,-8.237579,0.7453003
1572432947113,-0.2745819,-8.119904,0.3530426
1572432947138,0.47071838,-8.002228,-0.50994873
1572432947157,1.2160187,-7.1000214,-0.9806671
1572432947176,1.0983429,-6.9823303,-0.50994873
1572432947192,0.6276245,-8.5121765,0.039230347
1572432947217,0.19613647,-10.944229,0.47071838
1572432947238,-0.039230347,-12.670197,-0.78453064
1572432947253,-1.1768036,-13.846985,11.179581
1572432947277,-1.7259674,-13.611633,5.1779175
1572432947300,-3.1381226,-14.278488,2.510498
1572432947311,-4.275696,-13.533173,1.6867371
1572432947332,-4.4718323,-11.689529,1.5298309
1572432947350,-6.1585693,-11.924881,-0.47071838
1572432947372,-4.824875,-14.121582,-2.4320526
1572432947390,-1.647522,-17.142029,-3.0989075
1572432947410,1.9613342,-17.730423,-4.7856445
1572432947430,4.432602,-15.4552765,-5.648636
1572432947453,6.354706,-12.43483,-2.7850952
1572432947470,6.8646545,-10.551956,2.471283
1572432947493,4.981781,-9.100571,2.2751465
1572432947510,1.255249,-7.766861,-0.86299133
1572432947529,0.0,-7.766861,-1.8828735
1572432947549,0.50994873,-7.5315094,-1.0198975
1572432947569,1.8044281,-7.178467,-1.2944794
1572432947589,3.2950287,-6.511612,-1.7651978
1572432947609,4.15802,-5.3348236,-2.1574707
1572432947629,3.765747,-4.2364655,-2.3143768
1572432947649,2.628189,-3.726532,-2.07901
1572432947669,1.4121552,-4.6287384,-0.7060852
1572432947688,-0.58839417,-6.825424,3.5696259
1572432947708,-3.2950287,-10.316589,5.2171326
1572432947728,-6.4331665,-13.337051,3.0596771
1572432947748,-6.5508423,-12.748642,1.3729248
1572432947768,-4.1187897,-8.786758,1.0198975
1572432947788,-1.6082916,-4.432602,-0.39227295
1572432947809,-1.0198975,-15.533737,3.4911652
1572432947829,3.334259,-30.008347,3.2950287
1572432947847,5.687851,-16.828217,5.530945
1572432947868,6.7077484,-7.492279,1.8828735
1572432947887,5.962448,-5.4917297,-0.7060852
1572432947907,4.9033203,-7.178467,-1.3337097
1572432947927,5.0210114,-9.963562,-2.1574707
1572432947948,5.1779175,-11.767975,-2.9812164
1572432947967,4.6679688,-11.924881,-3.6873016
1572432947987,2.9420013,-10.826538,-3.6480713
1572432948007,1.3337097,-9.532059,-3.0596771
1572432948026,0.50994873,-8.943665,-2.7458649
1572432948047,0.039230347,-8.786758,-2.0005493
1572432948066,-0.5491791,-9.179031,-1.4513855
1572432948086,-0.9806671,-9.492844,-1.0198975
1572432948106,-1.647522,-9.453613,-1.4906158
1572432948126,-1.4121552,-8.865219,-1.4121552
1572432948147,-1.4513855,-8.35527,-0.9806671
1572432948167,-1.2944794,-8.551407,-0.7453003
1572432948186,-0.823761,-9.610519,-0.9022064
1572432948206,-0.58839417,-10.551956,-0.86299133
1572432948225,-0.66685486,-10.904999,-1.0591125
1572432948245,-0.7453003,-11.14035,-0.7060852
1572432948266,-0.823761,-11.650299,-0.07846069
1572432948285,-0.9022064,-11.767975,0.23536682
1572432948305,-1.255249,-11.689529,-0.15690613
1572432948327,-2.1966858,-11.846436,0.47071838
1572432948346,-3.334259,-11.650299,1.5298309
1572432948365,-4.6287384,-11.493393,2.1574707
1572432948384,-5.8839874,-13.062454,3.2558136
1572432948405,-8.904434,-14.6315155,6.1585693
1572432948425,-9.375153,-12.630966,4.589508
1572432948444,-7.884552,-10.669632,2.8635406
1572432948464,-6.1193542,-11.532623,1.7651978
1572432948485,-3.6873016,-16.357498,1.0591125
1572432948504,0.9022064,-23.379059,-0.19613647
1572432948524,8.943665,-24.085129,-5.530945
1572432948544,9.532059,-19.691757,-4.6287384
1572432948564,7.335373,-13.650864,-1.8828735
1572432948584,6.629303,-9.375153,0.78453064
1572432948604,6.943115,-8.041458,1.2944794
1572432948623,6.903885,-7.2569275,0.0
1572432948644,5.687851,-6.1977997,-0.66685486
1572432948663,4.4718323,-5.570175,-0.823761
1572432948683,4.6287384,-5.4524994,-1.3337097
1572432948703,4.6679688,-6.1193542,-2.0005493
1572432948723,3.4519348,-7.0215607,-1.0983429
1572432948743,3.0596771,-7.1000214,1.0983429
1572432948763,4.864105,-5.923218,0.823761
1572432948782,6.393936,-4.981781,1.4513855
1572432948803,4.550293,-6.472397,5.413269
1572432973380,5.648636,-7.335373,2.2751465
1572432973381,5.0210114,-6.8646545,0.039230347
1572432973381,3.9618835,-6.7077484,-0.7453003
1572432973382,3.0989075,-6.668518,-0.31381226
1572432973382,3.5696259,-6.354706,-0.39227295
1572432973382,4.393387,-5.648636,-1.1375732
1572432973382,5.256363,-4.824875,-1.4513855
1572432973382,5.962448,-4.2364655,-1.0198975
1572432973382,5.4524994,-5.413269,1.255249
1572432973382,2.471283,-8.904434,5.3740387
1572432973382,-3.177353,-12.630966,2.7458649
1572432973382,-7.217697,-15.925995,-1.6867371
1572432973382,-9.728195,-17.338165,-2.628189
1572432973383,-8.119904,-13.846985,-0.78453064
1572432973383,-9.375153,-15.533737,-0.23536682
1572432973383,-8.669083,-17.612747,-0.47071838
1572432973383,-2.2751465,-15.572968,8.198364
1572432973383,1.5690613,-11.4149475,8.119904
1572432973383,2.7458649,-7.8060913,4.9425507
1572432973383,2.471283,-5.256363,2.3928223
1572432973383,2.6674042,-4.589508,0.66685486
1572432973383,2.353592,-7.1392365,-2.1966858
1572432973383,4.589508,-10.198914,-6.080124
1572432973384,4.5110626,-10.512726,-5.256363
1572432973384,3.1381226,-9.218246,-3.883438
1572432973384,1.7259674,-8.35527,-2.7458649
1572432973384,1.0591125,-8.590622,-1.9613342
1572432973384,0.9806671,-9.375153,-1.3729248
1572432973384,0.78453064,-9.64975,-0.9806671
1572432973384,0.50994873,-9.64975,-0.5491791
1572432973384,0.15690613,-9.728195,-0.15690613
1572432973384,-0.6276245,-10.35582,0.039230347
1572432973384,-1.4513855,-10.35582,0.039230347
1572432973385,-1.6082916,-9.767426,0.39227295
1572432973385,-1.2944794,-8.786758,0.9806671
1572432973385,-0.94143677,-8.433716,1.3729248
1572432973385,-0.5491791,-8.708313,1.2160187
1572432973385,-0.47071838,-9.296707,0.94143677
1572432973386,-0.43148804,-10.277374,0.3530426
1572432973386,-0.47071838,-10.826538,-0.15690613
1572432973386,-0.39227295,-10.904999,-0.19613647
1572432973386,-0.6276245,-11.101135,0.15690613
1572432973386,-1.2160187,-11.258041,0.50994873
1572432973387,-2.7066345,-12.356384,1.1768036
1572432973387,-5.256363,-14.866882,1.1768036
1572432973387,-7.766861,-15.533737,1.4513855
1572432973387,-8.35527,-12.199478,2.5497284
1572432973387,-6.903885,-10.983444,3.2950287
1572432973387,-5.099457,-13.297821,3.0989075
1572432973387,-1.8828735,-18.71109,2.471283
1572432973388,3.883438,-21.849213,-0.3530426
1572432973408,7.923767,-19.221039,-3.8049774
1572432973429,9.022125,-14.670746,-2.5889587
1572432973455,7.4530487,-10.551956,0.039230347
1572432976749,5.962448,-10.238144,-1.9613342
1572432976749,6.1193542,-7.766861,-1.2160187
1572432976749,5.962448,-6.2762604,-1.0591125
1572432976749,5.923218,-5.7663116,0.23536682
1572432976749,5.6094055,-5.6094055,2.6674042
1572432976750,5.3740387,-5.923218,2.07901
1572432976750,4.15802,-6.23703,0.039230347
1572432976750,3.8049774,-5.7663116,-0.66685486
1572432976750,4.3541565,-5.3348236,-0.6276245
1572432976751,5.099457,-5.2171326,-0.78453064
1572432976751,5.6094055,-5.0210114,-0.39227295
1572432976751,5.687851,-6.511612,1.4121552
1572432976751,3.2165833,-9.492844,6.5900726
1572432976751,-1.647522,-12.081787,2.5889587
1572432976751,-6.629303,-15.88678,-2.353592
1572432976751,-9.571289,-18.044235,-1.5690613
1572432976751,-7.2961426,-13.846985,-0.11767578
1572432976751,-7.766861,-12.51329,-0.2745819
1572432976751,-7.4138336,-15.965225,-1.4513855
1572432976752,-3.1381226,-19.927109,7.649185
1572432976752,0.78453064,-14.200027,8.786758
1572432976752,1.4121552,-8.551407,4.393387
1572432976752,1.647522,-4.9425507,2.2359161
1572432976752,2.6674042,-3.2165833,0.15690613
1572432976752,3.9226532,-4.864105,-4.432602
1572432976752,6.5508423,-9.492844,-6.5508423
1572432976752,6.5508423,-11.375717,-5.413269
1572432976752,5.138687,-10.198914,-4.0795593
1572432976752,3.4911652,-8.708313,-3.177353
1572432976753,2.2359161,-8.159134,-2.1966858
1572432976753,1.5298309,-8.865219,-1.4906158
1572432976753,1.0591125,-9.571289,-1.0198975
1572432976753,0.78453064,-9.728195,-0.78453064
1572432976753,0.39227295,-9.885101,-0.31381226
1572432976753,-0.19613647,-10.002777,-0.2745819
1572432976753,-0.9806671,-10.159683,-0.39227295
1572432976753,-1.3337097,-9.924332,-0.3530426
1572432976753,-1.6867371,-9.728195,-0.2745819
1572432976753,-1.8828735,-10.002777,-0.3530426
1572432976754,-1.6082916,-10.316589,-0.2745819
1572432976755,-1.4121552,-9.885101,-0.31381226
1572432976755,-1.3337097,-9.767426,-0.039230347
1572432976755,-1.255249,-10.277374,0.58839417
1572432976755,-1.255249,-10.591187,0.9022064
1572432976755,-1.0983429,-10.826538,1.0591125
1572432976755,-1.1375732,-10.904999,1.1375732
1572432976755,-1.4513855,-10.4734955,1.0983429
1572432976755,-2.2359161,-10.630417,1.4513855
1572432976755,-3.8442078,-13.101685,1.5690613
1572432976757,-5.0602264,-14.003891,1.647522
1572432976757,-6.668518,-12.356384,1.5298309
1572432976769,-6.8646545,-10.35582,1.4906158
1572432976790,-5.7270813,-11.022675,2.0005493
1572432976808,-3.8442078,-15.4552765,2.7458649
1572432976828,1.0198975,-20.554733,1.647522
1572432976849,5.0602264,-20.0448,-1.5690613
1572432976868,5.8839874,-16.200592,-4.001114
1572432976888,6.1193542,-12.787872,-3.2558136
1572432976909,6.354706,-9.688965,-1.7259674
1572432976928,6.354706,-7.6884155,-0.9022064
1572432976949,5.844757,-6.943115,-0.2745819
1572432976968,4.864105,-6.7077484,1.7259674
1572432976987,4.15802,-6.786209,3.0596771
1572432977007,3.6873016,-7.060791,1.255249
1572432977028,2.9420013,-6.9823303,-0.7453003
1572432977047,3.4911652,-6.4331665,-0.5491791
1572432977068,4.1187897,-6.080124,-0.5491791
1572432977087,4.707199,-5.7663116,-1.1375732
1572432977106,4.9033203,-5.687851,-1.0591125
1572432978062,5.0602264,-6.7469788,-0.2745819
1572432978062,4.432602,-9.64975,3.9618835
1572432978062,-0.31381226,-12.905548,4.314926
1572432978062,-5.2171326,-15.494507,0.39227295
1572432978063,-6.2762604,-17.573517,-1.9221039
1572432978063,-6.786209,-14.200027,-1.1768036
1572432978063,-9.963562,-9.492844,-0.3530426
1572432978063,-8.904434,-9.414383,0.15690613
1572432978063,-6.1585693,-14.51384,4.040344
1572432978063,-1.0983429,-17.024338,5.2171326
1572432978064,2.1966858,-13.690079,3.6480713
1572432978064,1.4513855,-9.218246,0.31381226
1572432978064,2.0005493,-6.354706,0.43148804
1572432978064,3.0204468,-5.7270813,0.07846069
1572432978064,3.9618835,-7.727646,-1.6082916
1572432978064,5.8839874,-9.453613,-5.138687
1572432978064,5.7270813,-9.571289,-5.3348236
1572432978065,4.9033203,-8.5121765,-4.0795593
1572432978065,3.726532,-7.884552,-2.7850952
1572432978065,2.9812164,-8.551407,-1.647522
1572432978066,2.510498,-9.3359375,-0.9806671
1572432978066,1.9613342,-9.885101,-0.43148804
1572432978066,1.1375732,-9.806656,-0.039230347
1572432978066,0.58839417,-9.728195,0.19613647
1572432978066,0.19613647,-9.728195,0.47071838
1572432978066,-0.19613647,-10.002777,0.50994873
1572432978066,-1.0983429,-10.238144,0.07846069
1572432978066,-1.7651978,-10.198914,-0.3530426
1572432978066,-2.0005493,-10.081238,-0.6276245
1572432978066,-1.9221039,-9.806656,-0.6276245
1572432978067,-1.8436432,-9.532059,-0.78453064
1572432978067,-1.647522,-9.688965,-0.66685486
1572432978067,-1.4121552,-10.277374,-0.15690613
1572432978067,-1.5298309,-10.316589,0.31381226
1572432978067,-1.5298309,-10.39505,0.50994873
1572432978067,-1.6867371,-10.4734955,0.43148804
1572432978067,-1.9613342,-10.551956,0.66685486
1572432978067,-2.6674042,-11.14035,0.9806671
1572432978067,-3.883438,-13.611633,1.2944794
1572432978067,-5.2955933,-14.827652,1.8828735
1572432978068,-7.1000214,-13.023239,1.8044281
1572432978068,-7.727646,-10.591187,2.7850952
1572432978068,-6.3154907,-10.35582,3.5696259
1572432978068,-4.550293,-13.140915,3.6480713
1572432978071,-0.5491791,-19.338715,2.5497284
1572432978071,4.001114,-20.986237,-0.86299133
1572432978071,3.9618835,-18.044235,-1.647522
1572432978071,5.530945,-13.572403,-2.5497284
1572432978082,6.7077484,-10.748093,-2.2751465
1572432981607,4.589508,-7.766861,4.1972504
1572432981609,-0.47071838,-11.72876,6.5900726
1572432981609,-4.864105,-14.51384,1.4513855
1572432981609,-7.5315094,-16.435944,-1.5690613
1572432981609,-7.8060913,-14.396164,-0.58839417
1572432981609,-8.35527,-10.512726,0.94143677
1572432981609,-10.198914,-12.121017,-0.9806671
1572432981609,-7.3746033,-17.41661,2.7850952
1572432981609,-1.0983429,-14.043121,7.649185
1572432981609,0.3530426,-9.375153,5.2171326
1572432981609,0.11767578,-8.237579,2.2751465
1572432981611,1.4513855,-7.8453217,1.4513855
1572432981611,2.6674042,-7.8060913,-0.823761
1572432981611,3.3734894,-8.943665,-4.9033203
1572432981611,5.256363,-9.728195,-5.7270813
1572432981611,5.256363,-8.865219,-4.589508
1572432981611,4.314926,-7.727646,-3.0596771
1572432981611,3.2558136,-7.6884155,-1.8044281
1572432981611,2.510498,-8.786758,-1.2944794
1572432981611,2.1182404,-9.571289,-1.0983429
1572432981612,1.4906158,-9.924332,-0.86299133
1572432981613,0.823761,-9.806656,-0.58839417
1572432981613,0.23536682,-9.571289,-0.2745819
1572432981613,-0.19613647,-9.767426,0.11767578
1572432981613,-0.5491791,-9.885101,0.11767578
1572432981613,-0.58839417,-9.728195,0.11767578
1572432981613,-0.7453003,-9.64975,0.07846069
1572432981613,-0.5491791,-9.806656,0.39227295
1572432981614,-0.19613647,-10.002777,0.3530426
1572432981614,-0.11767578,-9.963562,0.31381226
1572432981614,-0.2745819,-9.924332,0.43148804
1572432981615,-0.31381226,-10.316589,0.43148804
1572432981615,-0.5491791,-11.061905,0.6276245
1572432981615,-1.2160187,-11.375717,0.6276245
1572432981615,-1.8436432,-11.061905,0.6276245
1572432981615,-2.7458649,-12.51329,1.3729248
1572432981615,-4.15802,-14.278488,1.4513855
1572432981615,-5.962448,-14.239258,1.6867371
1572432981615,-7.178467,-11.611069,3.765747
1572432981615,-6.2762604,-9.885101,4.275696
1572432981615,-4.550293,-10.551956,3.0989075
1572432981616,-2.1574707,-13.964676,2.2359161
1572432981616,2.2359161,-18.789536,0.47071838
1572432981616,7.492279,-18.67186,-4.6679688
1572432981616,8.394485,-15.572968,-4.393387
1572432981617,6.7469788,-11.807205,-2.1574707
1572432981617,5.570175,-9.06134,-0.5491791
1572432981617,3.9226532,-8.159134,2.7066345
1572432981617,3.5303955,-8.080673,2.0397797
1572432981617,3.2165833,-8.002228,-0.3530426
1572432981625,2.510498,-7.884552,-1.255249
1572432981641,2.4320526,-7.766861,-0.6276245
1572432981663,3.334259,-7.5707397,-0.23536682
1572432981681,4.4718323,-6.825424,-0.5491791
1572432981701,5.3740387,-5.8839874,-0.58839417
1572432981721,6.1585693,-5.099457,-0.50994873
1572432982135,6.511612,-4.824875,0.11767578
1572432982135,5.530945,-6.5508423,2.8635406
1572432982135,1.6867371,-10.159683,6.7077484
1572432982135,-3.2950287,-13.4939575,2.1574707
1572432982135,-6.7077484,-15.769089,-1.3729248
1572432982136,-6.7469788,-16.122131,-3.0989075
1572432982136,-7.1392365,-13.21936,-1.5298309
1572432982136,-9.806656,-13.886215,-0.43148804
1572432982136,-8.551407,-14.866882,-0.78453064
1572432982136,-4.6679688,-14.082352,2.3928223
1572432982136,-2.4320526,-12.042572,2.7458649
1572432982136,0.5491791,-9.414383,2.0397797
1572432982136,4.589508,-6.7469788,5.923218
1572432982136,3.9226532,-5.7270813,4.4718323
1572432982136,2.8635406,-7.2961426,3.5696259
1572432982138,2.628189,-9.3359375,-0.7453003
1572432982138,3.334259,-9.64975,-6.5508423
1572432982138,3.4127197,-9.728195,-6.825424
1572432982138,2.6674042,-9.375153,-4.7856445
1572432982138,1.5690613,-8.943665,-3.0989075
1572432982139,0.9806671,-8.825989,-2.3928223
1572432982158,0.58839417,-9.139801,-2.0397797
1572432982179,0.2745819,-9.610519,-1.6867371
1572432982197,-0.11767578,-9.767426,-1.2160187
1572432982219,-0.43148804,-9.806656,-0.823761
1572432982237,-0.6276245,-9.806656,-0.6276245
1572432982257,-0.66685486,-9.414383,-0.58839417
1572432982277,-0.58839417,-8.982895,-0.3530426
1572432982297,-0.5491791,-9.257477,-0.19613647
1572432982317,-0.039230347,-9.924332,-0.11767578
1572432982337,0.3530426,-10.198914,0.0
1572432982357,0.5491791,-10.002777,0.0
1572432982376,0.7453003,-10.238144,0.2745819
1572432982396,0.50994873,-10.39505,0.50994873
1572432982416,0.19613647,-10.826538,0.58839417
1572432982436,-0.39227295,-11.297256,0.58839417
1572432982457,-1.255249,-11.4149475,0.43148804
1572432982476,-2.0397797,-11.72876,0.9806671
1572432982496,-3.9226532,-13.101685,1.4906158
1572432982516,-6.23703,-13.572403,1.2160187
1572432982536,-9.257477,-12.51329,5.3348236
1572432982556,-8.590622,-10.238144,4.9425507
1572432982576,-6.5900726,-10.198914,3.608841
1572432982596,-4.1972504,-12.356384,3.4519348
1572432982615,-1.3337097,-17.298935,1.9613342
1572432982635,4.1972504,-21.025452,-1.5690613
1572432982655,8.551407,-18.358047,-6.511612
1572432982675,7.727646,-14.356934,-4.432602
1572432982695,7.060791,-10.865768,-1.6867371
1572432982714,5.7270813,-8.708313,1.8436432
1572432982734,4.7856445,-8.002228,2.628189
1572432982754,3.883438,-7.727646,0.31381226
1572432982774,2.7458649,-7.649185,-1.5690613
1572432982794,1.8828735,-7.766861,-0.9022064
1572432982814,2.2751465,-7.492279,-0.07846069
1572432982834,3.1381226,-6.903885,-0.31381226
1572432982854,3.9618835,-5.7270813,-0.78453064
1572432982873,4.707199,-4.7856445,-1.1375732
1572432982894,5.2171326,-4.393387,-0.43148804
1572432982914,5.413269,-4.864105,0.5491791
1572432982933,3.5303955,-7.492279,3.3734894
1572432982953,-0.78453064,-11.924881,5.687851
1572432982978,-4.4718323,-14.435394,1.8436432
1572432982993,-7.3746033,-16.239807,-0.2745819
1572432983013,-7.492279,-14.239258,-0.7060852
1572432983033,-8.198364,-11.454163,0.19613647
1572432983053,-7.727646,-13.80777,1.0198975
1572432983073,-3.4127197,-17.730423,6.943115
1572432983092,1.0983429,-14.55307,8.472946
1572432983113,1.6082916,-10.39505,5.0602264
1572432983133,0.9806671,-7.335373,2.1574707
1572432983152,1.6867371,-5.0210114,-0.50994873
1572432983172,3.334259,-5.099457,-3.177353
1572432983194,4.275696,-8.237579,-5.0210114
1572432983213,5.138687,-10.159683,-4.5110626
1572432983233,4.275696,-9.688965,-3.9226532
1572432983253,3.0204468,-8.982895,-3.0596771
1572432983271,1.7651978,-9.179031,-2.1966858
1572432983291,1.0198975,-9.845871,-1.6082916
1572432983312,0.6276245,-10.081238,-1.2944794
1572432983331,0.19613647,-9.532059,-1.1375732
1572432983351,-0.15690613,-9.139801,-0.7060852
1572432983371,-0.23536682,-9.179031,-0.66685486
1572432983391,-0.47071838,-9.414383,-0.39227295
1572432983411,-0.66685486,-9.610519,0.823761
1572432983430,-0.7060852,-9.179031,1.8044281
1572432983450,-0.5491791,-8.472946,2.1574707
1572432983470,-0.31381226,-8.472946,1.9221039
1572432983490,0.2745819,-8.825989,1.255249
1572432983510,1.0198975,-9.218246,-0.23536682
1572432983530,1.6082916,-9.806656,-1.6867371
1572432983549,1.7259674,-10.787323,-2.3928223
1572432983570,1.5298309,-11.061905,-1.9613342
1572432983590,0.823761,-11.218811,-0.94143677
1572432983614,0.31381226,-11.258041,-0.15690613
1572432983633,-0.58839417,-11.885666,0.3530426
1572432983649,-1.8828735,-13.650864,-0.94143677
1572432983669,-4.001114,-15.102249,-0.58839417
1572432983689,-6.7077484,-14.474609,0.9022064
1572432983709,-9.924332,-11.336487,9.139801
1572432983729,-7.884552,-9.375153,6.1193542
1572432983749,-5.413269,-10.35582,4.864105
1572432983773,-2.8243103,-13.140915,4.550293
1572432983788,0.19613647,-17.455841,1.8436432
1572432983808,5.570175,-18.083466,-1.4906158
1572432983829,8.080673,-15.690643,-6.080124
1572432983848,7.2569275,-12.866333,-4.7856445
1572432983868,5.8839874,-9.64975,-2.628189
1572432983888,5.805542,-8.590622,-0.6276245
1572432983908,5.6094055,-8.394485,0.6276245
1572432983934,4.1972504,-8.27681,1.2944794
1572432983948,2.510498,-8.041458,0.66685486
1572432983968,1.0983429,-7.9629974,-0.47071838
1572432983987,0.78453064,-7.766861,-0.50994873
1572432984008,2.07901,-7.060791,-0.31381226
1572432984029,3.6873016,-6.23703,-0.66685486
1572432984047,5.1779175,-5.648636,-0.7060852
1572432984068,5.805542,-5.1779175,-0.19613647
1572432984087,5.648636,-5.530945,0.9806671
1572432984106,3.8049774,-7.9629974,4.1187897
1572432984127,-0.43148804,-11.846436,6.1585693
1572432984146,-4.3541565,-14.043121,1.7259674
1572432984166,-7.5315094,-15.690643,-2.0005493
1572432984186,-7.766861,-14.317703,-2.1966858
1572432984206,-8.237579,-10.748093,-0.50994873
1572432984226,-9.532059,-11.846436,-0.6276245
1572432984251,-7.1000214,-15.847549,1.3337097
1572432984266,-1.9613342,-16.475174,7.6884155
1572432984286,0.11767578,-12.199478,6.1193542
1572432984305,1.0591125,-9.453613,3.0989075
1572432984325,2.7066345,-6.786209,1.6867371
1572432984345,3.2950287,-5.2171326,0.11767578
1572432984366,4.0795593,-7.2961426,-4.314926
1572432984385,4.707199,-9.728195,-4.9425507
1572432984405,4.314926,-9.100571,-5.2171326
1572432984425,3.5303955,-8.198364,-3.883438
1572432984445,2.7066345,-8.433716,-3.0989075
1572432984464,1.8828735,-9.3359375,-2.4320526
1572432984484,1.3729248,-9.767426,-2.0397797
1572432984504,0.86299133,-9.532059,-1.647522
1572432984525,0.58839417,-9.139801,-0.9806671
1572432984547,0.3530426,-9.139801,-0.3530426
1572432984564,0.039230347,-9.492844,0.19613647
1572432984586,-0.3530426,-9.767426,0.3530426
1572432984604,-0.6276245,-9.64975,0.07846069
1572432984624,-0.78453064,-9.3359375,-0.039230347
1572432984646,-0.66685486,-9.375153,0.11767578
1572432984664,-0.31381226,-9.767426,0.039230347
1572432984927,-0.19613647,-9.571289,-0.3530426
1572432984927,-0.23536682,-9.571289,-0.5491791
1572432984927,0.11767578,-10.316589,-0.47071838
1572432984927,0.15690613,-11.101135,-0.3530426
1572432984927,-0.11767578,-11.218811,-0.19613647
1572432984927,-0.3530426,-11.218811,0.0
1572432984927,-0.5491791,-11.101135,-0.07846069
1572432984928,-0.94143677,-11.14035,-0.2745819
1572432984928,-2.3143768,-13.023239,0.78453064
1572432984928,-4.0795593,-13.180145,1.0983429
1572432984928,-9.414383,-12.042572,6.903885
1572432984929,-11.964111,-10.198914,5.923218
1572432984929,-8.825989,-9.924332,5.3740387
1572432984943,-5.413269,-12.081787,3.334259
1572432984962,-2.510498,-17.573517,0.11767578
1572432984982,2.4320526,-21.143143,-3.726532
1572432985002,5.687851,-18.907227,-6.903885
1572432985021,5.6094055,-14.670746,-7.923767
1572432985041,5.7663116,-11.4149475,-4.3541565
1572432985063,5.8839874,-9.022125,-1.8436432
1572432985082,5.099457,-8.119904,2.471283
1572432985102,4.550293,-7.8453217,3.726532
1572432985122,5.0210114,-7.766861,0.7453003
1572432985143,4.824875,-7.649185,-1.1768036
1572432985160,4.6287384,-7.766861,-0.9022064
1572432985181,3.8442078,-7.766861,-0.19613647
1572432985201,3.4127197,-7.5707397,-0.6276245
1572432985220,4.15802,-6.903885,-0.823761
1572432985240,5.6094055,-5.962448,-0.43148804
1572432985261,6.511612,-5.3348236,1.1375732
1572432985282,5.0602264,-6.786209,4.0795593
1572432985300,1.4513855,-9.885101,6.1977997
1572432985320,-2.2751465,-12.591736,2.4320526
1572432985340,-4.9425507,-14.317703,-0.50994873
1572432985362,-7.178467,-15.612183,-1.3729248
1572432985380,-6.8646545,-12.984009,-0.78453064
1572432985399,-8.865219,-12.5525055,-1.0198975
1572432985419,-8.080673,-15.180695,-0.7453003
1572432985439,-4.393387,-17.808884,8.119904
1572432985461,-0.78453064,-13.297821,7.8453217
1572432985481,-0.15690613,-9.100571,4.040344
1572432985499,0.66685486,-6.511612,2.4320526
1572432985519,1.8436432,-4.824875,0.7453003
1572432985541,3.0596771,-6.5508423,-2.9420013
1572432985559,3.9618835,-9.571289,-5.256363
1572432985579,4.3541565,-9.885101,-6.23703
1572432985599,3.765747,-9.06134,-5.7663116
1572432985620,2.7850952,-8.433716,-4.314926
1572432985640,1.9613342,-8.590622,-2.8635406
1572432985660,1.647522,-9.453613,-1.8828735
1572432985681,1.3337097,-9.571289,-1.255249
1572432985700,1.1375732,-9.06134,-0.823761
1572432985719,0.9022064,-8.904434,-0.2745819
1572432985739,0.823761,-9.257477,0.15690613
1572432985758,0.7060852,-9.453613,0.47071838
1572432985779,0.47071838,-9.257477,0.43148804
1572432985799,0.31381226,-8.904434,-0.11767578
1572432985819,0.5491791,-9.296707,-0.58839417
1572432985839,1.2160187,-10.042007,-1.1375732
1572432985857,1.5298309,-10.081238,-1.4513855
1572432985877,1.4906158,-10.042007,-1.1768036
1572432986150,1.1768036,-10.316589,-0.43148804
1572432986150,0.9806671,-10.512726,0.07846069
1572432986150,0.47071838,-10.748093,0.3530426
1572432986150,-0.2745819,-11.218811,0.39227295
1572432986150,-1.0591125,-11.375717,-0.47071838
1572432986150,-2.5497284,-13.180145,-0.039230347
1572432986152,-3.8442078,-14.749207,1.1375732
1572432986152,-6.511612,-15.063019,0.31381226
1572432986152,-9.688965,-12.787872,3.9226532
1572432986152,-8.198364,-9.375153,4.275696
1572432986152,-6.080124,-9.414383,3.608841
1572432986152,-3.8442078,-11.258041,4.1972504
1572432986152,-1.1375732,-15.651413,2.902771
1572432986156,3.334259,-19.377945,-0.7453003
1572432986427,6.7077484,-17.455841,-5.3348236
1572432986427,7.2569275,-14.239258,-5.0210114
1572432986429,5.962448,-11.061905,-3.2165833
1572432986429,5.3348236,-8.825989,-2.2751465
1572432986429,5.256363,-8.433716,-1.8828735
1572432986429,4.7856445,-8.669083,-0.2745819
1572432986429,3.2950287,-8.708313,2.1966858
1572432986429,2.1182404,-8.786758,1.5690613
1572432986429,1.1768036,-8.825989,-0.039230347
1572432986429,1.8044281,-8.198364,-0.07846069
1572432986429,3.4519348,-7.1392365,-0.11767578
1572432986429,5.099457,-5.923218,-0.43148804
1572432986430,6.2762604,-5.1779175,-0.6276245
1572432986436,6.511612,-4.707199,-0.11767578
1572432986457,5.844757,-5.530945,1.2944794
1572432986475,2.7458649,-8.786758,5.8839874
1572432986494,-1.5690613,-13.101685,5.2171326
1572432986514,-4.6287384,-14.6315155,0.39227295
1572432986537,-7.2961426,-15.88678,-2.0397797
1572432986556,-7.060791,-13.729309,-1.1768036
1572432986576,-8.394485,-12.238693,0.31381226
1572432986594,-8.237579,-13.886215,-0.07846069
1572432986616,-4.550293,-13.80777,1.8436432
1572432986635,-1.7651978,-12.984009,5.099457
1572432986655,-0.47071838,-10.551956,3.2165833
1572432986674,1.4906158,-8.159134,2.7066345
1572432986693,2.8635406,-6.2762604,2.510498
1572432988212,-2.8635406,-14.121582,0.58839417
1572432988212,-5.570175,-13.297821,1.5690613
1572432988212,-8.35527,-11.022675,5.962448
1572432988212,-7.5315094,-9.492844,3.2950287
1572432988212,-4.981781,-10.120468,3.4519348
1572432988213,-2.7066345,-12.827103,2.628189
1572432988213,0.3530426,-17.298935,1.1375732
1572432988213,5.0210114,-18.279602,-2.6674042
1572432988213,6.511612,-15.572968,-5.6094055
1572432988213,5.7663116,-12.395599,-3.6873016
1572432988213,5.3740387,-9.767426,-2.2751465
1572432988213,4.7856445,-8.237579,-1.0983429
1572432988214,3.6873016,-7.923767,0.9806671
1572432988214,2.5889587,-7.766861,2.5889587
1572432988214,2.3143768,-8.080673,1.1375732
1572432988215,1.9221039,-8.159134,-0.31381226
1572432988215,2.1574707,-7.6884155,-0.2745819
1572432988215,3.6873016,-6.903885,-0.23536682
1572432988215,5.3740387,-6.2762604,-0.823761
1572432988215,6.1977997,-5.844757,-1.0591125
1572432988215,6.1977997,-5.687851,-0.43148804
1572432988215,5.570175,-6.080124,0.6276245
1572432988215,3.883438,-8.551407,3.6873016
1572432988215,-0.823761,-12.317154,6.8646545
1572432988216,-5.256363,-14.239258,1.7259674
1572432988217,-9.179031,-16.200592,-2.0397797
1572432988217,-8.551407,-13.690079,-1.1768036
1572432988217,-9.218246,-10.551956,0.19613647
1572432988217,-8.786758,-12.51329,0.5491791
1572432988217,-4.7856445,-16.985123,4.6679688
1572432988217,0.23536682,-14.866882,8.002228
1572432988217,1.1375732,-10.4734955,5.256363
1572432988217,1.4121552,-8.002228,2.7850952
1572432988217,2.1966858,-6.23703,1.5298309
1572432988217,2.1966858,-6.0408936,-0.50994873
1572432988218,2.4320526,-8.237579,-2.8635406
1572432988218,3.4127197,-9.571289,-5.138687
1572432988218,3.4911652,-9.296707,-5.570175
1572432988218,2.8243103,-8.747528,-4.6287384
1572432988218,2.1574707,-8.590622,-3.5303955
1572432988218,1.7651978,-8.865219,-2.5497284
1572432988218,1.4906158,-9.218246,-1.8828735
1572432988218,1.255249,-9.3359375,-1.3337097
1572432988218,1.255249,-9.179031,-0.823761
1572432988218,1.1375732,-9.179031,-0.31381226
1572432988219,0.86299133,-9.571289,0.15690613
1572432988219,0.47071838,-9.728195,0.2745819
1572432988219,0.0,-9.64975,0.19613647
1572432988219,-0.23536682,-9.64975,0.0
1572432988219,-0.07846069,-9.963562,-0.31381226
1572432988226,0.11767578,-10.238144,-0.47071838
1572432988246,0.15690613,-9.688965,-0.58839417
1572432988265,0.11767578,-9.806656,-0.3530426
1572432988284,0.11767578,-10.43428,-0.039230347
1572432988303,-0.19613647,-10.512726,0.19613647
1572432988323,-0.47071838,-10.551956,0.23536682
1572432988343,-0.7060852,-10.865768,0.23536682
1572432988363,-1.2160187,-10.983444,-0.11767578
1572432988383,-2.07901,-12.356384,-0.39227295
1572432988404,-2.902771,-14.003891,0.9806671
1572432988423,-4.314926,-14.043121,1.647522
1572432988442,-7.2569275,-12.787872,5.7270813
1572432988462,-7.6884155,-10.316589,5.256363
1572432988485,-6.2762604,-9.728195,3.2165833
1572432988502,-4.001114,-10.983444,4.0795593
1572432988524,-1.7651978,-14.200027,3.4911652
1572432988542,1.8044281,-18.318817,1.0198975
1572432988562,5.570175,-17.96579,-5.099457
1572432988582,5.8839874,-15.102249,-6.472397
1572432988602,4.9033203,-11.807205,-3.883438
1572432988623,4.6679688,-9.139801,-2.5889587
1572432988645,4.6287384,-8.786758,-0.15690613
1572432988663,3.726532,-8.629852,2.9420013
1572432988682,2.902771,-8.394485,1.7259674
1572432988701,1.9613342,-8.708313,-0.43148804
1572432988723,1.7259674,-8.551407,0.0
1572432988741,2.902771,-8.080673,0.47071838
1572432988761,4.3541565,-7.2569275,-0.07846069
1572432988781,5.6094055,-6.1585693,-0.7060852
1572432994548,-8.433716,-14.082352,0.07846069
1572432994549,-8.669083,-11.336487,-0.11767578
1572432994549,-8.041458,-14.906113,-0.7453003
1572432994549,-4.1972504,-21.221588,6.9823303
1572432994549,-0.07846069,-15.88678,8.27681
1572432994549,0.5491791,-10.002777,4.393387
1572432994550,1.1375732,-5.962448,2.5889587
1572432994550,1.8044281,-3.765747,1.4513855
1572432994550,2.1966858,-4.1187897,-0.2745819
1572432994550,4.314926,-8.198364,-4.9425507
1572432994550,5.3740387,-10.708862,-6.668518
1572432994550,4.9425507,-10.39505,-5.844757
1572432994550,4.1187897,-8.865219,-3.8049774
1572432994550,2.6674042,-8.590622,-2.3143768
1572432994550,1.9613342,-9.139801,-1.4121552
1572432994550,1.4513855,-9.375153,-0.9806671
1572432994551,0.94143677,-9.3359375,-0.66685486
1572432994551,0.47071838,-9.257477,-0.23536682
1572432994551,0.039230347,-9.414383,0.11767578
1572432994551,-0.43148804,-9.728195,0.07846069
1572432994557,-0.94143677,-9.806656,-0.15690613
1572432994557,-1.2160187,-9.375153,-0.50994873
1572432994557,-1.0198975,-9.179031,-0.50994873
1572432994557,-0.7453003,-9.532059,-0.47071838
1572432994557,-0.31381226,-9.806656,-0.31381226
1572432994557,0.039230347,-9.688965,-0.19613647
1572432994558,0.19613647,-10.042007,0.07846069
1572432994558,0.5491791,-10.277374,0.31381226
1572432994558,0.31381226,-10.43428,0.43148804
1572432994558,-0.2745819,-10.826538,0.66685486
1572432994558,-0.9022064,-11.14035,0.6276245
1572432994558,-1.7259674,-10.904999,0.3530426
1572432994558,-3.3734894,-12.5525055,0.86299133
1572432994559,-6.5508423,-14.435394,1.2944794
1572432994559,-10.826538,-13.258591,5.3740387
1572432994559,-10.238144,-10.708862,4.864105
1572432994560,-7.4138336,-10.708862,3.765747
1572432994561,-5.0602264,-14.160797,2.510498
1572432994561,0.07846069,-22.08458,1.0983429
1572432994561,8.002228,-23.104477,-5.570175
1572432994561,8.002228,-17.96579,-5.8839874
1572432994561,6.5508423,-12.827103,-2.0397797
1572432994561,5.805542,-9.139801,0.39227295
1572432994561,4.9425507,-7.923767,3.0596771
1572432994561,4.707199,-8.119904,2.0005493
1572432994561,4.2364655,-8.159134,0.039230347
1572432994562,4.001114,-7.9629974,-1.0198975
1572432994562,3.5303955,-8.002228,-0.6276245
1572432994562,3.334259,-7.923767,-0.31381226
1572432994562,4.001114,-7.5315094,-0.94143677
1572432994562,4.9425507,-6.629303,-1.0198975
1572432994570,5.530945,-5.413269,-1.2160187
1572432994590,6.1193542,-4.5110626,-0.7060852
1572432994609,5.805542,-4.5110626,0.9022064
1572432994629,2.9812164,-7.1392365,4.15802
1572432994648,-1.1768036,-10.748093,4.1187897
1572432994668,-4.9425507,-13.101685,-1.0591125
1572432994687,-8.159134,-15.416061,-2.628189
1572432994707,-8.119904,-13.846985,-0.58839417
1572432994732,-7.649185,-11.885666,-0.15690613
1572432994749,-7.8453217,-16.122131,-0.78453064
1572432994773,-4.6679688,-20.476288,6.825424
1572432994788,-0.47071838,-15.29837,8.5121765
1572432994807,0.39227295,-10.277374,4.746414
1572432994827,0.19613647,-6.2762604,1.8044281
1572432994847,0.94143677,-4.001114,0.66685486
1572432994867,1.8436432,-4.1972504,-1.7259674
1572432994889,3.5303955,-8.198364,-6.3154907
1572432994908,5.0602264,-10.708862,-7.335373
1572432994926,4.550293,-10.198914,-6.1977997
1572432994946,3.765747,-8.669083,-4.550293
1572432994966,3.0989075,-8.31604,-3.4127197
1572432994986,2.7850952,-8.865219,-2.4320526
1572432995006,2.471283,-9.218246,-1.6082916
1572432995026,2.07901,-9.296707,-1.0198975
1572432995046,1.6867371,-9.218246,-0.43148804
1572432995066,1.0591125,-9.414383,0.11767578
1572432995085,0.47071838,-9.806656,0.43148804
1572432995105,0.07846069,-10.081238,0.47071838
1572432995125,-0.47071838,-10.042007,0.07846069
1572432995145,-0.66685486,-10.002777,-0.15690613
1572432995165,-0.78453064,-9.963562,-0.39227295
1572432995185,-0.5491791,-10.002777,-0.5491791
1572432995205,-0.47071838,-9.728195,-0.47071838
1572432995225,-0.50994873,-9.924332,-0.19613647
1572432995244,-0.50994873,-10.4734955,0.07846069
1572432995264,-0.7453003,-10.787323,0.23536682
1572432995284,-1.1375732,-11.336487,0.3530426
1572432995304,-1.6867371,-11.571854,0.31381226
1572432995324,-1.9613342,-11.336487,0.43148804
1572432995344,-3.0204468,-12.160248,1.255249
1572432995365,-4.589508,-13.415497,1.2944794
1572432995384,-6.393936,-13.80777,1.8436432
1572432995404,-8.394485,-11.532623,5.138687
1572432995423,-7.335373,-9.885101,4.0795593
1572432995443,-5.3348236,-10.198914,3.0989075
1572432995463,-3.2950287,-12.984009,2.8243103
1572432995484,0.43148804,-18.946442,0.9022064
1572432995503,5.962448,-21.496185,-3.765747
1572432995523,9.06134,-17.88733,-5.256363
1572432995543,7.4138336,-13.690079,-2.471283
1572432995563,6.393936,-10.159683,-0.86299133
1572432995582,5.7270813,-8.433716,0.039230347
1572432995603,5.0602264,-8.041458,1.1768036
1572432995623,4.15802,-7.8453217,1.6867371
1572432995644,3.1381226,-7.5315094,0.6276245
1572432995664,2.1574707,-7.766861,-0.6276245
1572432995683,1.0983429,-7.8060913,-0.58839417
1572432995705,2.2359161,-7.2961426,-0.07846069
1572432995724,4.040344,-6.1977997,-0.3530426
1572432995745,5.7270813,-4.9425507,-0.6276245
1572432995763,6.511612,-4.040344,-0.3530426
1572432995782,5.962448,-4.314926,0.19613647
1572432995802,4.393387,-7.0215607,2.07901
1572432996523,1.7259674,-11.4149475,4.981781
1572432996523,-2.7066345,-14.396164,0.15690613
1572432996524,-6.3154907,-17.298935,-1.647522
1572432996524,-6.9823303,-16.59285,-3.177353
1572432996524,-10.238144,-12.51329,-1.8828735
1572432996524,-11.924881,-9.453613,-1.0983429
1572432996524,-8.825989,-10.238144,1.0591125
1572432996525,-4.9425507,-15.572968,6.786209
1572432996525,-0.7060852,-17.730423,5.805542
1572432996525,1.5690613,-13.729309,4.432602
1572432996525,1.8436432,-9.06134,2.1966858
1572432996525,2.5497284,-5.6094055,1.2944794
1572432996526,3.0989075,-4.864105,-0.78453064
1572432996526,4.746414,-6.903885,-6.393936
1572432996526,7.766861,-9.688965,-7.1392365
1572432996526,7.5315094,-9.806656,-5.099457
1572432996526,6.080124,-8.786758,-3.5303955
1572432996526,4.314926,-8.825989,-2.3143768
1572432996526,3.4127197,-9.492844,-1.5690613
1572432996526,2.8243103,-9.767426,-1.0983429
1572432996527,1.7651978,-9.492844,-0.3530426
1572432996527,0.78453064,-9.022125,0.07846069
1572432996528,0.19613647,-9.06134,0.3530426
1572432996528,-0.5491791,-9.845871,0.39227295
1572432996528,-1.4906158,-10.591187,-0.3530426
1572432996528,-2.2359161,-10.4734955,-1.2944794
1572432996528,-2.471283,-10.35582,-1.7259674
1572432996528,-2.3143768,-10.120468,-1.3337097
1572432996528,-2.07901,-9.924332,-0.86299133
1572432996528,-1.6867371,-9.296707,-0.39227295
1572432996528,-1.4121552,-9.845871,0.07846069
1572432996529,-1.2160187,-10.708862,0.3530426
1572432996530,-1.1375732,-11.14035,0.9022064
1572432996530,-1.0591125,-11.297256,1.0591125
1572432996530,-1.6082916,-11.611069,1.255249
1572432996530,-2.8243103,-12.47406,1.3729248
1572432996539,-4.432602,-13.886215,1.4513855
1572432996559,-5.687851,-13.533173,1.6867371
1572432996581,-6.825424,-11.807205,3.0989075
1572432996599,-5.138687,-10.551956,5.256363
1572432996620,-3.5696259,-10.551956,4.314926
1572432996637,-1.8044281,-13.3762665,2.5497284
1572432996657,2.2751465,-17.37738,1.8828735
1572432996677,6.001663,-19.142578,-0.07846069
1572432996701,6.5900726,-17.024338,-0.78453064
1572432996719,7.6884155,-13.3762665,-0.58839417
1572432996737,7.5315094,-10.865768,-0.31381226
1572432996761,6.393936,-8.865219,-0.039230347
1572432996780,4.4718323,-7.727646,0.47071838
1572432996801,3.2950287,-6.943115,0.19613647
1572432996818,2.353592,-7.060791,-0.39227295
1572432996839,1.7651978,-7.335373,-0.15690613
1572432996859,2.7458649,-7.3746033,-0.15690613
1572432996878,4.3541565,-6.943115,-0.6276245
1572432996898,5.3348236,-6.1977997,-0.86299133
1572432996918,6.1977997,-5.2955933,-0.47071838
1572432996938,6.1585693,-4.589508,0.07846069
1572432996958,4.707199,-6.1193542,2.902771
1572432996977,0.9806671,-9.885101,5.4524994
1572432996999,-2.7458649,-13.101685,1.0983429
1572432997017,-6.8646545,-16.004456,-1.7651978
1572432997037,-7.727646,-17.142029,-2.9420013
1572432997055,-10.512726,-13.768539,-0.7060852
1572432997077,-11.022675,-14.239258,-0.11767578
1572432997097,-7.8060913,-17.024338,3.177353
1572432997117,-2.7850952,-16.55362,6.1977997
1572432997138,0.43148804,-12.160248,5.2171326
1572432997157,3.2165833,-8.551407,6.825424
1572432997177,2.9812164,-5.4917297,4.4718323
1572432997196,2.3143768,-3.726532,2.4320526
1572432997215,1.7259674,-5.530945,-1.5298309
1572432997236,4.275696,-9.414383,-5.8839874
1572432997256,4.432602,-11.061905,-7.335373
1572432997276,4.275696,-10.081238,-6.2762604
1572432997296,3.3734894,-8.943665,-4.3541565
1572432997317,2.510498,-8.472946,-2.7458649
1572432997335,2.07901,-8.629852,-1.8044281
1572432997354,1.8436432,-8.904434,-1.2944794
1572432997375,1.6867371,-9.022125,-0.66685486
1572432997395,1.255249,-9.218246,-0.3530426
1572432997415,0.94143677,-9.64975,0.0
1572432997434,0.5491791,-9.963562,0.15690613
1572432997455,0.11767578,-9.767426,-0.15690613
1572432997476,-0.11767578,-9.845871,-0.58839417
1572432997495,-0.2745819,-10.238144,-0.9806671
1572432997519,-0.2745819,-10.277374,-1.3729248
1572432997539,-0.39227295,-10.081238,-1.5690613
1572432997552,-0.58839417,-10.35582,-0.9806671
1572432997576,-0.66685486,-10.708862,-0.3530426
1572432997593,-0.7453003,-10.551956,0.11767578
1572432997614,-1.255249,-10.669632,0.31381226
1572432997634,-1.4906158,-10.904999,-0.39227295
1572432997654,-1.7259674,-10.787323,-0.039230347
1572432997673,-2.4320526,-12.277924,1.7259674
1572432997694,-4.432602,-13.768539,2.1966858
1572432997713,-8.825989,-13.650864,5.7663116
1572432997733,-9.924332,-11.571854,3.5303955
1572432997752,-7.884552,-10.708862,3.4519348
1572432997772,-5.138687,-11.767975,3.8049774
1572432997792,-2.3143768,-16.710526,2.1182404
1572432997811,3.0989075,-21.221588,-0.7453003
1572432997831,6.943115,-19.534851,-5.2955933
1572432997852,6.23703,-15.063019,-4.5110626
1572432997873,5.2955933,-11.179581,-1.9221039
1572432997893,5.0602264,-8.708313,-0.3530426
1572432997912,4.2364655,-8.237579,0.9806671
1572432997933,3.8049774,-8.433716,2.3928223
1572432997953,3.9618835,-8.5121765,1.4121552
1572432997972,4.4718323,-8.708313,0.0
1572432997992,5.0210114,-8.708313,-0.9806671
1572432998012,5.0210114,-8.119904,-1.6082916
1572432998033,4.6679688,-7.649185,-1.1375732
1572432998051,4.6287384,-6.8646545,-0.78453064
1572432998072,5.1779175,-5.7663116,-0.39227295
1572432998092,5.413269,-4.9425507,1.3337097
1572432998112,3.2165833,-6.3154907,4.2364655
1572432998131,-0.2745819,-9.3359375,4.2364655
1572432998149,-2.5889587,-11.297256,0.0
1572432998170,-4.746414,-13.023239,-1.647522
1572432998192,-6.1585693,-14.749207,-2.7066345
1572432998211,-5.4524994,-14.160797,-0.94143677
1572432998234,-6.5508423,-13.650864,0.3530426
1572432998248,-7.2569275,-14.906113,-0.5491791
1572433014240,1.8436432,-6.080124,3.4519348
1572433014240,2.6674042,-6.2762604,2.471283
1572433014240,3.6873016,-7.178467,0.0
1572433014240,4.2364655,-8.119904,-2.2751465
1572433014240,4.393387,-7.8453217,-2.7066345
1572433014240,4.6287384,-6.903885,-1.5690613
1572433014240,5.256363,-6.629303,-0.823761
1572433014240,5.2171326,-7.060791,0.039230347
1572433014240,4.6287384,-7.5315094,0.7453003
1572433014242,3.5303955,-8.943665,0.9806671
1572433014242,1.7651978,-10.944229,2.0397797
1572433014242,-2.8243103,-13.180145,3.0596771
1572433014242,-4.1972504,-14.866882,3.0204468
1572433014242,-4.275696,-14.906113,2.7458649
1572433014242,-2.7850952,-14.5923,2.2359161
1572433014242,-1.1768036,-14.356934,-0.31381226
1572433014242,0.94143677,-14.788422,-2.1966858
1572433014242,2.4320526,-15.416061,-2.9420013
1572433014242,1.8828735,-14.749207,-2.510498
1572433014244,1.6082916,-13.297821,-0.19613647
1572433014244,0.78453064,-12.51329,1.1375732
1572433014244,-0.6276245,-11.650299,1.3337097
1572433014244,-0.94143677,-10.708862,0.7060852
1572433014244,-0.823761,-10.316589,-2.0005493
1572433014244,-0.15690613,-10.669632,-4.275696
1572433014244,-0.039230347,-10.43428,-5.2171326
1572433014244,0.31381226,-9.179031,-3.608841
1572433014244,0.823761,-8.825989,-2.1574707
1572433014244,-0.50994873,-9.100571,-0.7453003
1572433014245,-2.0005493,-8.825989,1.647522
1572433014245,-3.8442078,-8.237579,1.647522
1572433014245,-4.550293,-8.551407,1.4906158
1572433014245,-6.786209,-9.06134,1.4121552
1572433014245,-8.629852,-8.825989,0.7060852
1572433014245,-9.218246,-8.786758,-0.31381226
1572433014246,-12.121017,-8.590622,4.589508
1572433014246,-14.5923,-8.865219,8.943665
1572433014246,-12.866333,-9.257477,6.001663
1572433014246,-11.14035,-9.218246,2.7850952
1572433014247,-10.316589,-8.472946,0.7453003
1572433014247,-9.532059,-8.159134,-0.19613647
1572433014247,-8.747528,-7.8060913,-0.31381226
1572433014247,-7.2961426,-7.2961426,-0.15690613
1572433014247,-5.3740387,-7.217697,0.11767578
1572433014247,-4.5110626,-7.5707397,-0.07846069
1572433014247,-4.864105,-8.394485,-0.94143677
1572433014247,-5.7663116,-9.179031,-1.9221039
1572433014247,-6.001663,-9.218246,-2.2359161
1572433014247,-4.746414,-8.5121765,-2.07901
1572433014248,-2.628189,-7.6884155,-1.9613342
1572433014248,1.1375732,-7.5707397,5.923218
1572433014262,-0.94143677,-7.9629974,7.884552
1572433014280,-0.823761,-8.119904,8.35527
1572433014299,-0.11767578,-7.335373,8.27681
1572433014318,1.2160187,-6.943115,7.8060913
1572433014338,1.5690613,-6.7077484,7.923767
1572433014360,2.1966858,-6.825424,7.4530487
1572433014379,2.9420013,-4.824875,5.6094055
1572433014397,2.628189,-4.1187897,5.0210114
1572433014418,2.5889587,-4.6679688,6.5508423
1572433014440,2.7066345,-5.0210114,7.727646
1572433014459,3.0596771,-2.5497284,7.2961426
1572433014478,0.9022064,-1.2160187,8.041458
1572433014500,0.0,-0.2745819,9.492844
1572433014517,0.58839417,-0.11767578,9.492844
1572433014538,1.6082916,-0.43148804,8.708313
1572433014560,1.9613342,-0.39227295,7.2569275
1572433014579,2.353592,-0.11767578,6.7469788
1572433014597,2.07901,0.3530426,6.668518
1572433014618,1.2160187,0.7453003,7.492279
1572433014637,-0.2745819,1.4513855,8.865219
1572433014658,-0.66685486,1.6082916,9.688965
1572433014676,0.47071838,1.4906158,10.39505
1572433014702,1.4121552,1.2944794,10.708862
1572433014716,1.4906158,1.1768036,10.787323
1572433014735,1.1375732,1.0983429,10.826538
1572433014757,0.7453003,0.823761,10.748093
1572433014775,0.66685486,0.7060852,10.944229
1572433014925,0.78453064,-0.039230347,11.061905
1572433014926,1.647522,-1.5690613,12.51329
1572433014926,0.039230347,-0.43148804,11.807205
1572433014926,-0.7060852,-0.31381226,11.4149475
1572433014927,-1.0591125,-0.31381226,11.061905
1572433014927,-1.0198975,-0.58839417,10.904999
1572433014927,-0.78453064,-0.47071838,11.375717
1572433014981,-0.43148804,-0.039230347,11.375717
1572433014981,0.39227295,-0.23536682,10.277374
1572433014981,0.7060852,-0.47071838,8.31604
1572433015018,1.1768036,-0.823761,8.629852
1572433015019,1.647522,-0.2745819,8.865219
1572433015063,1.3337097,1.5690613,7.8060913
1572433015063,1.1375732,1.3729248,7.609955
1572433015078,0.94143677,2.1966858,7.4138336
1572433015271,-0.7060852,2.5889587,8.35527
1572433015271,-1.7651978,3.608841,9.179031
1572433015271,-0.823761,3.9226532,8.002228
1572433015271,0.19613647,3.4127197,8.080673
1572433015271,0.58839417,3.0596771,8.629852
1572433015271,0.39227295,3.0989075,8.786758
1572433015273,0.2745819,2.9812164,8.669083
1572433015273,0.11767578,2.7850952,8.433716
1572433015273,0.3530426,3.177353,8.35527
1572433015292,0.39227295,3.4911652,8.708313
1572433015297,0.0,3.5303955,9.257477
1572433015313,-0.31381226,2.902771,10.198914
1572433015334,-0.823761,2.4320526,10.944229
1572433015352,-1.3337097,2.510498,10.983444
1572433015373,-1.4121552,2.6674042,10.630417
1572433015400,-0.94143677,2.5497284,10.551956
1572433015413,-0.66685486,2.353592,10.787323
1572433015434,-0.86299133,2.2359161,11.258041
1572433015451,-0.94143677,2.3143768,11.022675
1572433015471,-0.31381226,2.5889587,9.963562
1572433015491,0.2745819,2.5497284,8.904434
1572433015511,0.23536682,2.1182404,9.296707
1572433015532,0.11767578,1.255249,11.101135
1572433015553,-0.3530426,0.3530426,12.630966
1572433015571,-1.0983429,0.15690613,12.748642
1572433015590,-0.9806671,0.07846069,11.297256
1572433015613,-0.78453064,0.47071838,9.100571
1572433015630,-0.5491791,0.86299133,7.5707397
1572433015652,-0.6276245,1.5298309,7.2569275
1572433015670,-0.6276245,2.1182404,7.492279
1572433015691,-0.15690613,2.2359161,8.198364
1572433015713,0.39227295,2.1574707,8.825989
1572433015730,0.47071838,2.0005493,9.06134
1572433015751,0.2745819,1.8436432,9.100571
1572433015769,-0.15690613,1.7259674,9.139801
1572433015789,-0.86299133,1.8828735,9.139801
1572433015810,-1.3729248,2.2751465,8.825989
1572433015831,-1.8044281,2.6674042,8.669083
1572433015849,-1.2944794,3.0596771,8.708313
1572433015869,-0.66685486,3.334259,8.5121765
1572433015890,-0.3530426,3.334259,8.041458
1572433015909,-0.7060852,3.2950287,7.9629974
1572433015929,-1.4121552,3.6480713,8.433716
1572433015948,-1.6082916,3.883438,9.257477
1572433015968,-1.4121552,4.1187897,9.728195
1572433015988,-0.86299133,4.001114,9.728195
1572433016009,-0.50994873,3.883438,9.806656
1572433016028,-0.7453003,3.883438,10.042007
1572433016049,-0.94143677,3.6873016,10.198914
1572433016068,-0.9806671,3.334259,10.316589
1572433016088,-1.1768036,3.1381226,10.198914
1572433016110,-1.0591125,3.3734894,9.963562
1572433016127,-1.0983429,3.5696259,9.767426
1572433016150,-0.7453003,3.4519348,10.081238
1572433016175,-0.58839417,3.0596771,10.748093
1572433016187,-0.823761,2.510498,11.297256
1572433016217,-1.2944794,2.2751465,11.101135
1572433016231,-1.6082916,2.2359161,10.120468
1572433016250,-1.6082916,2.2751465,8.943665
1572433016268,-1.5690613,2.510498,8.119904
1572433016286,-1.2160187,2.8635406,8.198364
1572433016307,-0.9022064,2.8635406,8.629852
1572433016326,-0.5491791,2.7458649,9.218246
1572433016347,-0.58839417,2.6674042,9.845871
1572433016366,-0.823761,2.6674042,10.512726
1572433016386,-1.0983429,2.471283,10.787323
1572433016416,-1.0198975,2.5889587,10.35582
1572433016428,-0.94143677,2.7458649,9.218246
1572433016449,-1.8828735,3.2165833,6.1977997
1572433016469,-1.6867371,3.0596771,6.629303
1572433016488,-1.9221039,3.1381226,7.727646
1572433016542,-1.6867371,3.6480713,8.708313
1572433016542,-1.5690613,3.765747,8.472946
1572433016546,-1.255249,3.765747,7.884552
