1572434723343,-0.89227295,2.5939941,0.5044708
1572434723363,-0.81451416,2.7463226,0.5002136
1572434723380,-0.40065002,1.9995728,0.41766357
1572434723412,-0.09599304,-0.76904297,0.07304382
1572434723426,-0.25950623,-3.237793,-0.03614807
1572434723445,-1.0328827,-3.427414,-0.46331787
1572434723470,-1.7045288,-2.4702759,-0.56718445
1572434723481,-1.816391,-2.3227386,-0.103256226
1572434723502,-1.6576691,-1.5962219,0.32817078
1572434723523,-0.7905426,-0.27316284,0.4602661
1572434723543,0.5948334,0.38623047,0.16944885
1572434723566,1.5929871,-0.13627625,-0.22735596
1572434723586,1.591919,-0.85746765,-0.6039276
1572434723604,0.56874084,-2.361084,-0.8526764
1572434723622,0.1255951,-4.303589,-0.736557
1572434723644,0.539978,-4.506531,-0.88409424
1572434723671,0.79244995,-2.3030243,-1.0806427
1572434723685,0.44197083,1.2634735,-0.03933716
1572434723702,-0.12687683,2.6978607,1.1308594
1572434723722,0.09629822,1.460022,1.6091614
1572434723749,1.01828,0.38197327,0.86346436
1572434723762,1.1652832,-1.6265869,0.12631226
1572434723783,0.76474,-3.4364624,0.06399536
1572434723803,0.42492676,-1.8721313,0.6333771
1572434723823,0.48138428,0.007537842,1.0935669
1572434723845,0.6768646,0.06878662,0.7313843
1572434723874,0.77433777,-0.8111267,0.5151367
1572434723883,0.8227997,-1.6468201,0.714859
1572434723903,1.11203,-1.8593445,1.0280609
1572434723922,1.5226898,-1.7464294,1.2933044
1572434723942,1.4145508,-2.089981,1.5431061
1572434723964,0.8393097,-2.8010406,1.6709442
1572434723984,0.37698364,-3.6085052,1.7902527
1572434724004,0.13464355,-4.268448,2.3452606
1572434724025,0.4323883,-4.751007,3.3055878
1572434724061,1.3320007,-5.180847,4.309067
1572434724069,2.4734344,-5.9824524,5.028122
1572434724092,3.4811707,-6.1571503,4.986038
1572434724104,3.692093,-6.1715393,5.268875
1572434724126,3.806076,-5.5515594,5.5266724
1572434724155,3.8252563,-4.0404816,4.998291
1572434724163,3.4811707,-2.8638916,4.1125336
1572434724184,2.674759,-2.2833252,3.0115814
1572434724203,2.163971,-1.8881073,2.0746765
1572434724233,2.3589172,-1.0960846,1.5106201
1572434724250,1.1237335,-0.76478577,1.3417816
1572434724281,-3.2145538,-1.4561462,2.3415222
1572434724304,-3.2742004,-0.562912,3.8861542
1572434724304,0.33384705,3.4281006,2.1156921
1572434724329,-0.35858154,1.9585571,-1.041748
1572434724365,-0.87202454,0.8352356,-1.198883
1572434724365,0.555954,0.56892395,-1.0012817
1572434724384,1.0891266,-0.17463684,-0.7908783
1572434724404,0.7397156,-0.41644287,-0.13095093
1572434724431,0.7162781,-0.43721008,0.17105103
1572434724445,0.6789856,-0.7173767,0.173172
1572434724486,0.6262665,-1.2042084,0.089019775
1572434724486,0.91548157,-1.263855,-0.48143005
1572434724506,1.1796722,-1.7437592,-1.0737152
1572434724528,0.20600891,-2.2066193,-1.0582733
1572434724559,0.5474396,-2.1794586,-1.4343109
1572434724565,1.2164154,-2.5661469,-0.961853
1572434724585,0.9863281,-2.7094269,-0.4729004
1572434724644,1.1753998,-2.2572174,-0.91178894
1572434724644,1.5413208,-2.251358,-1.0705109
1572434724671,2.0595703,-1.8119354,-1.228714
1572434724672,2.3147125,-1.1552124,-1.2111359
1572434724725,1.9423981,-0.9522705,-0.44255066
1572434724725,1.273941,-0.6353607,6.1035156E-4
1572434724777,0.6134796,-0.16238403,0.6067352
1572434724777,-0.21263123,0.6594696,1.7311249
1572434724777,-0.5444641,1.5969086,2.2855988
1572434724795,-0.7740326,2.687729,2.496521
1572434724807,-1.305069,3.994278,2.7756195
1572434724828,-1.6928253,5.093643,3.1292877
1572434724846,-1.8270416,5.552765,3.5985413
1572434724867,-1.1000061,5.201767,3.9053345
1572434724895,-0.79426575,4.599884,3.6139832
1572434724906,-1.8307648,3.4126434,2.9652405
1572434724926,-1.2427368,2.6674957,2.2280731
1572434724946,-0.23606873,2.034729,1.7556305
1572434724967,0.71414185,-0.4073944,0.8863678
1572434724987,1.2744751,-1.5557404,0.7505493
1572434725009,0.635849,-0.10751343,1.0562897
1572434725038,-0.013961792,0.92684937,1.176651
1572434725047,-0.36869812,1.5654755,0.822464
1572434725067,-0.592926,2.4091644,-0.15066528
1572434725087,-1.2714996,2.9769592,-1.214859
1572434725110,-1.5266418,1.4584198,-0.90753174
1572434725132,0.2129364,1.015274,1.5383148
1572434725153,0.888855,-0.3040619,3.340744
1572434725188,-0.40065002,-3.334732,4.296814
1572434725188,-1.5575256,-5.406143,4.8928375
1572434725213,-2.2962952,-6.771286,3.1399384
1572434725227,-3.7572937,-5.9957733,1.5681458
1572434725248,-6.069458,-3.271347,0.82032776
1572434725269,-4.603119,-0.5975342,0.20407104
1572434725306,-0.33673096,1.5697479,0.17105103
1572434725308,1.130661,1.5990295,0.11352539
1572434725328,0.70295715,1.779068,-0.626297
1572434725348,-0.30371094,1.5665436,-2.041504
1572434725368,-1.2821655,-0.3690338,-3.011963
1572434725388,-3.2875214,-3.668167,-3.2239532
1572434725409,-4.1370697,-3.9637756,-2.5917206
1572434725428,-2.5679321,-1.7533569,-1.4747772
1572434725449,-1.1223755,0.15400696,-0.52456665
1572434725470,-3.188446,-0.23588562,1.7636261
1572434725488,-3.4622192,-0.4494629,0.8064728
1572434725508,-2.3719177,-0.3248291,1.2949066
1572434725528,-0.5588379,0.007537842,1.8903809
1572434725548,0.666214,0.25680542,1.3375092
1572434725568,1.9322815,-0.08407593,1.1345825
1572434725589,3.0039368,0.49542236,0.83576965
1572434725610,2.8047333,1.6581573,0.4629364
1572434725629,2.5874176,0.775589,0.18862915
1572434725649,2.436142,1.8126221,0.10340881
1572434725669,1.0843201,2.083191,1.0014191
1572434725689,0.9479675,-1.9349823,2.0059662
1572434725709,1.8976593,0.918869,2.0959778
1572434725729,2.835083,1.636322,2.0693512
1572434725749,4.1437683,-0.43669128,1.6634827
1572434725771,5.8780212,-1.2271118,1.556427
1572434725791,6.7115784,-0.5543976,1.9676208
1572434725810,5.6889343,0.9636078,2.2397919
1572434725830,4.907028,1.5505676,2.9545898
1572434725850,2.736557,1.2730713,4.053406
1572434725871,0.09043884,-1.5615997,4.8502197
1572434725890,-1.9005432,-3.637268,3.7647247
1572434725912,-2.9104156,-2.8505707,2.6163635
1572434725930,-3.1319885,-0.6539917,1.874939
1572434725951,-3.0414429,2.625412,0.73350525
1572434725971,-1.7663269,5.3370514,-0.16291809
1572434725991,0.055282593,2.7862701,-0.15971375
1572434726011,0.8441162,1.4259338,-0.7903595
1572434726031,1.9828796,1.3289948,-2.0638733
1572434726052,2.4681091,0.005935669,-2.4159393
1572434726072,1.6499786,-0.4547882,-1.6947632
1572434726092,1.3554382,-0.323761,-0.58955383
1572434726111,1.3831329,-0.06863403,0.30368042
1572434726132,0.76634216,-0.04840088,0.78730774
1572434726152,0.3189392,0.26159668,1.3748016
1572434726172,0.40255737,0.1854248,1.748169
1572434726192,0.14582825,-0.3562622,1.4541626
1572434726215,-0.70425415,-0.2939453,0.48796082
1572434726232,-1.738617,0.6371002,-0.049987793
1572434726257,-2.3357086,-0.15332031,-0.5538635
1572434726273,-2.4267883,-0.9458771,-1.2356262
1572434726297,-2.7975006,0.80114746,-1.4135284
1572434726318,-3.3583527,2.8342133,-1.6803741
1572434726345,-2.8113403,4.089096,-2.1128845
1572434726355,-0.9343567,4.073639,-2.5917206
1572434726375,0.5927124,1.399292,-3.03273
1572434726395,0.795105,-0.8233795,-2.886261
1572434726416,0.18630981,-1.1408234,-2.5256653
1572434726435,-3.2390442,-0.5613251,-3.2708282
1572434726458,-5.403137,-1.7283173,-3.9797516
1572434726485,-3.3423767,-3.9009247,-2.792511
1572434726498,-0.23925781,-2.32753,-1.2196503
1572434726518,0.0675354,0.634964,-1.1211243
1572434726541,-1.4312897,0.16519165,-1.2580109
1572434726560,-2.6020203,-1.0635986,-1.4028778
1572434726574,-2.4933624,-1.693161,-1.6074066
1572434726595,-0.85658264,-0.74720764,-1.2601318
1572434726614,0.41534424,0.297287,-0.45159912
1572434726634,0.57992554,-0.48461914,0.36120605
1572434726654,0.8845825,-0.67637634,0.8863678
1572434726674,1.7783508,0.94389343,1.0424347
1572434726697,2.6374817,2.3500519,1.1617432
1572434726715,2.6236267,2.9188995,0.59342957
1572434726735,3.7826385,1.8472443,-0.82710266
1572434726754,3.2904816,2.0544434,-0.55758667
1572434726774,0.029174805,1.2954407,1.3018341
1572434726794,-0.7782898,-1.4124603,2.1657562
1572434726814,0.9788666,-1.833786,1.2975616
1572434726836,2.214035,-0.12083435,0.82192993
1572434726856,2.371704,1.7407227,1.3460388
1572434726878,1.5519714,2.6850739,1.7098236
1572434726897,0.77752686,1.7998352,1.3929138
1572434726918,0.91548157,0.37239075,1.0546875
1572434726940,1.1381226,-0.15971375,1.2576141
1572434726963,0.905365,0.14494324,1.7721405
1572434726987,0.6108093,0.20727539,1.9340668
1572434726997,0.4398346,-0.103256226,1.6704102
1572434727018,0.25022888,-0.030288696,1.3407135
1572434727037,0.008407593,0.87306213,0.93644714
1572434727056,-0.06669617,2.4581757,0.5582733
1572434727081,0.17831421,3.2485962,0.28875732
1572434727097,0.6438446,2.2962494,-0.08621216
1572434727117,0.9596863,0.5848999,-0.52137756
1572434727138,0.8691406,-1.38797,-0.7392273
1572434727157,0.6177368,-2.4644165,-0.4547882
1572434727181,0.5309143,-1.4311066,0.13536072
1572434727207,0.7082825,1.0094147,0.46559143
1572434727222,0.7716675,2.1668243,0.61047363
1572434727238,0.2944336,0.4160614,0.9827728
1572434727261,0.104278564,-1.264389,1.3843842
1572434727281,0.20654297,-1.2995453,1.463211
1572434727301,0.15008545,-1.3629303,1.0259247
1572434727327,-0.12527466,-1.2984772,0.23016357
1572434727340,-0.85072327,-0.49954224,-0.15066528
1572434727358,-1.6235809,0.24241638,-0.50379944
1572434727381,-2.0944214,0.4975586,-1.1280365
1572434727402,-2.5620728,0.76387024,-1.6787872
1572434727418,-2.9913788,1.8989105,-2.0990295
1572434727442,-2.644638,2.7180939,-2.3546906
1572434727467,-1.4419556,1.638443,-2.6833344
1572434727483,0.0046844482,-0.5107269,-2.9262085
1572434727502,0.779129,-1.1562653,-2.5443115
1572434727523,-0.9215698,0.030960083,-2.265213
1572434727546,-3.4590302,-1.4593353,-2.9533691
1572434727567,-2.902954,-4.1725616,-3.3443298
1572434727580,-0.7655029,-2.042038,-2.2401733
1572434727599,0.35621643,0.3260498,-1.1141968
1572434727623,-0.782547,0.29994202,-1.4753113
1572434727643,-2.0310364,-0.45373535,-2.2449646
1572434727659,-2.025711,-1.1461487,-2.4095612
1572434727680,-0.90452576,-0.9927521,-1.8454895
1572434727701,0.12771606,-0.45106506,-0.7653198
1572434727720,0.4520874,-0.9038086,0.25094604
1572434727748,0.83825684,-0.8947449,0.8166046
1572434727770,1.5359955,0.4352417,1.1936951
1572434727782,2.2028503,1.9037018,1.603836
1572434727804,2.0414734,2.0294037,1.9931793
1572434727821,1.9834137,1.1335144,1.5340576
1572434727842,3.3783722,2.8139648,0.24934387
1572434727870,1.8667603,3.9884186,-0.63056946
1572434727882,-1.4584656,0.92578125,1.3183441
1572434727905,-0.7756195,-1.0774384,2.1753387
1572434727921,1.2995148,-1.0444183,1.4616241
1572434727944,2.1570435,-0.14746094,1.2757263
1572434727965,1.9429321,1.0365753,1.8578949
1572434727987,1.1051025,1.9202118,2.021408
1572434728008,0.50109863,1.2016907,1.3327179
1572434728021,0.46966553,0.19555664,0.92951965
1572434728048,0.62945557,-0.29553223,1.1862488
1572434728062,0.6635437,-0.40686035,1.6022339
1572434728083,0.61187744,-0.5852814,1.4882507
1572434728107,0.4243927,-0.64707947,1.3348541
1572434728123,0.26567078,-0.4116516,1.4104767
1572434728142,0.21507263,-0.065979004,1.463211
1572434728165,0.16020203,-0.008453369,1.2837219
1572434728185,0.08670044,-0.42762756,0.7766571
1572434728201,0.16819763,-0.9490814,-0.056915283
1572434728221,0.47659302,-0.8121948,-0.81378174
1572434728244,0.9277344,0.025100708,-0.82177734
1572434728266,1.0465088,0.7867737,-0.10592651
1572434728290,0.77059937,0.40966797,0.7185974
1572434728303,0.64064026,0.0096588135,1.1931763
1572434728323,0.40202332,0.16305542,1.3753357
1572434728345,-0.09492493,0.20674133,1.4994354
1572434728365,-0.60624695,-0.010040283,1.589447
1572434728385,-0.95140076,-0.5261688,1.3545532
1572434728407,-0.832077,-1.660141,0.38890076
1572434728434,-0.67549133,-1.3602753,-0.7046051
1572434728443,-1.2832184,-0.04840088,-0.81378174
1572434728466,-2.0454254,0.15240479,-1.2073975
1572434728485,-2.690445,0.45440674,-1.9669342
1572434728507,-3.0680695,1.7529602,-2.4526978
1572434728542,-2.4656677,3.2262268,-2.6529694
1572434728543,-0.9604492,2.2136993,-2.7248688
1572434728562,0.33491516,-0.04840088,-2.6982422
1572434728582,0.8984375,-1.9445648,-2.408493
1572434728602,0.42599487,-2.5245972,-2.1293945
1572434728622,-3.4132233,-0.21244812,-3.2788086
1572434728642,-3.822815,-0.6721039,-3.7347412
1572434728662,0.3466339,-2.265213,-1.9333801
1572434728682,1.4763489,-1.7831726,-0.54000854
1572434728701,-0.878952,0.09913635,-1.2798462
1572434728721,-2.2899017,0.1108551,-2.267868
1572434728741,-2.1604767,-1.7325745,-2.25029
1572434728762,-1.0094452,-1.8572083,-1.8177948
1572434728781,-0.27282715,-1.4199219,-1.0683899
1572434728802,-0.1950531,-1.9104767,-0.20658875
1572434728823,0.10588074,-1.8971558,0.26106262
1572434728847,0.81481934,-1.0231171,0.3148651
1572434729145,1.4640961,-0.2529297,0.7143402
1572434729145,2.0009918,0.25360107,1.124466
1572434729145,1.798584,1.4483032,1.4738617
1572434729145,1.9189606,1.8035736,0.87945557
1572434729145,3.549347,1.6975708,0.825119
1572434729146,0.9591522,3.0126343,0.984375
1572434729146,-1.3950806,0.70581055,1.3742676
1572434729146,0.7562256,-1.7448273,1.5761261
1572434729146,2.2635803,-0.9027405,1.6427155
1572434729146,1.7064362,1.1542816,2.001175
1572434729146,0.96554565,1.4594879,2.2003784
1572434729146,0.60601807,0.70474243,1.6704102
1572434729146,0.6731415,0.5737152,0.9066162
1572434729146,0.92453,0.7313843,0.76119995
1572434729146,0.95010376,0.39048767,1.1798553
1572434729167,0.60176086,-0.09793091,1.6501617
1572434729192,0.24595642,-0.527771,1.9985046
1572434729220,0.03930664,-0.6023407,2.3069
1572434729228,0.089904785,-0.34933472,2.1369934
1572434729247,0.20921326,-0.47129822,1.7284698
1572434729268,0.25502014,-1.041748,1.5228729
1572434729291,0.27952576,-1.6143341,1.3449707
1572434729304,0.34449768,-2.1315155,1.0088806
1572434729326,0.5325165,-2.0830536,0.4837036
1572434729353,0.73332214,-1.3613281,0.14494324
1572434729367,0.9607544,-0.20765686,0.004333496
1572434729386,1.0550385,0.87945557,0.12524414
1572434729407,0.78977966,0.9220581,0.475708
1572434729429,0.3578186,0.2477417,0.8698578
1572434729450,0.15914917,-0.04147339,1.2096863
1572434729467,0.10960388,0.23336792,1.4530945
1572434729491,0.056350708,0.37876892,1.2730713
1572434729512,-0.23446655,0.4560089,0.5721283
1572434729527,-0.8773651,0.8293762,-0.31578064
1572434729548,-1.5751038,-0.6774292,-1.245224
1572434729569,-2.039032,-3.3677673,-1.5701294
1572434729587,-2.2904358,-4.5214386,-1.5770569
1572434729607,-2.470993,-4.3909454,-1.9498901
1572434729627,-2.5125427,-4.3904114,-2.4116821
1572434729646,-2.218521,-3.6090393,-2.3419037
1572434729666,-1.453659,-1.0124664,-1.6558838
1572434729687,-0.75964355,1.5058289,-1.2574768
1572434729706,-0.82888794,0.3734436,-1.7213898
1572434729726,-0.9061279,-2.985855,-2.1160736
1572434729749,-0.5423279,-5.7395782,-1.7975616
1572434729768,0.115997314,-7.2218933,-1.1631927
1572434729787,0.74183655,-7.0834045,-0.9368286
1572434729806,0.81747437,-4.370178,-1.4635925
1572434729826,0.42227173,-1.833786,-2.202896
1572434729846,0.57992554,-1.5930328,-2.0404358
1572434729866,0.96022034,-1.6526794,-1.3165894
1572434729887,1.0885925,-1.42099,-0.5639801
1572434729906,1.0161438,-1.4588013,0.005935669
1572434729928,0.905365,-1.7741241,0.21365356
1572434729948,0.86009216,-1.8843842,0.2088623
1572434729969,0.93092346,-1.5994263,0.30526733
1572434729990,1.1663513,-1.5056763,0.5502777
1572434730012,1.2830048,-3.458847,1.0578766
1572434730032,-0.06455994,-8.477829,1.443512
1572434730053,-0.60092163,-8.870377,1.1020966
1572434730074,1.4060364,-1.6878357,0.2237854
1572434730101,1.8603668,1.6022339,-1.0705109
1572434730112,0.58631897,-0.16503906,-1.2430878
1572434730129,-0.8086548,-0.7269745,-0.88941956
1572434730149,-1.6166534,0.11138916,-0.70726013
1572434730170,-1.7503357,0.55241394,-0.6518707
1572434730191,-0.878952,0.8735962,-0.5778351
1572434730213,0.37965393,1.2512207,-0.46224976
1572434730234,1.1493073,0.5316467,-0.33389282
1572434730251,1.2787323,-0.93522644,-0.13201904
1572434730278,1.2963104,-2.5171509,0.21260071
1572434730292,1.7575684,-3.66391,0.66160583
1572434730311,2.595932,-4.388809,0.95295715
1572434730331,3.264389,-4.5512695,0.9470978
1572434730351,1.782074,-3.1648254,0.9119415
1572434730372,0.06593323,-1.7267151,0.9582825
1572434730394,0.3056183,-1.5221863,0.7867737
1572434730414,1.3229523,-2.8495026,0.20993042
1572434730431,1.7208252,-3.892395,-0.41271973
1572434730454,1.6318665,-2.9006348,-0.50219727
1572434730476,0.8707428,-1.2351074,0.1454773
1572434730502,0.2917633,-0.7519989,0.5375061
1572434730514,0.5490265,-0.895813,0.4618683
1572434730532,0.84677124,-0.6651764,0.442688
1572434730551,0.7184143,-0.2614441,0.6418915
1572434730570,0.3040161,0.06825256,0.8586731
1572434730594,-0.060836792,0.06718445,0.90289307
1572434730616,0.11174011,-0.10272217,0.86613464
1572434730643,0.40522766,-0.22470093,0.8331146
1572434730652,0.31733704,-0.6997986,0.7319031
1572434730671,-0.18865967,-0.9011383,0.50341797
1572434730692,-0.95033264,-0.8787689,0.19607544
1572434730710,-1.818512,-1.2233887,0.1257782
1572434730730,-2.2275848,-1.4769135,-0.20179749
1572434730750,-2.2882996,-1.4034119,-0.7264404
1572434730770,-2.165802,-1.627121,-1.1903534
1572434730790,-1.8888245,-2.0154114,-1.4657288
1572434730810,-1.6773682,-1.627121,-1.5280457
1572434730831,-1.2986755,-0.61831665,-1.4710541
1572434730850,-0.9343567,-0.43615723,-1.6356354
1572434730870,-0.85658264,-0.8015442,-1.8721313
1572434730891,-0.8981323,-0.46385193,-2.0239258
1572434730913,-1.3977356,0.8645325,-2.5384521
1572434730932,-1.8201141,0.99983215,-3.1696167
1572434730951,-1.0872192,-1.1541443,-3.1488495
1572434730971,0.06965637,-2.486786,-2.8340607
1572434730995,0.21081543,-1.311264,-2.5954437
1572434731023,-0.38467407,-0.3908844,-2.4372559
1572434731036,-1.038208,-1.1104584,-2.2710724
1572434731053,-1.2182465,-1.6846466,-2.0399017
1572434731073,-0.7452698,-1.151474,-1.7517548
1572434731095,-0.26057434,-0.26837158,-1.2835693
1572434731117,-0.1593628,-0.19805908,-0.66412354
1572434731140,-0.158844,-0.9970093,-0.08407593
1572434731165,-0.018218994,-1.4193878,0.2781067
1572434731174,0.31573486,-0.9458771,0.44108582
1572434731193,0.8206787,-0.96824646,0.6125946
1572434731213,2.3088531,-1.2734528,0.9801178
1572434731236,3.341095,-0.7988739,1.6011658
1572434731262,2.593277,0.82458496,1.6373901
1572434731275,2.8457336,3.9111938,0.049606323
1572434731299,2.5746307,5.1937714,-1.6841125
1572434731336,-0.6414032,4.873123,-0.6396179
1572434731337,-0.19718933,0.9178009,1.6933136
1572434731355,1.5375977,-2.3078156,2.257904
1572434731376,1.3122864,-2.3669434,1.7918549
1572434731396,0.40202332,-1.6617432,1.7769318
1572434731412,0.05102539,-0.9938202,2.1204834
1572434731432,0.16819763,-0.36584473,1.9782715
1572434731457,0.58525085,-0.005783081,1.3753357
1572434731472,0.8627472,0.1614685,1.1164703
1572434731495,0.699234,0.06399536,1.4158173
1572434731513,0.32266235,-0.20445251,1.7359161
1572434731532,0.059005737,-0.17782593,1.7657471
1572434731552,0.0057525635,0.2349701,1.4733276
1572434731573,0.19163513,0.44108582,0.9886322
1572434731592,0.60176086,0.32977295,0.46879578
1572434731612,0.97779846,0.21046448,0.14814758
1572434731634,1.1455841,-0.018569946,-0.0079193115
1572434731654,1.0262756,-0.24440002,-0.14587402
1572434731676,0.6177368,-0.12882996,-0.21298218
1572434731697,0.2667389,0.2738495,-0.15332031
1572434731718,0.25820923,0.8959656,0.08050537
1572434731741,0.2821808,0.7707977,0.3345642
1572434731763,0.2875061,0.38623047,0.63656616
1572434731778,0.32533264,0.44003296,1.01474
1572434731798,0.27685547,0.7851715,1.3305817
1572434731815,0.2640686,1.0498962,1.4499054
1572434731835,0.38923645,0.9332428,1.3524323
1572434731857,0.5591583,0.093811035,0.9550781
1572434731881,0.41641235,-0.88516235,0.24295044
1572434731902,-0.4411316,-1.1855621,-0.07609558
1572434731919,-1.2065277,-1.4156647,-0.3482666
1572434731940,-1.7636566,-0.9346924,-0.7434845
1572434731957,-2.565796,-0.02229309,-1.0747833
1572434731977,-3.331726,0.6067352,-1.7645416
1572434732000,-3.5138855,2.0911865,-2.5901184
1572434732020,-2.6387787,3.6304932,-2.8516388
1572434732035,-0.9327545,3.1884155,-2.7845306
1572434732056,0.34770203,1.4669495,-2.6353912
1572434732076,0.5325165,-0.8979492,-2.2993011
1572434732101,0.42385864,-2.56987,-1.8747864
1572434732122,-1.1308899,-1.6372375,-2.5485687
1572434732143,-2.8763275,-0.96824646,-3.793335
1572434732157,-1.1766968,-2.4617462,-3.0987854
1572434732178,0.32479858,-1.6643982,-1.8470917
1572434732197,-0.3234253,-1.4252472,-1.4151306
1572434732229,-1.4121246,-1.7671967,-1.4673309
1572434732241,-1.5170441,-1.0023346,-1.6239166
1572434732255,-0.7117157,-0.6673126,-1.5120697
1572434732275,-0.09118652,-0.55918884,-0.8207092
1572434732296,0.069122314,-0.73283386,0.17956543
1572434732316,0.4036255,-0.8968811,0.85920715
1572434732335,1.0779419,-0.13734436,0.918869
1572434732359,1.702713,1.2917023,0.9119415
1572434732376,1.894989,2.2371368,1.4408417
1572434732396,1.7623596,2.0528412,2.4129028
1572434732415,2.2087097,1.8829346,1.6911774
1572434732437,3.3560028,1.9090271,-0.8201752
1572434732457,0.76794434,1.6315308,-0.41111755
1572434732476,-1.8781738,2.464569,2.195053
1572434732496,0.5378418,-0.25611877,2.1897278
1572434732516,2.6454773,-2.3195343,1.1196594
1572434732536,2.2976685,-1.8108826,1.1548157
1572434732557,1.2414551,-1.1733093,1.729538
1572434732577,0.48191833,-0.5927429,2.0054321
1572434732598,0.17352295,-0.18954468,1.6011658
1572434732620,0.38923645,0.15612793,1.0115356
1572434732640,0.7061615,0.47731018,1.000351
1572434732658,0.732254,0.51246643,1.3103485
1572434732680,0.6939087,0.49967957,1.2139435
1572434732702,0.6491699,0.7393646,0.96946716
1572434732718,0.43611145,0.8166046,0.8645325
1572434732740,0.09043884,0.42192078,0.8831787
1572434732758,-0.09439087,0.2738495,0.9082184
1572434732779,0.029708862,1.4040985,0.7409668
1572434732798,0.35728455,1.8296661,0.2791748
1572434732821,0.5985718,0.71806335,-0.16983032
1572434732838,0.6481018,0.29301453,-0.4409485
1572434732858,0.59962463,0.6520233,-0.4782257
1572434732880,0.52986145,0.9343109,-0.044128418
1572434732900,0.38179016,1.078125,0.76600647
1572434732918,0.03503418,0.8197937,1.364151
1572434732938,-0.11143494,0.22218323,1.4312592
1572434732961,0.12239075,-0.040405273,1.4072876
1572434732981,0.3141327,-0.015899658,1.446701
1572434732998,0.29708862,-0.07821655,1.1809235
1572434733018,0.12132263,-0.34347534,0.569458
1572434733040,-0.3276825,-1.6217957,0.0048675537
1572434733058,-0.7548523,-2.5592194,-0.35998535
1572434733079,-1.1543274,-1.7219238,-0.71258545
1572434733100,-1.8009491,-0.544281,-1.0422821
1572434733119,-2.565277,-0.21937561,-1.5690613
1572434733139,-3.1948395,0.21897888,-2.218338
1572434733158,-3.0845795,1.3881073,-2.5469666
1572434733179,-1.9527435,1.9979706,-2.4510956
1572434733202,-0.5806885,1.6341858,-2.4979706
1572434733226,0.19270325,0.69195557,-2.663086
1572434733250,0.69869995,-1.0231171,-2.3797302
1572434733265,-0.39372253,-1.6510925,-2.362152
1572434733284,-2.6701965,-1.5482941,-3.3757477
1572434733303,-1.8360901,-2.075592,-3.1360626
1572434733322,-0.33354187,-0.76638794,-2.0777283
1572434733341,-0.17321777,-0.18154907,-1.261734
1572434733363,-1.1213074,-0.8281708,-1.3309784
1572434733390,-1.6608582,-0.7536011,-1.7027588
1572434733412,-1.3311615,-0.865448,-1.9056854
1572434733423,-0.51942444,-0.5858154,-1.533905
1572434733445,-0.002243042,-0.31204224,-0.6247101
1572434733462,0.12025452,-0.75253296,0.27703857
1572434733482,0.5916443,-0.8004761,0.95721436
1572434733503,1.2718201,0.32658386,1.4253998
1572434733522,1.7176208,1.5500336,1.6549683
1572434733542,1.9045868,2.1828003,1.8296661
1572434733567,2.0803528,2.6147614,0.5705261
1572434733587,2.9352264,1.7662811,-0.6209717
1572434733601,-0.028335571,1.5809326,0.83576965
1572434733629,-1.2848206,0.9758606,2.3457794
1572434733642,1.1439819,-1.1040802,1.8648224
1572434733661,2.290207,-0.9139252,1.2533569
1572434733681,1.5402527,0.8352356,1.4957123
1572434733710,0.6784668,1.0845184,1.8706818
1572434733723,0.16873169,0.44482422,1.8413849
1572434733744,0.2587433,-0.16238403,1.4776001
1572434733762,0.7088165,-0.41911316,1.176651
1572434733783,0.9911194,-0.46331787,1.2533569
1572434733804,0.92559814,-0.46011353,1.5601501
1572434733824,0.6635437,-0.17196655,1.4829254
1572434733842,0.40415955,0.34735107,1.2554932
1572434733863,0.17778015,0.8613434,1.2389832
1572434733884,-0.0043792725,1.3939667,1.1585541
1572434733906,-0.08267212,2.1322021,0.8016815
1572434733924,-0.029937744,2.3489838,0.3580017
1572434733944,0.08564758,1.6230011,0.07304382
1572434733972,0.30722046,0.046951294,-0.14266968
1572434733984,0.44889832,-1.6521454,-0.22363281
1572434734004,0.48458862,-2.2700043,-0.2156372
1572434734024,0.49577332,-1.1376343,-0.11125183
1572434734044,0.46754456,0.73243713,0.12950134
1572434734064,0.19056702,1.4610901,0.442688
1572434734083,-0.09492493,0.49223328,0.7713318
1572434734112,-0.013427734,-0.10006714,1.1665344
1572434734130,-0.036865234,0.23016357,1.5969086
1572434734145,-0.29838562,0.105529785,1.6645508
1572434734165,-0.3399353,-0.8457489,1.0733337
1572434734184,-0.1327362,-1.6244507,-0.029220581
1572434734206,-0.45391846,-1.3709259,-0.3882141
1572434734227,-1.1426086,-1.3831787,-0.6167145
1572434734247,-1.6960144,-0.8414917,-1.2366943
1572434734267,-2.3596802,0.5375061,-1.6915588
1572434734284,-2.8933716,2.4203491,-1.8545532
1572434734306,-2.5583496,3.4398193,-2.0180664
1572434734326,-1.4382172,2.926361,-2.3056946
1572434734346,-0.35430908,2.2456512,-2.507553
1572434734366,0.2912445,2.0448456,-2.488922
1572434734386,0.4712677,0.7510834,-2.215149
1572434734406,-1.291748,-1.3347015,-2.7408447
1572434734426,-2.0502167,-2.0660095,-3.6079712
1572434734446,-0.69039917,-0.07928467,-2.9480438
1572434734466,0.5431671,-0.38235474,-1.4438934
1572434734486,-0.75964355,-1.6196594,-1.2931519
1572434734508,-1.7753754,-1.1621246,-1.9141998
1572434734527,-1.1846924,-1.0433502,-2.1128845
1572434734546,-0.35377502,-1.4007416,-1.7299194
1572434734567,0.010543823,-1.18396,-0.95173645
1572434734586,0.286438,-0.93362427,0.13163757
1572434734606,0.72320557,-0.79141235,0.9391022
1572434734627,1.5178833,0.20567322,1.2783966
1572434734655,2.3621063,1.602768,1.6134186
1572434734665,1.9360046,2.8523254,1.8339233
1572434734687,1.3948517,2.8842773,-0.14266968
1572434734710,2.927765,0.3883667,-0.80101013
1572434734727,-1.0712433,2.4922638,1.0845184
1572434734748,-1.7162476,0.57585144,2.8581848
1572434734770,1.608429,-3.840744,2.3825378
1572434734794,2.5149689,-2.4313965,1.7082214
1572434734806,1.3485107,1.509018,1.5484314
1572434734825,0.41853333,2.4693604,1.6341858
1572434734845,0.16073608,1.5042267,1.669342
1572434734866,0.4755249,0.5950165,1.4147491
1572434734887,0.88671875,0.61154175,1.333786
1572434734906,0.9650116,0.2434845,1.4323273
1572434734926,0.56448364,-0.49687195,1.636322
1572434734945,0.06593323,-0.9112549,1.6576233
1572434734970,-0.045913696,-0.4105835,1.173996
1572434734988,0.078186035,0.56466675,0.8352356
1572434735006,0.13783264,0.9359131,0.8799896
1572434735026,0.09362793,0.805954,0.82618713
1572434735046,0.12611389,0.40008545,0.50660706
1572434735066,0.37112427,-0.20126343,0.11352539
1572434735087,0.6038971,-0.6609192,-0.10964966
1572434735108,0.6837921,-0.78022766,-0.04573059
1572434735127,0.7200012,-0.39567566,0.20727539
1572434735150,0.67526245,0.5817108,0.6072693
1572434735168,0.33970642,0.9108734,0.98651123
1572434735195,0.10694885,0.49223328,1.2134094
1572434735212,0.10374451,0.49861145,1.526062
1572434735229,-0.050186157,0.32658386,1.7146149
1572434735253,-0.24032593,-0.55758667,1.3055573
1572434735267,-0.39692688,-1.3235168,0.49595642
1572434735288,-0.8693695,-0.86491394,0.22750854
1572434735311,-1.2086487,-0.0079193115,-0.3003235
1572434735332,-1.4776306,0.38250732,-1.085434
1572434735353,-1.800415,-0.13095093,-1.4279175
1572434735374,-2.165802,-0.31204224,-1.6628113
1572434735392,-2.1716614,0.37876892,-1.8252563
1572434735413,-1.4723053,0.67225647,-2.0052795
1572434735436,-0.60305786,0.7542877,-2.3658752
1572434735452,-0.27122498,2.480545,-2.7451172
1572434735470,0.056350708,3.0238342,-2.8745422
1572434735493,0.0952301,0.42138672,-2.6891937
1572434735524,-1.451004,-3.842331,-3.2330017
1572434735533,-1.690155,-3.9792175,-3.4705505
1572434735554,-0.24299622,-0.15864563,-2.298767
1572434735576,0.1974945,-0.24281311,-1.0561371
1572434735593,-1.5814972,-1.629242,-1.3490906
1572434735615,-2.1338348,-1.1807709,-2.4164734
1572434735643,-0.99453735,-1.135498,-2.949646
1572434735650,-0.40171814,-1.7570801,-2.2668152
1572434735671,-0.3995819,-2.0297852,-1.1999512
1572434735694,0.13464355,-1.8540192,-0.13787842
1572434735722,1.0076294,-1.2015381,0.6264496
1572434735734,1.8662262,-0.029754639,0.79689026
1572434735755,2.563446,1.0791931,1.01474
1572434735771,2.4223022,1.8461761,1.1521606
1572434735792,0.83825684,2.0768127,-1.1791687
1572434735816,2.434021,-0.9735718,-0.27955627
1572434735831,1.4017792,2.2887878,2.73674
1572434735850,0.26834106,1.6070251,1.7061005
1572434735870,1.0299988,-1.0934143,1.2831879
1572434735892,1.0688782,-1.0156555,1.286377
1572434735913,0.48564148,0.4368286,1.6570892
1572434735930,0.0717926,1.1479034,2.1897278
1572434735950,0.1463623,0.07144165,1.7028961
1572434735971,0.53944397,-0.64175415,1.1233978
1572434735993,1.0257416,-0.65133667,0.91993713
1572434736013,1.2398529,-0.42816162,0.94389343
1572434736034,0.8808594,-0.06703186,1.1835785
1572434736056,0.11759949,0.5311127,1.5063629
1572434736075,-0.4603119,1.3087463,1.7545624
1572434736106,-0.5258179,1.7843933,1.7023621
1572434736114,-0.16842651,1.3439026,1.4083557
1572434736130,0.21986389,-0.29873657,1.270935
1572434736150,0.3066864,-2.0862427,1.4456329
1572434736171,0.13729858,-3.1855927,1.5622864
1572434736191,-0.039520264,-3.0748138,1.4328613
1572434736211,0.055282593,-2.059616,1.0983582
1572434736231,0.31626892,-1.5706635,0.80381775
1572434736251,0.62413025,-1.2420197,0.6259155
1572434736271,1.031601,-0.387146,0.4837036
1572434736291,1.2387848,0.7841034,0.5295105
1572434736311,0.84358215,1.2959747,0.7494812
1572434736330,0.10748291,0.34735107,1.1718597
1572434736365,-0.175354,-0.3285675,1.4701385
1572434736371,-0.23074341,-0.274765,1.3311157
1572434736391,-0.40278625,0.20300293,0.56466675
1572434736412,-0.8864136,0.9423065,-0.9256439
1572434736431,-1.8851013,-0.5863495,-2.3104858
1572434736450,-2.644638,-3.282013,-2.5757294
1572434736471,-2.7117462,-4.6141205,-2.8761444
1572434736491,-2.6265259,-5.2511444,-3.4865417
1572434736512,-2.4321136,-4.954468,-3.351242
1572434736532,-1.2896118,-1.4098053,-2.3541565
1572434736554,0.3141327,2.6328735,-1.7118073
1572434736572,0.5516968,0.83418274,-2.4228668
1572434736592,0.37646484,-3.189331,-2.6748047
1572434736613,0.82014465,-5.5259857,-2.0191345
1572434736633,1.4358673,-5.1265106,-1.4433594
1572434736657,1.227066,-3.6026459,-1.693161
1572434736677,0.74664307,-4.321167,-1.9472351
1572434736696,0.8819275,-5.270859,-1.7011566
1572434736719,1.2387848,-5.130768,-1.4295044
1572434736737,1.447586,-4.286545,-1.292099
1572434736757,1.5546417,-3.2931976,-1.2729187
1572434736782,1.5152283,-2.2465668,-1.1930237
1572434736793,1.4177551,-1.451889,-1.0124664
1572434736815,1.4555664,-1.2601318,-0.82603455
1572434736833,1.4598389,-1.0699768,-0.544281
1572434736855,1.5967255,-1.2255096,-0.23002625
1572434736875,2.08461,-2.328598,0.061325073
1572434736894,2.0611725,-2.8931885,0.39102173
1572434736921,1.4108276,-2.8500366,0.69036865
1572434736934,0.42492676,-3.1840057,0.9625397
1572434736962,-0.44059753,-4.459656,1.047226
1572434736975,0.09736633,-5.2980194,0.99716187
1572434736994,1.2893829,-3.95578,0.48742676
1572434737014,1.2824707,-1.4593353,-0.26464844
1572434737034,0.6773987,0.459198,-0.30566406
1572434737054,0.5623474,1.2975616,-0.14001465
1572434737074,1.0939178,1.795578,-0.15971375
1572434737094,1.8752899,1.7540283,0.036819458
1572434737116,1.130661,0.24934387,0.360672
1572434737134,-0.79000854,-0.34240723,-0.23214722
1572434737154,-1.7295685,-1.4422913,-0.12615967
1572434737177,-1.6145172,-2.6428528,0.39794922
1572434737195,-0.95033264,-2.6609497,0.74575806
1572434737215,0.063797,-1.4076691,1.015274
1572434737235,0.7285309,-0.7445526,0.9913025
1572434737254,0.828125,-1.9909058,0.4980774
1572434737277,1.1205444,-3.1275482,0.15026855
1572434737298,1.9796753,-2.0473633,0.22218323
1572434737325,2.723236,0.19342041,0.1300354
1572434737335,2.579956,0.9588165,-0.044128418
1572434737356,1.7932587,0.30473328,-0.06384277
1572434737376,0.6411743,-1.3895569,0.13056946
1572434737397,0.094696045,-3.4684296,0.33084106
1572434737418,1.0379944,-3.6106415,0.23443604
1572434737438,2.1277466,-2.0873108,0.21525574
1572434737460,1.8502502,-0.6508026,0.26478577
1572434737479,0.6246643,-0.1325531,0.3814392
1572434737501,0.36846924,0.05706787,0.5630646
1572434737524,0.81481934,0.0096588135,0.72605896
1572434737536,0.76208496,-0.1836853,1.0605469
1572434737556,0.39137268,-0.028152466,1.3918457
1572434737585,0.18151855,0.23869324,1.5356598
1572434737597,0.118133545,0.18916321,1.5015717
1572434737617,0.11174011,-0.8169861,1.1995544
1572434737639,0.09736633,-2.4031677,0.35107422
1572434737657,-0.53541565,-2.6204834,-0.37384033
1572434737677,-1.6155853,-1.8130035,-0.78715515
1572434737697,-2.4353027,-1.1152649,-1.4822388
1572434737717,-2.8880463,-0.9581299,-2.0713348
1572434737737,-3.013214,-0.76052856,-2.4143524
1572434737763,-2.4331818,-0.40951538,-2.5166168
1572434737779,-1.4898834,0.4863739,-2.6412506
1572434737798,-0.4645691,1.0743866,-2.9592285
1572434737821,0.9746094,-0.73069763,-2.9315338
1572434737840,1.7181549,-2.4164734,-2.1347198
1572434737859,-1.2709808,-0.720047,-2.69664
1572434737877,-2.8720703,-1.929657,-3.8210297
1572434737900,-0.48214722,-3.6425934,-2.7861328
1572434737921,0.6816559,-1.0795746,-1.5605316
1572434737940,-0.0059661865,-0.09046936,-1.3836975
1572434737960,-0.9300842,-1.1195221,-1.7427063
1572434737979,-1.1532593,-1.48703,-1.9898376
1572434738000,-0.7079773,-1.005539,-1.8630676
1572434738021,0.036102295,-0.1756897,-1.1946259
1572434738038,0.4478302,-0.28862,-0.31950378
1572434738061,0.8196106,-0.5155182,0.3883667
1572434738080,1.3591614,-0.15545654,1.0610809
1572434738098,1.7575684,0.36332703,1.6293945
1572434738124,1.4683533,1.3417816,1.5958405
1572434738139,1.0933838,2.0475159,-0.49794006
1572434738159,2.070221,0.91033936,-0.42816162
1572434738180,0.5202637,1.4749298,1.5292664
1572434738203,-0.0970459,0.5848999,2.3159637
1572434738219,1.6957855,-1.0529327,1.4712067
1572434738246,2.1426697,-0.28222656,0.967865
1572434738267,1.0427856,1.1851807,1.4195404
1572434738279,-0.07467651,1.4802551,2.1385956
1572434738302,-0.29891968,0.38890076,2.0879974
1572434738323,0.27153015,-0.64334106,1.7087555
1572434738340,0.8057556,-1.0300293,1.4893188
1572434738362,0.94477844,-1.0332336,1.4142151
1572434738382,0.7572937,-0.80259705,1.4030304
1572434738400,0.3993683,-0.42016602,1.5345917
1572434738422,0.10002136,0.20513916,1.8333893
1572434738442,-0.041122437,1.0658722,1.9068909
1572434738460,-0.107177734,2.00383,1.6112823
1572434738482,-0.10664368,2.6206207,1.1484222
1572434738502,0.1655426,1.7907867,0.5822449
1572434738522,0.64863586,-0.30085754,0.138031
1572434738555,0.90216064,-1.6702576,-0.24386597
1572434738560,0.83132935,-1.4657288,-0.56451416
1572434738580,0.7184143,-0.5330963,-0.5762329
1572434738601,0.7077484,0.81607056,-0.26197815
1572434738621,0.57725525,1.2277985,0.18437195
1572434738641,0.25767517,-0.18582153,0.76600647
1572434738665,0.34609985,-0.9219055,1.2735901
1572434738681,0.2912445,-0.2939453,1.5931702
1572434738701,-0.27920532,-0.07395935,1.6453705
1572434738724,-0.48214722,-0.36637878,1.3870544
1572434738742,-0.14019775,-1.2063446,0.69143677
1572434738762,-0.08320618,-0.97784424,0.07411194
1572434738783,-0.7218323,-0.19647217,-0.2891388
1572434738806,-1.5106506,0.19555664,-1.0236511
1572434738826,-2.2025452,0.3494873,-1.580246
1572434738849,-2.7144012,0.6174011,-2.0074158
1572434738868,-2.931717,1.5116882,-2.633789
1572434738882,-2.6361084,2.3015747,-3.1397858
1572434738903,-1.5729828,2.4208832,-3.3698883
1572434738924,0.157547,2.323944,-3.1648254
1572434738943,1.3293304,1.0951691,-2.5592194
1572434738965,1.3575592,-1.0337677,-1.9568176
1572434738984,-0.96577454,-1.7874451,-2.8580322
1572434739006,-2.5285187,-0.5453491,-3.7352753
1572434739029,0.09309387,-0.68170166,-2.2907715
1572434739050,0.6923065,-1.5078125,-1.4673309
1572434739062,-1.1628418,-1.0561371,-2.058014
1572434739082,-1.4664459,-0.7466736,-2.0984955
1572434739102,-0.62168884,-1.3357697,-1.3485565
1572434739132,-0.3953247,-1.549881,-0.70939636
1572434739142,-0.6003876,-1.7288513,-0.29927063
1572434739162,-0.16842651,-1.7357788,0.4245758
1572434739184,0.7184143,-1.2505493,1.2336426
1572434739204,1.2814026,-0.08248901,1.7263336
1572434739222,1.6878052,1.1319122,1.9995728
1572434739243,2.0228271,2.0459137,2.0320587
1572434739264,3.438568,3.1255646,0.45547485
1572434739284,2.5666351,1.382782,-1.118454
1572434739302,-2.2275848,3.9506073,1.2592163
1572434739323,-0.7846832,1.8488464,2.6595001
1572434739342,1.7458496,-3.1344604,2.1577606
1572434739367,1.6622314,-1.3064728,1.9526978
1572434739386,0.7828522,0.38890076,1.7284698
1572434739404,-0.118896484,0.12045288,1.8072968
1572434739425,-0.28240967,-0.43029785,1.7945099
1572434739444,0.47766113,-0.74827576,1.5170135
1572434739464,1.3458557,-0.258255,1.4307251
1572434739484,1.526413,0.8565521,1.4983673
1572434739507,0.92559814,1.0205994,1.493576
1572434739528,0.09416199,0.41552734,1.4855804
1572434739547,-0.4326172,0.49649048,1.399826
1572434739571,-0.33140564,0.99983215,1.0083466
1572434739593,0.060073853,0.8565521,0.61154175
1572434739606,0.3855133,0.1726532,0.41445923
1572434739625,0.70188904,-0.55067444,0.11885071
1572434739647,0.811615,-1.1397552,-0.3248291
1572434739665,0.51760864,-1.2841034,-0.6715698
1572434739685,0.32373047,-1.0321655,-0.6374817
1572434739707,0.5543518,0.08157349,-0.19487
1572434739727,0.7327881,0.934845,0.36972046
1572434739747,0.43292236,0.4315033,0.8405609
1572434739770,0.17831421,-0.007385254,1.240036
1572434739791,-0.036331177,0.013916016,1.4637451
1572434739813,-0.4176941,-0.1517334,1.5196686
1572434739826,-0.7037201,-0.25985718,1.380661
1572434739849,-0.49972534,-1.1227112,0.6775818
1572434739867,-0.01928711,-1.4731903,-0.28648376
1572434739888,-0.42036438,0.26585388,-0.8207092
1572434739906,-1.783905,1.4365845,-1.5632019
1572434739930,-3.0046844,1.2592163,-2.4196777
1572434739946,-2.6781921,0.871994,-2.5688171
1572434739966,-2.2121277,0.8970337,-2.4617462
1572434739985,-1.8574066,1.0866394,-2.3344574
1572434740006,-1.0243683,1.1127472,-2.118744
1572434740027,0.3263855,0.6525421,-2.042038
1572434740045,1.449173,-0.39353943,-2.0244598
1572434740066,0.45315552,-1.198349,-2.1789246
1572434740092,-1.9362335,-1.5466919,-3.237259
1572434740106,-1.194809,-1.1807709,-2.899582
1572434740127,0.67207336,-0.13948059,-1.7485504
1572434740147,-0.029403687,-0.7621155,-1.5839691
1572434740166,-1.6533966,-1.0300293,-2.1624146
1572434740188,-1.5623169,-0.5181732,-2.4319305
1572434740209,-0.5338135,-0.60339355,-1.9339142
1572434740229,-0.3553772,-0.53575134,-1.149353
1572434740249,-0.39053345,-0.9299011,0.007003784
1572434740269,0.029174805,-1.3517456,1.2331238
1572434740289,0.83132935,-0.89953613,2.0001068
1572434740307,1.6398621,0.58917236,2.4427185
1572434740331,2.0936584,2.0965118,2.4512482
1572434740350,2.3013916,5.4318542,1.2176666
1572434740372,3.5621338,1.6608276,-1.2436218
1572434740388,-0.25257874,2.0565643,-0.21084595
1572434740410,-1.8552704,4.727722,2.7926636
1572434740427,1.4033661,-2.1171417,3.0951996
1572434740447,1.9482574,-2.7477722,2.3383331
1572434740468,0.7615509,-0.6412201,1.5878448
1572434740494,-0.3857422,-0.40951538,1.6299286
1572434740509,-0.7926636,-0.23588562,2.0400543
1572434740529,-0.20037842,-0.31204224,1.9505768
1572434740548,0.80096436,-0.07130432,1.7300568
1572434740568,1.2957764,0.39369202,1.8408508
1572434740593,1.1226807,0.6456299,1.925003
1572434740613,0.66567993,0.81074524,1.7833252
1572434740630,0.204422,1.0211334,1.4701385
1572434740651,-0.11143494,0.9497528,1.1936951
1572434740670,-0.05444336,0.6898346,0.9444275
1572434740694,0.43185425,0.40753174,0.45814514
1572434740717,0.7391815,-0.2928772,-0.07449341
1572434740732,0.40042114,-1.247879,-0.45692444
1572434740754,-0.14285278,-2.074524,-0.8308258
1572434740800,-0.26483154,-1.6138,-1.2079315
1572434740800,0.12878418,0.68237305,-1.1829071
1572434740817,0.60868835,2.0959778,-0.3647766
1572434740832,0.5682068,0.69462585,0.86346436
1572434740849,0.37805176,-0.5751648,1.555893
1572434740868,0.13571167,-0.42816162,1.5809326
1572434740890,-0.27015686,-0.7722473,1.396637
1572434740909,0.029174805,-1.8982239,1.1186066
1572434740933,0.48405457,-1.8561554,0.73350525
1572434740954,-0.19718933,-0.7823639,0.55081177
1572434740970,-1.0738983,-0.4020691,0.107666016
1572434740991,-1.6091919,0.10820007,-0.67103577
1572434741012,-2.0827026,0.43096924,-1.2548065
1572434741033,-2.3639374,0.66426086,-1.8050232
1572434741054,-2.2371674,0.935379,-2.3967743
1572434741074,-1.6320953,0.841095,-2.7456512
1572434741092,-0.80226135,1.4786682,-2.9320679
1572434741111,0.07072449,2.178543,-2.854309
1572434741133,0.9330597,1.1265869,-2.566681
1572434741152,0.16073608,-1.24469,-2.3648071
1572434741172,-1.4099884,-2.633789,-2.9230194
1572434741192,-1.3620605,-1.3315125,-3.1696167
1572434741213,-0.2962494,0.2637329,-2.4367218
1572434741232,-0.085861206,-0.15971375,-1.7149963
1572434741251,-1.1399384,-1.0257721,-1.7799835
1572434741271,-1.5351562,-1.0438843,-2.3200684
1572434741291,-0.75219727,-0.82496643,-2.1821136
1572434741312,-0.08053589,-0.5208435,-1.3048706
1572434741333,0.0057525635,-0.74401855,-0.1836853
1572434741352,0.35942078,-1.2867584,0.8916931
1572434741372,1.1812592,-0.5016632,1.6315308
1572434741393,1.7932587,0.871994,1.9990387
1572434741411,1.7149658,1.9329987,2.3969116
1572434741431,1.0758057,3.8451385,1.6847839
1572434741451,2.58049,2.2030334,-1.0050049
1572434741478,0.7397156,1.7130127,-0.687027
1572434741492,-2.02359,4.5807037,2.1412506
1572434741514,0.6672821,-1.1743774,2.5252838
1572434741539,2.0739594,-3.1504517,1.7657471
1572434741557,1.0955048,-0.7919464,1.2933044
1572434741580,-0.010772705,-0.15278625,1.364685
1572434741596,-0.53541565,0.33137512,2.035263
1572434741616,-0.067230225,0.20353699,1.9148865
1572434741634,0.93678284,-0.28648376,1.5170135
1572434741652,1.2861938,-0.46385193,1.6469727
1572434741673,0.9618225,0.14707947,1.7039642
1572434741694,0.40948486,0.79156494,1.556427
1572434741713,-0.076812744,0.8799896,1.6144867
1572434741736,-0.18440247,0.8240509,1.5942383
1572434741753,-0.036865234,0.618454,1.3556213
1572434741774,0.120788574,0.5113983,1.1889038
1572434741795,0.2443695,0.6152649,1.1393738
1572434741815,0.33491516,0.9620056,0.99876404
1572434741834,0.43504333,0.98172,0.52204895
1572434741854,0.46647644,0.36279297,-0.012710571
1572434741875,0.3040161,-0.6795654,-0.33441162
1572434741893,0.14103699,-1.7198029,-0.6209717
1572434741921,0.30934143,-0.8926239,-0.7631836
1572434741938,0.6859131,1.4216766,-0.1879425
1572434741961,0.3343811,1.6448364,0.8922272
1572434741984,-0.2531128,0.2514801,1.4360504
1572434741997,-0.2850647,0.45387268,1.2799835
1572434742022,-0.3388672,0.40541077,1.270401
1572434742038,-0.128479,-0.8058014,1.237915
1572434742056,0.110672,-1.5845032,0.80807495
1572434742080,-0.3234253,-1.2265778,0.42510986
1572434742100,-1.2262268,-1.0614624,-0.07342529
1572434742122,-1.8110657,-1.1360321,-1.0145874
1572434742139,-1.8867035,-1.0316315,-1.6212616
1572434742156,-1.9996185,-0.43029785,-2.0681305
1572434742176,-2.0619354,0.9151306,-2.570938
1572434742195,-1.6177216,2.0885315,-2.9080963
1572434742215,-0.66856384,2.2632294,-3.015686
1572434742236,-0.00491333,1.732193,-2.8734741
1572434742258,0.39297485,0.236557,-2.5949097
1572434742277,0.7780609,-2.201294,-2.0036926
1572434742300,-0.5945282,-3.395996,-2.1959686
1572434742317,-1.8382263,-2.491043,-3.3768158
1572434742341,-0.70957947,-0.46224976,-3.3539124
1572434742364,0.63371277,-0.22523499,-1.9727936
1572434742381,-0.05923462,-1.1392212,-1.3213806
1572434742397,-1.4094543,-1.0103302,-1.9765167
1572434742417,-1.3354187,-0.90592957,-2.439911
1572434742442,-0.3899994,-0.8345642,-2.1512299
1572434742466,-0.058166504,-0.59220886,-1.486496
1572434742480,-0.024612427,-0.71151733,-0.5362854
1572434742500,0.5708618,-0.6715698,0.63230896
1572434742522,1.5706177,0.06985474,1.5292664
1572434742539,2.1378784,1.4525604,1.9809265
1572434742562,0.98046875,3.1053162,1.7779999
1572434742579,1.3714142,2.287201,-0.6800995
1572434742605,2.2630463,1.0701294,-0.37010193
1572434742621,-1.8062744,2.7633667,1.8238068
1572434742643,-0.47361755,-1.4279175,2.590271
1572434742661,1.9200287,-3.6276855,2.3793488
1572434742681,1.400177,-0.11604309,2.1338043
1572434742704,0.43025208,1.6874542,1.6533661
1572434742718,0.047286987,1.1100769,1.8328552
1572434742743,0.14103699,0.20674133,2.1396637
1572434742758,0.85102844,0.0021972656,1.891983
1572434742778,1.2659607,0.27278137,1.6624146
1572434742798,0.9261322,-0.10964966,1.5303192
1572434742820,0.3413086,-0.7312317,1.5585632
1572434742839,-0.037399292,-0.86865234,1.8376617
1572434742864,-0.17428589,-0.417511,1.9681549
1572434742881,-0.16363525,-0.06277466,1.559082
1572434742902,0.07072449,0.43629456,1.015274
1572434742921,0.35942078,0.78889465,0.85388184
1572434742943,0.42332458,0.7468262,0.91726685
1572434742960,0.28271484,0.24827576,1.0727997
1572434742980,0.033447266,-0.9911499,1.1761322
1572434743002,-0.024612427,-2.2060852,0.99290466
1572434743027,0.38497925,-1.8369751,0.6717224
1572434743053,0.8760681,-0.42390442,0.5140686
1572434743062,0.88246155,0.138031,0.53697205
1572434743079,0.39883423,0.05227661,0.7766571
1572434743100,-0.16842651,-0.09739685,1.1004944
1572434743120,-0.37828064,-0.019638062,1.286911
1572434743146,-0.39372253,0.26052856,1.3486938
1572434743170,-0.4688263,0.29249573,1.14151
1572434743184,-0.6525879,0.2791748,0.6120758
1572434743202,-1.0094452,-0.387146,-0.18634033
1572434743220,-1.4083862,-2.1506958,-0.99328613
1572434743242,-1.9399567,-2.4393768,-1.5093994
1572434743266,-2.629181,-2.315277,-2.008484
1572434743295,-2.7330475,-4.239151,-2.6913147
1572434743300,-2.5146637,-5.2697906,-3.1003723
1572434743321,-1.8941498,-2.7168884,-2.5645447
1572434743341,-0.22488403,2.3820038,-1.7927704
1572434743358,0.74024963,2.8965302,-1.8987579
1572434743380,0.03930664,-1.7176666,-2.407425
1572434743399,-0.510376,-5.212265,-2.0713348
1572434743418,-0.30584717,-6.2375793,-1.4129944
1572434743441,0.43185425,-6.232254,-1.0705109
1572434743462,1.3016357,-5.1675262,-1.2068634
1572434743480,1.4997864,-3.634613,-1.6862335
1572434743500,1.1434479,-2.3158112,-2.0649414
1572434743519,0.8403778,-0.9538727,-1.8859711
1572434743540,0.75090027,-0.063308716,-1.3160553
1572434743559,0.8526306,-0.06491089,-0.8233795
1572434743579,1.0294647,-0.84095764,-0.47503662
1572434743599,1.2068329,-1.8039551,-0.06437683
1572434743620,1.3138885,-2.3845215,0.40327454
1572434743640,1.306427,-2.425537,0.7564087
1572434743662,1.2425232,-2.4521637,1.0232544
1572434743682,-0.2584381,-5.8993683,1.4578857
1572434743701,-2.5093384,-12.831039,1.5335236
1572434743725,-0.48587036,-9.056808,1.0413666
1572434743745,1.7266846,-0.22309875,0.06932068
1572434743763,1.6973877,3.118103,-1.3261871
1572434743788,0.99591064,2.4837341,-1.8540192
1572434743802,0.59962463,2.2664185,-1.4811707
1572434743826,0.23957825,2.2051697,-1.0907593
1572434743850,-0.4256897,1.1446991,-1.0151215
1572434743863,-0.77456665,1.0371094,-0.80101013
1572434743880,0.40415955,1.4728088,-0.1006012
1572434743925,0.4446411,-1.6058197,0.3494873
1572434743925,-0.45710754,-4.6982727,0.22271729
1572434743944,-0.50930786,-5.87912,0.112457275
1572434743963,0.21826172,-4.9166565,0.2546692
1572434743985,1.4108276,-1.9371033,0.3649292
1572434744003,2.2971344,-0.31098938,0.18009949
1572434744028,2.5442657,-1.0801086,-0.17515564
1572434744049,2.8388214,-0.90592957,-0.18740845
1572434744073,2.6300201,-0.38075256,0.22857666
1572434744087,0.8414459,-3.6814728,1.1889038
1572434744102,0.80096436,-3.1611023,1.3545532
1572434744125,1.3021698,-1.0918274,0.6141968
1572434744150,1.163681,-1.868393,0.38250732
1572434744165,1.1082916,-1.9360504,0.5513458
1572434744192,0.8899231,-1.1163177,0.5130005
1572434744206,0.6166687,-0.753067,0.52578735
1572434744225,0.5671387,-0.41271973,0.46505737
1572434744243,0.588974,0.12471008,0.43736267
1572434744266,0.5378418,0.4091339,0.5710602
1572434744285,0.50216675,0.23976135,0.761734
1572434744310,0.4643402,0.022445679,0.9534912
1572434744334,0.41693115,-0.0068511963,1.1617432
1572434744348,0.38711548,-0.3179016,1.3508301
1572434744367,0.4089508,-0.9330902,1.3455048
1572434744387,0.17619324,-1.5296478,0.9992981
1572434744404,-0.24511719,-1.726181,0.7031555
1572434744434,-0.6179657,-1.4257812,0.61312866
1572434744458,-1.0280914,-1.2628021,0.46133423
1572434744465,-1.3444824,-0.8777008,-0.030822754
1572434744484,-1.6209106,-0.60606384,-0.5389557
1572434744509,-1.563385,-0.74134827,-0.9815674
1572434744526,-1.2379456,-1.2659912,-1.371994
1572434744550,-1.134613,-1.8763885,-1.5658722
1572434744566,-1.1031952,-1.646286,-1.6090088
1572434744586,-0.84114075,-0.49580383,-1.6569519
1572434744611,-0.70318604,-0.023361206,-1.9088745
1572434744625,-0.8475342,-0.4894104,-2.2465668
1572434744644,-1.0334167,-1.1285706,-2.4846497
1572434744664,-0.9332886,-1.3661346,-2.4521637
1572434744688,-0.39746094,-1.29422,-2.2231293
1572434744706,0.17778015,-1.118454,-2.2241974
1572434744726,0.18045044,-0.7131195,-2.6598969
1572434744748,-0.25471497,-0.38449097,-2.8633575
1572434744767,-0.30584717,-0.57569885,-2.5874481
1572434744785,-0.07148743,-1.0135193,-2.4686737
1572434744810,0.13890076,-1.0039368,-2.5570984
1572434744837,0.26034546,-0.8089905,-2.5272675
1572434744850,0.24169922,-0.84254456,-2.328598
1572434744867,0.09895325,-0.9799652,-2.0691986
1572434744888,0.049957275,-1.068924,-1.7826538
1572434744907,0.24916077,-1.1482849,-1.4630737
1572434744932,0.48831177,-1.2068634,-1.0662537
1572434744951,0.6491699,-1.2212524,-0.480896
1572434744973,0.732254,-1.2137909,0.15666199
1572434745001,0.872345,-0.8207092,0.7393646
1572434745010,1.1849976,0.051208496,1.22406
1572434745027,1.6462555,1.2032928,1.6443024
1572434745052,1.9024506,2.1764069,1.6485748
1572434745075,1.4390564,2.5529785,-0.15705872
1572434745089,1.8534546,1.1420441,-0.47077942
1572434745105,-0.43740845,1.1814575,1.5036926
1572434745126,-0.6760254,-0.47183228,2.2552338
1572434745147,1.3277435,-2.5906525,1.6309967
1572434745166,1.9482574,-1.6052856,1.4642792
1572434745188,1.0267944,0.98651123,1.7215424
1572434745208,0.4121399,1.4941101,1.6602936
1572434745227,0.2406311,1.2022247,1.3859863
1572434745247,0.22839355,1.0120697,1.4120789
1572434745265,0.59376526,-0.29873657,1.4594879
1572434745286,0.6811218,-1.0161896,1.399292
1572434745306,0.48191833,-0.74028015,1.3311157
1572434745326,0.32159424,-0.16877747,1.3428345
1572434745348,0.23744202,0.2434845,1.4237976
1572434745367,0.17459106,0.56040955,1.4376526
1572434745386,0.10481262,0.8293762,1.3561554
1572434745406,-0.019821167,0.78144836,1.2927704
1572434745428,-0.13752747,0.5326996,1.2261963
1572434745446,-0.18707275,0.4714508,1.0632019
1572434745468,-0.13433838,0.8767853,0.81607056
1572434745486,0.17778015,1.382782,0.45707703
1572434745507,0.5490265,0.6690674,0.1854248
1572434745527,0.6560974,-0.55493164,0.23069763
1572434745548,0.66567993,-0.5016632,0.4245758
1572434745567,0.684845,0.45707703,0.6083374
1572434745586,0.4478302,0.92526245,0.83044434
1572434745607,0.11013794,0.36758423,1.0536194
1572434745627,0.016403198,0.04534912,1.2613525
1572434745650,-0.05870056,0.011795044,1.3316498
1572434745670,-0.14498901,-0.64334106,1.1686707
1572434745688,-0.08799744,-1.4263153,0.62272644
1572434745710,-0.38786316,-0.87609863,0.26585388
1572434745735,-1.0259552,-0.2848816,-0.16503906
1572434745753,-1.6470184,-0.028686523,-0.9490814
1572434745774,-2.1279755,0.14601135,-1.53125
1572434745790,-2.4827118,0.4272461,-2.0819855
1572434745815,-2.3372955,0.519928,-2.680664
1572434745842,-1.5048065,0.1103363,-2.9102325
1572434745856,-0.53700256,0.4560089,-2.9427185
1572434745871,-0.0693512,2.3548431,-3.0258026
1572434745902,0.62306213,2.9385986,-2.854828
1572434745914,1.5200195,0.28822327,-2.20076
1572434745933,0.8361206,-2.7914581,-2.3493652
1572434745953,-0.47468567,-3.142456,-3.2766724
1572434745969,-0.6078491,-0.71632385,-2.7967834
1572434745989,0.03503418,-0.38502502,-1.5632019
1572434746011,-0.23873901,-1.2612,-1.3980865
1572434746028,-0.63394165,-1.1056671,-1.9141998
1572434746051,-0.35324097,-0.6939392,-1.9887695
1572434746072,-0.056045532,-0.4782257,-1.4657288
1572434746091,0.024383545,-0.12934875,-0.6007385
1572434746109,0.22679138,-0.22789001,0.28929138
1572434746129,0.5602112,-0.04840088,0.7825165
1572434746150,0.6970978,0.45228577,1.2821198
1572434746169,0.54956055,0.745224,1.9308624
1572434746192,0.6816559,0.9827728,2.0741425
1572434746209,2.1661072,1.6480408,0.5960846
1572434746233,1.9072418,3.2363434,-1.0343018
1572434746252,-1.6518097,3.9111938,0.82832336
1572434746275,-0.42515564,0.982254,2.2855988
1572434746295,1.974884,-3.0252838,1.9095612
1572434746311,1.1375885,-1.3538818,1.8179474
1572434746337,0.03024292,0.12631226,1.8642883
1572434746353,-0.37295532,0.4352417,1.985199
1572434746373,-0.28027344,0.7644043,1.6741333
1572434746393,0.3567505,0.48477173,1.4536285
1572434746413,0.96395874,-0.2806244,1.6592255
1572434746433,0.98791504,-0.736557,1.8371277
1572434746451,0.37965393,-0.83135986,1.7566986
1572434746471,-0.27868652,-0.769577,1.4802551
1572434746496,-0.4533844,-0.54800415,1.2474976
1572434746515,-0.25524902,0.029907227,1.0861053
1572434746530,-0.04272461,0.50660706,0.918869
1572434746558,-0.011291504,0.72657776,0.7910309
1572434746573,-0.036331177,0.8544159,0.7079468
1572434746593,0.07711792,0.5747833,0.43363953
1572434746611,0.35461426,-0.081954956,0.07304382
1572434746634,0.4547577,-0.23747253,0.04534912
1572434746650,0.42652893,-0.11657715,0.22058105
1572434746670,0.3812561,0.40859985,0.38357544
1572434746693,0.33277893,0.8144684,0.57159424
1572434746713,0.22679138,0.36439514,0.8570862
1572434746731,0.07072449,-0.14266968,1.2107544
1572434746752,-0.08000183,-0.1325531,1.4062195
1572434746771,-0.25737,-0.35359192,1.382782
1572434746792,-0.19026184,-1.5237885,0.9747925
1572434746813,-0.018218994,-1.9610748,0.38197327
1572434746833,-0.5625763,-1.2042084,0.15400696
1572434746852,-1.2374115,-0.98049927,-0.417511
1572434746874,-1.5197144,-0.39460754,-0.92085266
1572434746891,-1.8211823,0.3191223,-1.3197937
1572434746913,-2.138092,0.8485565,-1.9227295
1572434746934,-2.0337067,0.98490906,-2.3509674
1572434746955,-1.4110565,0.22271729,-2.580536
1572434746974,-0.6318207,-0.11125183,-2.773346
1572434746993,-0.34365845,1.2645416,-2.8617554
1572434747016,0.17298889,2.4752197,-2.810089
1572434747040,1.0933838,1.2954407,-2.407425
1572434747063,0.007873535,-1.4790497,-2.5235443
1572434747078,-0.62968445,-3.1371307,-2.9011688
1572434747098,-0.30744934,-1.2766418,-2.5959778
1572434747118,0.033447266,0.82458496,-1.9685364
1572434747138,-0.056045532,-0.27316284,-1.5291138
1572434747157,-0.72343445,-1.2670593,-1.8401642
1572434747181,-0.7575226,-0.63056946,-2.4793243
1572434747206,-0.18919373,-0.43988037,-2.3397827
1572434747217,0.113342285,-0.6007385,-1.3117981
1572434747242,0.14157104,-0.60180664,-0.21884155
1572434747262,0.20335388,-0.7189789,0.56573486
1572434747276,0.6012268,-0.23428345,1.0765228
1572434747295,1.0353241,0.6509552,1.6640167
1572434747321,1.2499695,1.5159454,2.3090363
1572434747338,1.4928589,2.6813507,2.2355347
1572434747361,2.1852722,3.2949371,-0.06277466
1572434747378,1.1786041,2.642456,-0.8143158
1572434747397,-1.6528778,2.5987854,1.6123505
1572434747421,-0.028869629,-0.3360138,2.2999725
1572434747439,1.3005676,-3.4332733,1.8232727
1572434747464,1.3719482,-2.7962494,1.7380524
1572434747476,0.5362549,-0.40579224,1.7923889
1572434747495,-0.27868652,0.7942352,1.826477
1572434747519,-0.590271,0.49595642,1.8669434
1572434747537,-0.11941528,-0.340271,1.5207367
1572434747556,0.61294556,-0.6481323,1.4397736
1572434747575,1.0028381,0.020309448,1.6629486
1572434747595,0.97940063,0.76812744,1.6752014
1572434747616,0.570343,0.6802521,1.5713348
1572434747635,-0.03579712,0.36120605,1.5281982
1572434747654,-0.3399353,0.220047,1.1952972
1572434747675,-0.29466248,0.54548645,0.8608093
1572434747695,-0.06137085,1.0999603,0.7510834
1572434747716,0.1894989,0.9167328,0.6685333
1572434747735,0.44143677,0.08529663,0.4661255
1572434747755,0.5282593,-0.33761597,0.19981384
1572434747777,0.2566223,-0.22096252,-0.0052490234
1572434747797,-0.010772705,0.19981384,-0.1410675
1572434747816,0.06060791,1.0397644,-0.018569946
1572434747840,0.22998047,1.4099579,0.53855896
1572434747862,0.09309387,0.5625305,1.1180725
1572434747875,-0.085861206,-0.021759033,1.3156738
1572434747896,-0.18600464,0.3180542,1.3231354
1572434747917,-0.35910034,0.013916016,1.222992
1572434747937,-0.27708435,-1.1307068,0.8309784
1572434747956,-0.074142456,-1.4438934,0.31645203
1572434747978,-0.5338135,-0.8212433,0.046417236
1572434747996,-1.3146515,-0.9884949,-0.41378784
1572434748016,-1.464859,-0.7988739,-1.104599
1572434748036,-1.3093262,0.122039795,-1.6787872
1572434748056,-1.6518097,0.759079,-2.3791962
1572434748075,-1.8925629,1.2011566,-2.7621613
1572434748096,-1.6811066,1.2064819,-2.7328644
1572434748116,-1.1090546,1.4919739,-2.680664
1572434748138,-0.14338684,3.2352753,-2.7717438
1572434748164,1.1370544,3.2358093,-2.5086212
1572434748179,1.2190857,0.2679901,-2.0164642
1572434748197,-0.45231628,-2.6700134,-2.6929169
1572434748220,-1.0344849,-3.234604,-3.2559052
1572434748241,-0.9439392,-1.1908875,-2.711563
1572434748266,-0.71543884,0.007003784,-2.1725311
1572434748292,-1.0083923,-2.6742706,-2.3094177
1572434748300,-0.84007263,-1.5653381,-2.1421661
1572434748323,-0.18440247,0.46559143,-2.250824
1572434748341,0.045166016,0.049072266,-2.1277924
1572434748363,0.030776978,0.0362854,-1.6830444
1572434748383,0.10269165,0.10606384,-0.9852905
1572434748408,0.3066864,-0.12562561,-0.27423096
1572434748422,0.45954895,-0.33441162,0.42085266
1572434748448,0.5879059,-0.23800659,1.1148682
1572434748472,0.8968353,0.004333496,1.8978424
1572434748480,1.0555573,0.9156647,2.2477875
1572434748502,0.7338562,4.171646,0.018722534
1572434748520,1.8592987,1.2826538,-0.32003784
1572434748539,0.9469147,1.1345825,2.035263
1572434748564,-0.14073181,1.6725464,1.4962311
1572434748583,0.89471436,-2.2865143,1.6560211
1572434748607,0.86009216,-0.85479736,2.0640259
1572434748622,0.3897705,1.861084,1.7598877
1572434748644,0.37219238,1.7316589,1.9665527
1572434748660,0.45848083,1.0248566,2.3319397
1572434748681,0.69976807,0.96520996,1.8339233
1572434748698,0.6566162,0.40274048,1.5313873
1572434748720,0.3413086,-0.41218567,1.8126221
1572434748740,0.1186676,-1.0002136,2.115158
1572434748761,0.053146362,-1.3629303,1.987854
1572434748786,0.032913208,-1.3165894,1.5686798
1572434748810,-0.027816772,-1.0295105,1.1644135
1572434748822,-0.24406433,-0.75946045,1.1692047
1572434748840,-0.52049255,-0.37756348,1.2826538
1572434748862,-0.6430054,-0.011108398,1.1404419
1572434748882,-0.6280823,0.33244324,1.1170044
1572434748900,-0.52474976,0.57159424,1.1207275
1572434748925,-0.16789246,0.5683899,0.7718506
1572434748942,0.51600647,0.4975586,0.23016357
1572434748963,0.92240906,0.4751892,-0.021224976
1572434748980,0.9149475,0.11618042,0.36705017
1572434749002,0.5916443,-0.004180908,1.1186066
1572434749021,0.44197083,0.88583374,1.652832
1572434749041,0.30722046,1.3391113,2.2829285
1572434749063,-0.044326782,0.6610718,2.9141083
1572434749082,-0.2461853,1.0195312,2.2019806
1572434749107,-0.2062378,0.74468994,0.9620056
1572434749127,0.24169922,-1.6745148,-0.119766235
1572434749144,0.078186035,-2.7168884,-0.61138916
1572434749164,-1.0962677,-2.341385,-0.28276062
1572434749180,-2.437439,-2.029251,-0.16503906
1572434749203,-2.6968231,-1.3528137,-0.69607544
1572434749225,-2.1578064,7.6293945E-5,-1.5461578
1572434749245,-1.6299744,1.7966461,-2.3765259
1572434749264,-1.0046539,2.9231567,-3.091858
1572434749282,-0.13806152,3.0744324,-3.6117096
1572434749304,0.54956055,2.608902,-3.5989227
1572434749323,0.666214,1.1585541,-3.029541
1572434749341,0.3524933,-1.1584015,-1.9221954
1572434749365,-0.42887878,-3.2271423,-1.4167328
1572434749384,-1.022232,-2.6710815,-1.833786
1572434749406,-0.66856384,-0.74401855,-2.5134125
1572434749424,-0.38839722,0.2599945,-2.5267334
1572434749445,-0.44326782,-0.9735718,-1.2068634
1572434749465,-0.7862854,-1.3320465,-0.8734436
1572434749485,-0.4810791,-0.20498657,-1.3208466
1572434749504,-0.22595215,-0.81752014,-1.3815765
1572434749524,-0.034194946,-1.819397,-1.3528137
1572434749543,0.2171936,-1.5136719,-1.327774
1572434749566,0.39723206,-0.24067688,-0.66252136
1572434749582,0.954895,-0.040405273,-0.0814209
1572434749605,1.4811401,-0.7296295,0.34521484
1572434749624,1.8188324,-0.84095764,0.8474884
1572434749648,0.9964447,2.3468475,-4.5776367E-4
1572434749664,2.3684998,1.6949158,-1.2297668
1572434749685,2.5522614,3.7306366,0.7862396
1572434749704,1.0566254,3.0605774,2.5993195
1572434749724,0.1660614,-0.7892914,3.2890778
1572434749744,0.41641235,-1.0540009,2.9955902
1572434749763,0.40841675,0.6727905,2.2839966
1572434749782,0.95861816,0.64030457,1.4978333
1572434749803,1.6382599,-0.8441467,0.698349
1572434749824,2.101654,-1.7512207,0.09541321
1572434749844,2.7163086,-2.1293945,0.15080261
1572434749867,3.67984,-3.3081055,1.4871826
1572434749890,4.0558777,-3.5786896,3.547943
1572434749916,2.88089,-2.2124786,4.884308
1572434749926,0.905365,-0.95547485,4.851288
1572434749948,0.016403198,-3.4966583,2.942337
1572434749968,0.07498169,-4.575775,1.2022247
1572434749988,0.32106018,-2.3765259,0.09541321
1572434750006,0.506958,-0.92085266,-0.82496643
1572434750028,0.61987305,-0.6497345,-2.2721405
1572434750052,0.9415741,-0.85905457,-4.125702
1572434750070,1.5487823,-0.40846252,-5.9685974
1572434750092,2.5549164,0.1726532,-7.6261597
1572434750107,3.6611938,0.25627136,-9.119659
1572434750130,4.3834534,0.7809143,-11.038727
1572434750151,4.393036,2.1098328,-12.956741
1572434750175,3.802887,2.783081,-13.932526
1572434750190,2.370636,1.3385773,-13.531982
1572434750208,0.8377228,0.9508209,-11.875488
1572434750228,0.7780609,2.9066467,-9.163864
1572434750248,1.256897,4.518387,-4.971512
1572434750273,0.39137268,5.6417084,-1.7373657
1572434750287,-1.370575,6.349579,-0.18528748
1572434750307,-2.5849762,6.174347,0.37771606
1572434750326,-2.7948303,3.3146515,0.6429596
1572434750349,-3.1037598,0.44589233,0.85920715
1572434750368,-3.3487701,0.6333771,1.364685
1572434750390,-2.581787,2.257904,1.9697418
1572434750412,-0.70425415,3.4248962,1.4978333
1572434750425,1.1029663,2.988144,0.28556824
1572434750449,1.9679565,1.589447,-0.6119232
1572434750470,1.2206726,-0.12722778,-1.1600037
1572434750488,0.20921326,1.0664062,-0.989563
1572434750510,-0.36709595,3.3849487,-0.5224457
1572434750529,-0.7756195,4.0219727,-0.57250977
1572434750551,-0.862442,3.3679047,-0.90327454
1572434750574,-0.79000854,1.0371094,-0.86279297
1572434750588,-0.2850647,-0.31843567,-0.783432
1572434750608,0.21186829,-0.12722778,-0.65719604
1572434750628,0.8062897,-0.6923523,-0.3440094
1572434750648,1.3639526,-2.79039,0.06932068
1572434750668,1.592453,-4.494278,0.20939636
1572434750687,1.3106995,-4.0410004,-0.028686523
1572434750707,0.87020874,-2.1996918,-0.23214722
1572434750730,0.35942078,-0.5107269,-0.2928772
1572434750752,-0.18865967,0.35160828,-0.17089844
1572434750773,-0.8017273,0.37132263,0.072509766
1572434750790,-1.2709808,-0.34080505,0.4006195
1572434750810,-1.2869568,-0.9815674,0.7313843
1572434750829,-0.9838867,0.02458191,0.935379
1572434750850,-0.7958679,0.04055786,1.2219391
1572434750871,-0.71224976,-0.76638794,1.1985016
1572434750887,-0.7926636,-1.104599,0.87145996
1572434750907,-0.92796326,-1.0742493,0.52311707
1572434750931,-1.0637817,-0.9634552,0.17051697
1572434751175,-1.2304993,-0.9565277,-0.16291809
1572434751175,-1.0760345,-0.8835602,-0.21244812
1572434751175,-0.4368744,-0.83935547,-0.08621216
1572434751175,0.41267395,-0.7051239,0.20674133
1572434751175,0.8819275,-0.74028015,0.55773926
1572434751176,0.8691406,-0.7264404,0.8331146
1572434751176,0.6784668,-0.16770935,1.0227203
1572434751176,0.29283142,0.43417358,0.99076843
1572434751176,-0.2296753,0.81074524,0.82832336
1572434751176,-0.6403351,0.7894287,0.6887665
1572434751176,-0.7628479,0.6195221,0.552948
1572434751176,-0.31170654,0.6285858,0.22271729
1572434751213,0.24276733,0.24987793,-0.0063171387
1572434751213,0.36793518,0.018722534,0.07676697
1572434751230,0.27313232,0.04588318,0.15133667
1572434751274,0.108551025,0.033096313,0.40966797
1572434751274,0.068603516,-0.13362122,0.6360321
1572434751290,0.22146606,-0.54374695,0.6152649
1572434751338,0.14743042,-1.0683899,0.5428314
1572434751338,-0.03579712,-0.9235077,0.45387268
1572434751371,0.03024292,-0.6987457,0.29675293
1572434751372,0.18470764,-0.513916,0.16784668
1572434751400,0.24490356,-0.019104004,0.15879822
1572434751408,0.37219238,0.4325714,0.27438354
1572434751432,0.3136139,0.266922,0.313797
1572434751454,0.25234985,0.18702698,0.017654419
1572434751469,0.2901764,0.15293884,-0.15971375
1572434751492,0.15382385,0.027770996,-0.10165405
1572434751517,-0.053375244,-0.24919128,0.0362854
1572434751530,-0.059768677,-0.45959473,0.23815918
1572434751549,0.09841919,-0.4350891,0.39741516
1572434751569,0.122924805,-0.11550903,0.50660706
1572434751588,-0.12208557,0.30473328,0.3494873
1572434751609,-0.37509155,0.4661255,-0.0899353
1572434751631,-0.21476746,0.17797852,-0.34773254
1572434751652,0.2763214,-0.3983307,-0.40525818
1572434751668,0.81108093,-0.9746399,-0.43188477
1572434751688,1.0758057,-1.1376343,-0.35572815
1572434751717,0.74664307,-0.8089905,-0.3882141
1572434751729,0.08883667,-0.06756592,-0.5639801
1572434751749,-0.0730896,0.2626648,-0.7967377
1572434751769,-0.03100586,0.31539917,-0.6662445
1572434751789,-0.17588806,0.31272888,-0.23695374
1572434751808,-0.29891968,0.30101013,0.11512756
1572434751829,-0.27548218,0.32177734,0.1923523
1572434751858,-0.07255554,0.1619873,0.2280426
1572434751869,0.1383667,0.0064697266,0.23815918
1572434751889,0.23265076,-0.05265808,0.11405945
1572434751924,0.20974731,-0.008987427,-9.918213E-4
1572434751932,0.1506195,0.114593506,0.012329102
1572434751950,0.08670044,0.3068695,0.16998291
1572434751970,-0.08799744,0.6141968,0.39422607
1572434751997,0.09416199,0.32284546,0.32444763
