1572434634097,-2.2163086,3.7069092,9.532074
1572434634120,-2.1574707,4.040344,10.002792
1572434634141,-2.353592,4.001114,10.296982
1572434634159,-2.4320526,3.6873016,9.943939
1572434634181,-2.3928223,3.6873016,9.022125
1572434634357,-1.4513855,1.8044281,11.297256
1572434634357,-1.6082916,1.5298309,10.39505
1572434634377,-1.8828735,1.4906158,9.257477
1572434634397,-1.9221039,1.6867371,8.27681
1572434634421,-1.2944794,1.5298309,7.649185
1572434634445,-0.86299133,1.7651978,7.060791
1572434634456,-0.3530426,2.1966858,6.943115
1572434634476,0.039230347,2.510498,7.492279
1572434634496,-0.19613647,2.5889587,8.590622
1572434634516,-0.66685486,2.5889587,10.787323
1572434634536,-0.9022064,2.07901,11.297256
1572434634556,-1.0591125,1.4513855,9.924332
1572434634576,-0.6276245,0.6276245,8.35527
1572434634596,-0.86299133,0.66685486,8.27681
1572434634616,-1.4513855,1.4121552,10.081238
1572434634636,-1.255249,1.4121552,10.512726
1572434634656,-0.19613647,0.823761,9.728195
1572434634675,0.039230347,1.4906158,9.100571
1572434634695,0.19613647,2.3928223,9.532059
1572434634717,0.43148804,2.2751465,9.571289
1572434634736,0.7453003,2.2359161,10.159683
1572434634755,0.31381226,2.353592,11.101135
1572434634775,0.0,2.6674042,10.708862
1572434634795,-0.039230347,2.8635406,9.64975
1572434634814,-0.78453064,2.7458649,9.571289
1572434634836,-1.4513855,2.8243103,10.35582
1572434634854,-1.2160187,2.7850952,11.493393
1572434634874,-0.15690613,2.5497284,12.277924
1572434634894,1.2160187,2.1182404,12.5525055
1572434634914,0.86299133,2.0005493,12.5525055
1572434634935,0.23536682,1.9221039,11.571854
1572434634954,-0.47071838,2.1966858,9.64975
1572434634974,-0.7060852,2.8635406,7.6884155
1572434634994,-0.43148804,3.2950287,6.825424
1572434635014,-0.07846069,3.3734894,6.7077484
1572434635033,0.31381226,2.9812164,7.1392365
1572434635053,0.31381226,2.3143768,8.35527
1572434635073,0.39227295,1.9613342,9.688965
1572434635093,0.47071838,1.7651978,9.963562
1572434635113,0.0,1.6867371,9.100571
1572434635133,0.039230347,2.3143768,8.041458
1572434635153,-0.31381226,2.353592,6.9823303
1572434635176,-0.39227295,2.6674042,6.8646545
1572434635193,0.039230347,2.7458649,8.198364
1572434635213,0.31381226,2.7066345,9.453613
1572434635233,0.31381226,2.510498,9.767426
1572434635253,0.3530426,2.6674042,9.218246
1572434635272,0.3530426,2.8243103,8.27681
1572434635293,0.47071838,2.8243103,8.041458
1572434635312,0.15690613,2.7066345,8.590622
1572434635334,-0.07846069,2.5497284,9.100571
1572434635355,0.0,2.7850952,8.982895
1572434635372,0.15690613,2.7850952,8.825989
1572434635392,0.66685486,2.8635406,8.982895
1572434635412,0.9022064,2.9812164,9.179031
1572434635433,1.1768036,3.2558136,8.669083
1572434635500,4.15802,1.7651978,7.4138336
1572434635500,2.902771,2.3928223,6.1585693
1572434635602,2.5497284,2.628189,5.1779175
1572434635602,3.0204468,2.9420013,4.746414
1572434635602,3.334259,2.7850952,5.4524994
1572434635602,2.5497284,1.8828735,6.1193542
1572434635602,1.8044281,0.5491791,5.805542
1572434635602,2.0397797,-0.3530426,5.570175
1572434635614,2.1574707,0.07846069,5.805542
1572434635640,-0.31381226,2.1182404,2.7066345
1572434635674,0.823761,0.58839417,4.707199
1572434635674,1.1768036,-2.1966858,4.550293
1572434635693,2.1182404,-4.981781,5.3348236
1572434635711,2.2359161,-6.393936,8.982895
1572434635730,-2.4320526,-7.1392365,13.611633
1572434635750,-6.629303,-9.610519,14.5923
1572434635770,-6.4331665,-9.806656,15.847549
1572434635791,-6.5900726,-9.296707,18.240372
1572434635814,-10.316589,-9.64975,16.435944
1572434635830,-12.630966,-10.43428,17.063568
1572434635849,-14.670746,-10.39505,24.477402
1572434635869,-9.767426,-5.3348236,26.634857
1572434635889,-12.042572,-5.138687,21.260818
1572434635917,-10.002777,-5.1779175,10.238144
1572434635929,-4.15802,-1.8436432,4.1187897
1572434635949,-0.19613647,1.1768036,3.8442078
1572434635969,-0.31381226,1.9221039,5.844757
1572434635989,-1.8044281,-0.823761,5.0602264
1572434636009,-2.2359161,-1.6082916,4.9425507
1572434636029,-2.1966858,-1.0591125,2.510498
1572434636048,-2.353592,0.7453003,4.9033203
1572434636072,-4.589508,1.2160187,5.138687
1572434636088,-6.5900726,1.4121552,2.3928223
1572434636108,-8.27681,2.3143768,8.747528
1572434636128,-11.336487,1.6867371,6.943115
1572434636148,-10.277374,1.0591125,6.4331665
1572434636168,-7.923767,-0.15690613,2.5497284
1572434636188,-9.64975,-1.9613342,1.9221039
1572434636208,-11.218811,-2.07901,3.334259
1572434636228,-11.022675,-1.255249,2.9812164
1572434636249,-11.179581,-1.2160187,2.5889587
1572434636269,-11.807205,-2.471283,2.5497284
1572434636287,-12.51329,-2.07901,2.3928223
1572434636307,-11.336487,-1.1768036,2.1966858
1572434636327,-12.51329,-0.3530426,1.4121552
1572434636348,-11.336487,-0.039230347,1.9613342
1572434636369,-9.806656,-0.50994873,1.8436432
1572434636388,-9.179031,-1.7651978,1.2160187
1572434636409,-8.747528,-2.353592,1.6867371
1572434636426,-8.27681,-1.2944794,1.6082916
1572434636447,-7.217697,-0.7453003,2.471283
1572434636468,-9.571289,0.15690613,2.471283
1572434636487,-7.1000214,-0.9806671,2.1574707
1572434636510,-6.1585693,-0.31381226,-1.3729248
1572434636527,-10.159683,1.7651978,-0.66685486
1572434636547,-12.827103,2.2751465,-1.3729248
1572434636569,-11.14035,1.0591125,6.1193542
1572434636587,-8.31604,2.0005493,3.8442078
1572434636613,-8.27681,1.6867371,2.8635406
1572434636626,-8.237579,2.9812164,2.0397797
1572434636646,-10.35582,4.1972504,3.4911652
1572434636665,-12.944778,5.844757,7.178467
1572434636686,-14.003891,6.511612,8.786758
1572434636706,-14.278488,3.2950287,9.610519
1572434636727,-15.102249,5.844757,10.4734955
1572434636746,-11.218811,6.7077484,7.609955
1572434636765,-14.003891,3.0596771,4.5110626
1572434636785,-13.258591,0.86299133,2.353592
1572434636809,-11.924881,-0.9022064,1.2944794
1572434636825,-15.416061,-4.1187897,-0.039230347
1572434636846,-14.200027,-6.23703,-2.0005493
1572434636864,-9.375153,-5.8839874,-0.19613647
1572434636885,-7.178467,-5.3740387,2.0397797
1572434636905,-4.864105,-4.550293,3.883438
1572434636926,-6.472397,-4.864105,5.0602264
1572434636945,-3.6480713,-5.2171326,4.9425507
1572434636967,-2.2751465,-4.746414,4.550293
1572434636984,-1.9613342,-3.8442078,4.1187897
1572434637004,-4.393387,-2.4320526,4.275696
1572434637023,-9.728195,-1.647522,2.471283
1572434637043,-10.120468,-0.039230347,2.628189
1572434637065,-8.747528,0.07846069,1.8436432
1572434637083,-7.060791,0.07846069,2.628189
1572434637104,-7.178467,1.2160187,1.4513855
1572434637126,-5.099457,-0.3530426,6.8646545
1572434637143,-6.668518,1.8828735,7.649185
1572434637164,-4.550293,-0.07846069,10.002777
1572434637185,-5.1779175,-0.5491791,14.788422
1572434637203,-5.3740387,-3.8049774,10.198914
1572434637223,-6.1977997,-6.943115,6.4331665
1572434637243,-7.884552,-7.923767,8.198364
1572434637263,-8.786758,-7.766861,8.629852
1572434637284,-8.080673,-7.5707397,8.904434
1572434637302,-6.7469788,-7.060791,6.511612
1572434637322,-6.7077484,-8.002228,3.6873016
1572434637344,-7.178467,-8.041458,1.4121552
1572434637362,-6.23703,-7.6884155,1.2160187
1572434637382,-4.5110626,-7.1392365,3.4127197
1572434637402,-5.530945,-8.472946,3.726532
1572434637422,-4.9033203,-8.198364,3.2165833
1572434637441,-3.6873016,-7.4530487,3.2950287
1572434637462,-3.2558136,-6.1585693,3.1381226
1572434637481,-2.353592,-6.001663,3.0204468
1572434637503,-1.255249,-6.5900726,1.4513855
1572434637523,-3.9226532,-7.884552,1.5690613
1572434637542,-7.649185,-7.335373,3.177353
1572434637562,-9.3359375,-6.7469788,4.3541565
1572434637583,-8.159134,-6.7077484,4.0795593
1572434637603,-5.844757,-6.393936,3.177353
1572434637621,-4.746414,-6.5900726,3.765747
1572434637641,-4.9033203,-7.178467,3.9618835
1572434637661,-4.746414,-7.609955,3.0596771
1572434637680,-3.4911652,-8.119904,2.8635406
1572434637701,-2.8243103,-9.022125,3.0596771
1572434637721,-2.471283,-9.885101,3.4519348
1572434637740,-2.471283,-10.081238,3.883438
1572434637761,-2.8243103,-10.39505,4.15802
1572434637780,-2.9812164,-10.708862,4.040344
1572434637802,-3.0596771,-12.984009,5.2955933
1572434637820,-2.510498,-15.965225,5.0602264
1572434637845,-0.07846069,-18.985672,4.4718323
1572434637859,-0.2745819,-18.71109,4.6679688
1572434637880,-2.5497284,-14.670746,4.824875
1572434637899,-2.8243103,-12.787872,6.1977997
1572434637921,-1.647522,-12.238693,7.4138336
1572434637941,-1.2160187,-11.375717,5.413269
1572434637959,-4.3541565,-11.807205,2.6674042
1572434637979,-5.4917297,-11.493393,0.2745819
1572434638001,-5.4524994,-9.296707,-1.1375732
1572434638019,-1.1768036,-7.1392365,-0.6276245
1572434638039,4.4718323,-6.1977997,0.039230347
1572434638058,5.1779175,-5.8839874,0.39227295
1572434638079,2.3143768,-4.314926,0.86299133
1572434638099,0.9022064,-3.8049774,-0.39227295
1572434638121,0.2745819,-4.9033203,-0.7453003
1572434638138,-0.9806671,-6.1977997,1.4513855
1572434638158,-2.8243103,-7.178467,2.5889587
1572434638180,-3.883438,-7.1000214,1.7259674
1572434638198,-4.2364655,-7.217697,0.43148804
1572434638219,-3.2950287,-6.5900726,-1.9221039
1572434638238,-1.4513855,-5.648636,-1.1375732
1572434638260,-0.86299133,-4.550293,1.4906158
1572434638278,-2.0397797,-5.530945,8.904434
1572434638297,-0.3530426,-6.511612,3.6873016
1572434638319,0.15690613,-7.2961426,1.255249
1572434638338,-0.23536682,-9.492844,0.47071838
1572434638359,-1.7259674,-13.21936,0.07846069
1572434638378,-2.5497284,-20.0448,1.9221039
1572434638397,-1.6082916,-19.064133,1.5298309
1572434638419,-1.3337097,-13.258591,-1.0983429
1572434638436,-2.2751465,-9.728195,-1.5690613
1572434638456,-2.7458649,-8.904434,-1.255249
1572434638476,-2.07901,-9.257477,-1.8436432
1572434638496,-1.5690613,-9.453613,-2.1574707
1572434638517,-1.4121552,-8.982895,-1.5298309
1572434638536,-0.9806671,-8.31604,-0.39227295
1572434638556,-0.9806671,-8.080673,1.1375732
1572434638576,-0.9806671,-8.35527,3.0204468
1572434638595,-1.0591125,-8.433716,2.6674042
1572434638616,-1.3337097,-8.080673,1.9613342
1572434638636,-1.5690613,-7.492279,1.4513855
1572434638656,-1.647522,-7.2569275,1.0198975
1572434638675,-1.8828735,-7.6884155,0.7060852
1572434638695,-2.3143768,-8.35527,0.0
1572434638716,-2.7066345,-9.492844,-0.94143677
1572434638736,-2.7850952,-11.571854,-1.8436432
1572434638756,-3.2950287,-13.180145,-3.1381226
1572434638775,-1.8436432,-13.886215,-2.7458649
1572434638795,-2.5889587,-13.886215,-1.8828735
1572434638816,-4.3541565,-14.082352,-1.2944794
1572434638864,-5.0210114,-14.55307,-1.2944794
1572434638864,-6.511612,-16.318268,0.43148804
1572434638875,-6.001663,-15.533737,10.081238
1572434638894,-4.1972504,-14.5923,8.35527
1572434638916,-3.5696259,-15.023788,7.5707397
1572434638935,-3.4911652,-15.259155,4.4718323
1572434638955,-2.6674042,-14.55307,-1.4513855
1572434638974,-3.2950287,-15.141464,-3.8049774
1572434638995,-2.5889587,-14.121582,-6.5900726
1572434639013,-2.07901,-11.336487,-9.179031
1572434639033,-2.7850952,-9.218246,-4.5110626
1572434639054,-1.0591125,-8.708313,0.5491791
1572434639075,0.94143677,-9.610519,-1.255249
1572434639094,-0.823761,-8.590622,-1.3337097
1572434639114,-1.0591125,-7.6884155,-1.0591125
1572434639135,-1.3729248,-7.2961426,-1.0983429
1572434639153,-1.3729248,-7.0215607,-1.0198975
1572434639173,-1.0198975,-6.629303,-1.2944794
1572434639193,-0.66685486,-5.7663116,-1.4513855
1572434639213,-0.039230347,-5.1779175,-1.3337097
1572434639233,1.1375732,-4.393387,-1.647522
1572434639253,2.3928223,-3.8049774,-2.510498
1572434639272,3.1381226,-3.4519348,-2.902771
1572434639293,0.3530426,-3.0989075,1.5690613
1572434639312,-7.2569275,-7.335373,0.66685486
1572434639332,-6.1585693,-13.729309,-4.824875
1572434639353,-11.258041,-16.279037,6.825424
1572434639373,-7.178467,-14.788422,-0.19613647
1572434639392,-3.9618835,-10.591187,0.66685486
1572434639412,-2.2751465,-8.747528,1.255249
1572434639431,-0.86299133,-10.081238,-0.9806671
1572434639451,-0.78453064,-11.689529,-0.58839417
1572434639472,-1.5690613,-11.611069,-0.66685486
1572434639492,-2.3143768,-10.787323,-0.7060852
1572434639519,-2.7066345,-10.002777,-0.9022064
1572434639539,-3.1381226,-9.532059,-1.0591125
1572434639552,-3.765747,-8.904434,-1.2160187
1572434639571,-4.040344,-8.472946,-0.94143677
1572434639591,-4.1187897,-8.472946,-0.5491791
1572434639612,-4.393387,-8.904434,-0.3530426
1572434639631,-4.5110626,-8.982895,-0.15690613
1572434639650,-4.314926,-8.080673,0.11767578
1572434639671,-4.040344,-7.2961426,0.15690613
1572434639691,-4.275696,-7.1392365,-0.11767578
1572434639710,-4.589508,-7.923767,-0.58839417
1572434639730,-5.256363,-8.825989,-1.0983429
1572434639751,-5.2955933,-9.532059,-0.9022064
1572434639770,-5.530945,-9.767426,-0.94143677
1572434639792,-5.8839874,-10.591187,-1.0591125
1572434639814,-5.8839874,-11.336487,-0.78453064
1572434639830,-5.530945,-11.846436,-0.2745819
1572434639850,-5.138687,-12.709427,0.47071838
1572434639869,-4.9425507,-13.729309,5.1779175
1572434639889,-5.4524994,-14.984558,6.8646545
1572434639909,-4.2364655,-14.5923,6.5900726
1572434639929,-4.15802,-14.6315155,7.1392365
1572434639950,-5.962448,-13.023239,3.6873016
1572434639971,-7.1392365,-12.905548,-0.15690613
1572434639989,-6.5900726,-13.611633,-1.4906158
1572434640009,-5.3740387,-14.866882,-3.608841
1572434640029,-2.3928223,-15.141464,-6.7077484
1572434640049,0.50994873,-13.297821,-6.8646545
1572434640069,2.1182404,-11.4149475,2.902771
1572434640089,1.5690613,-10.551956,-0.23536682
1572434640108,-1.1768036,-9.022125,-0.3530426
1572434640129,-2.8635406,-7.3746033,-1.6867371
1572434640148,-2.3928223,-7.060791,-1.1768036
1572434640169,-1.4513855,-7.178467,-1.0983429
1572434640190,-0.78453064,-6.825424,-1.0591125
1572434640209,-0.50994873,-6.0408936,-0.9806671
1572434640229,0.15690613,-5.256363,-1.4513855
1572434640247,1.4513855,-4.314926,-1.6867371
1572434640267,2.510498,-3.2165833,-2.2359161
1572434640287,2.2359161,-2.5497284,-2.7066345
1572434640308,1.2944794,-2.510498,-2.1574707
1572434640329,-9.767426,-1.5298309,21.103912
1572434640348,-4.864105,-10.708862,0.7060852
1572434640368,-7.8453217,-14.945343,-0.94143677
1572434640387,-9.532059,-16.710526,4.9033203
1572434640408,-4.707199,-13.297821,-1.5298309
1572434640426,-2.471283,-9.767426,2.2751465
1572434640447,-1.4513855,-9.845871,1.4513855
1572434640466,-0.19613647,-10.904999,0.39227295
1572434640487,-0.07846069,-11.258041,-0.07846069
1572434640507,-0.3530426,-11.14035,-0.9022064
1572434640526,-1.2160187,-11.061905,-1.6867371
1572434640546,-2.1574707,-10.669632,-1.9613342
1572434640566,-3.0596771,-9.885101,-2.0397797
1572434640585,-3.8049774,-8.865219,-2.1574707
1572434640610,-4.3541565,-8.31604,-2.0005493
1572434640626,-5.099457,-8.27681,-1.4513855
1572434640655,-5.687851,-8.708313,-0.94143677
1572434640665,-6.23703,-8.433716,-0.7453003
1572434640686,-6.393936,-8.198364,-0.7453003
1572434640706,-6.9823303,-7.884552,-1.0198975
1572434640727,-7.5707397,-7.8060913,-0.6276245
1572434640748,-6.393936,-7.9629974,3.608841
1572434640765,-5.0210114,-8.27681,6.2762604
1572434640787,-4.393387,-8.590622,2.5497284
1572434640808,-2.6674042,-9.257477,0.039230347
1572434640825,-2.2751465,-9.885101,-0.5491791
1572434640845,-2.3143768,-10.002777,-2.3143768
1572434640865,-0.9806671,-10.591187,-3.3734894
1572434640885,-0.39227295,-11.650299,-3.4519348
1572434640906,-0.31381226,-13.454727,-1.9221039
1572434640925,-1.9221039,-14.121582,1.8044281
1572434640945,-4.1187897,-13.886215,1.2160187
1572434640965,-6.393936,-12.748642,-0.3530426
1572434640987,-7.2569275,-11.807205,0.94143677
1572434641006,-6.23703,-15.337601,1.6867371
1572434641024,-3.334259,-15.533737,4.3541565
1572434641044,-4.6287384,-13.729309,4.707199
1572434641064,-6.5900726,-12.081787,2.0397797
1572434641084,-7.492279,-10.630417,-0.58839417
1572434641106,-8.5121765,-9.963562,-2.353592
1572434641126,-8.865219,-10.551956,-2.6674042
1572434641147,-7.1000214,-11.4149475,-3.0204468
1572434641165,-4.981781,-12.43483,-4.589508
1572434641186,-2.902771,-13.337051,-6.943115
1572434641205,-2.0397797,-11.885666,-9.610519
1572434641223,-2.5889587,-9.610519,-10.669632
1572434641243,-2.471283,-8.31604,-10.081238
1572434641263,-3.2165833,-7.1392365,-8.747528
1572434641283,-4.9425507,-7.060791,-7.2569275
1572434641303,-6.903885,-7.884552,-1.4906158
1572434641323,-3.9226532,-8.904434,-3.2165833
1572434641345,-1.8044281,-8.198364,-4.040344
1572434641364,-0.39227295,-7.178467,-4.981781
1572434641385,1.4513855,-6.354706,-5.7663116
1572434641402,3.8442078,-6.1193542,-5.099457
1572434641421,5.844757,-6.23703,-3.4519348
1572434641442,6.0408936,-6.0408936,-2.353592
1572434641461,5.0602264,-5.7663116,-1.647522
1572434641482,3.6873016,-6.3154907,-0.78453064
1572434641502,1.8436432,-7.923767,1.255249
1572434641522,-0.823761,-10.826538,5.962448
1572434641541,-6.1585693,-13.023239,6.8646545
1572434641563,-9.64975,-14.51384,9.3359375
1572434641580,-9.728195,-17.769653,11.179581
1572434641602,-4.275696,-17.41661,4.981781
1572434641622,0.3530426,-12.317154,0.5491791
1572434641641,3.0989075,-8.119904,-3.5303955
1572434641661,3.6873016,-7.9629974,-4.589508
1572434641681,4.15802,-10.316589,-4.15802
1572434641702,2.3928223,-11.964111,-4.001114
1572434641721,0.9806671,-10.551956,-4.550293
1572434641740,-0.5491791,-9.845871,-4.550293
1572434641760,-1.7259674,-10.4734955,-4.15802
1572434641780,-2.7066345,-11.258041,-3.6480713
1572434641800,-3.3734894,-11.218811,-3.1381226
1572434641819,-3.4911652,-10.512726,-2.510498
1572434641839,-4.001114,-10.198914,-1.6867371
1572434641859,-4.393387,-10.630417,0.07846069
1572434641879,-4.0795593,-10.081238,2.07901
1572434641904,-3.608841,-8.394485,3.2558136
1572434641927,-2.7066345,-7.492279,4.3541565
1572434641939,-2.1182404,-7.492279,2.510498
1572434641959,-1.4906158,-7.923767,1.0198975
1572434641978,-1.2160187,-8.119904,-0.15690613
1572434641998,-1.2944794,-8.394485,-0.94143677
1572434642020,-1.1768036,-9.100571,-1.6082916
1572434642038,-0.6276245,-10.081238,-2.4320526
1572434642058,-0.39227295,-10.591187,-2.471283
1572434642080,-0.43148804,-10.630417,-1.6082916
1572434642098,-1.0591125,-11.14035,-0.823761
1572434642118,-2.3143768,-12.081787,-1.0198975
1572434642138,-10.277374,-12.5525055,17.37738
1572434642158,-9.924332,-12.317154,10.39505
1572434642180,-11.101135,-13.21936,8.198364
1572434642198,-12.709427,-15.572968,7.2569275
1572434642222,-12.317154,-14.003891,1.5298309
1572434642238,-12.042572,-12.709427,-0.86299133
1572434642259,-12.395599,-14.788422,-2.7458649
1572434642278,-10.512726,-17.41661,-5.4524994
1572434642298,-9.453613,-18.083466,-13.3762665
1572434642318,-6.825424,-17.024338,-14.670746
1572434642337,-4.824875,-16.004456,-12.199478
1572434642357,-4.9033203,-14.709976,6.23703
1572434642377,-2.510498,-14.945343,-0.07846069
1572434642397,-1.6867371,-12.944778,-2.7066345
1572434642416,-1.3337097,-11.650299,-3.177353
1572434642436,-1.647522,-11.807205,-3.0989075
1572434642456,-1.0591125,-12.121017,-3.0204468
1572434642476,0.39227295,-11.297256,-2.5497284
1572434642496,2.1182404,-9.100571,-2.6674042
1572434642516,2.7458649,-5.687851,-2.5889587
1572434642536,2.1574707,-3.2165833,-2.2751465
1572434642556,0.23536682,-3.0596771,-1.4906158
1572434642575,-1.2160187,-3.5303955,-0.78453064
1572434642597,-2.5889587,-3.726532,-0.23536682
1572434642615,-1.9613342,-4.314926,-2.5889587
1572434642639,0.50994873,-4.589508,-3.6480713
1572434642655,0.7060852,-4.981781,2.353592
1572434642675,-8.080673,-12.356384,-0.78453064
1572434642697,-8.943665,-25.144257,2.5497284
1572434642716,-5.7663116,-19.338715,3.4911652
1572434642735,0.47071838,-11.061905,0.039230347
1572434642755,3.8442078,-9.453613,2.7066345
1572434642775,4.589508,-11.846436,1.255249
1572434642794,4.2364655,-13.062454,1.0198975
1572434642815,2.628189,-12.905548,0.11767578
1572434642835,0.50994873,-12.199478,-0.823761
1572434642854,-1.1375732,-11.061905,-1.647522
1572434642874,-2.628189,-9.806656,-2.1966858
1572434642893,-4.2364655,-9.06134,-2.1574707
1572434642914,-5.962448,-8.590622,-1.5298309
1572434642934,-7.5315094,-8.35527,-0.39227295
1572434642954,-8.002228,-8.198364,0.9022064
1572434642974,-7.335373,-8.041458,1.4906158
1572434642993,-5.530945,-8.198364,1.255249
1572434643014,-4.0795593,-8.394485,0.7060852
1572434643033,-3.334259,-8.982895,0.15690613
1572434643053,-3.0204468,-9.179031,-0.47071838
1572434643073,-2.902771,-9.218246,-0.039230347
1572434643093,-3.2558136,-9.924332,0.15690613
1572434643113,-3.9226532,-11.101135,0.15690613
1572434643134,-4.275696,-12.042572,0.19613647
1572434643152,-4.5110626,-12.317154,-0.2745819
1572434643173,-4.2364655,-12.787872,-0.58839417
1572434643193,-3.4519348,-14.200027,-0.07846069
1572434643214,-3.5303955,-15.847549,4.550293
1572434643232,-4.746414,-15.416061,7.6884155
1572434643253,-5.805542,-14.121582,7.060791
1572434643272,-6.8646545,-13.4939575,6.9823303
1572434643295,-8.35527,-13.297821,3.334259
1572434643312,-8.865219,-13.572403,-1.2944794
1572434643332,-6.8646545,-13.533173,-4.4718323
1572434643351,-3.9226532,-12.630966,-7.5315094
1572434643371,-1.8436432,-11.336487,-8.198364
1572434643392,1.7651978,-10.120468,1.9613342
1572434643411,4.5110626,-9.963562,0.9806671
1572434643431,1.0983429,-8.786758,-0.43148804
1572434643451,-1.6867371,-7.766861,-0.9022064
1572434643471,-2.1182404,-8.002228,-0.19613647
1572434643492,-1.4906158,-7.3746033,-0.7453003
1572434643513,-0.15690613,-6.1585693,-0.31381226
1572434643531,1.0198975,-4.824875,-0.2745819
1572434643550,1.6867371,-3.8049774,-0.58839417
1572434643571,1.8828735,-3.2950287,-1.5690613
1572434643590,1.9221039,-3.334259,-2.902771
1572434643610,1.3337097,-3.4911652,-3.3734894
1572434643630,0.31381226,-4.6679688,-4.040344
1572434643650,-1.7651978,-6.9823303,-3.4911652
1572434643670,-12.944778,-11.179581,5.138687
1572434643690,-7.0215607,-17.88733,-1.8044281
1572434643709,-8.943665,-18.397278,-0.78453064
1572434643729,-7.1392365,-12.630966,2.07901
1572434643749,-3.5696259,-8.041458,1.0198975
1572434643769,-0.6276245,-8.35527,2.9420013
1572434643789,0.6276245,-10.198914,1.2160187
1572434643809,0.78453064,-11.964111,0.47071838
1572434643829,-0.039230347,-12.238693,-0.50994873
1572434643855,-1.4513855,-11.179581,-1.4121552
1572434643869,-2.1182404,-9.963562,-1.5298309
1572434643889,-2.1574707,-9.100571,-0.9806671
1572434643912,-2.510498,-8.5121765,-0.7060852
1572434643928,-2.9420013,-8.159134,-0.50994873
1572434643948,-3.2950287,-7.8060913,-0.39227295
1572434643968,-3.8442078,-7.884552,-0.31381226
1572434643988,-4.040344,-8.35527,-0.15690613
1572434644009,-4.432602,-8.629852,0.11767578
1572434644028,-4.6287384,-8.35527,0.7060852
1572434644048,-4.6287384,-8.472946,0.78453064
1572434644068,-4.824875,-9.100571,0.47071838
1572434644087,-5.2171326,-9.414383,0.2745819
1572434644112,-5.2171326,-9.532059,0.039230347
1572434644128,-5.4917297,-9.453613,-0.50994873
1572434644147,-5.648636,-9.885101,-0.5491791
1572434644167,-5.0210114,-10.4734955,-0.15690613
1572434644187,-4.15802,-11.061905,0.11767578
1572434644208,-3.334259,-12.317154,0.50994873
1572434644227,-2.9420013,-14.749207,0.9022064
1572434644247,-2.5497284,-16.67131,1.3729248
1572434644267,-2.7066345,-16.828217,2.1182404
1572434644287,-2.9812164,-15.729874,4.314926
1572434644308,-5.7663116,-13.964676,7.884552
1572434644327,-6.786209,-12.121017,2.7066345
1572434644346,-7.5315094,-12.277924,-0.11767578
1572434644367,-7.5315094,-12.630966,-1.647522
1572434644386,-6.1585693,-12.395599,-3.2558136
1572434644408,-3.6873016,-11.924881,-4.6679688
1572434644426,-0.3530426,-11.454163,-4.5110626
1572434644446,0.6276245,-10.198914,1.0198975
1572434644466,0.31381226,-9.845871,-1.0198975
1572434644485,-2.3143768,-8.982895,-1.7259674
1572434644505,-3.1381226,-8.119904,-1.8044281
1572434644525,-1.7651978,-7.766861,-1.3337097
1572434644546,-0.43148804,-7.649185,-1.0983429
1572434644566,0.5491791,-7.1000214,-0.7453003
1572434644585,0.5491791,-6.23703,-0.47071838
1572434644605,1.3337097,-5.1779175,-0.66685486
1572434644625,2.3143768,-4.001114,-1.255249
1572434644645,2.5497284,-3.177353,-2.0397797
1572434644665,1.647522,-3.1381226,-2.1182404
1572434644685,1.0198975,-4.1972504,-2.7066345
1572434644704,1.2160187,-5.4917297,-3.726532
1572434644725,-2.2359161,-5.7270813,-0.47071838
1572434644744,-9.963562,-13.297821,-3.3734894
1572434644764,-17.024338,-29.302277,1.4121552
1572434644784,-10.120468,-19.809433,2.2359161
1572434644806,-2.7458649,-9.767426,-0.47071838
1572434644824,0.7453003,-5.2955933,0.19613647
1572434644844,0.23536682,-6.5900726,0.19613647
1572434644864,0.31381226,-9.532059,0.11767578
1572434644883,0.39227295,-12.51329,-0.2745819
1572434644903,-0.39227295,-12.121017,-2.0397797
1572434644923,-1.7651978,-10.4734955,-3.334259
1572434644943,-3.2558136,-9.06134,-2.7066345
1572434644963,-4.7856445,-8.472946,-1.2944794
1572434644983,-5.099457,-7.766861,0.07846069
1572434645003,-4.6287384,-7.4530487,0.86299133
1572434645024,-4.393387,-7.649185,0.86299133
1572434645044,-4.275696,-8.31604,0.5491791
1572434645063,-4.1972504,-9.022125,-0.039230347
1572434645083,-3.765747,-9.06134,-0.19613647
1572434645103,-3.8049774,-9.06134,0.11767578
1572434645122,-3.8049774,-9.3359375,0.39227295
1572434645143,-3.9226532,-9.610519,-0.43148804
1572434645162,-4.864105,-10.002777,-0.6276245
1572434645184,-5.844757,-10.708862,-0.7453003
1572434645202,-5.962448,-11.375717,-0.58839417
1572434645222,-5.6094055,-12.199478,-0.43148804
1572434645243,-4.981781,-13.101685,0.23536682
1572434645263,-4.432602,-14.749207,1.8828735
1572434645283,-3.334259,-16.514404,8.31604
1572434645301,-3.2165833,-16.63208,8.590622
1572434645321,-3.883438,-15.612183,6.7077484
1572434645342,-4.864105,-13.21936,3.5303955
1572434645362,-5.7270813,-12.905548,1.1768036
1572434645381,-5.4917297,-12.905548,-1.4906158
1572434645401,-4.5110626,-12.356384,-6.786209
1572434645421,-4.2364655,-11.767975,-8.237579
1572434645441,-3.726532,-11.061905,-6.511612
1572434645462,-1.647522,-10.042007,3.4127197
1572434645480,2.353592,-10.081238,2.07901
1572434645504,0.7453003,-10.081238,-0.2745819
1572434645520,-2.353592,-8.629852,-1.5298309
1572434645541,-1.4121552,-7.8060913,-0.9806671
1572434645561,-0.86299133,-7.178467,-0.39227295
1572434645589,-0.31381226,-6.354706,-0.6276245
1572434645600,0.11767578,-6.0408936,-0.50994873
1572434645623,0.9806671,-5.570175,-0.7060852
1572434645640,2.2359161,-4.589508,-1.0198975
1572434645660,2.9420013,-3.4911652,-2.353592
1572434645680,2.6674042,-3.1381226,-3.4127197
1572434645700,1.9221039,-3.5303955,-3.177353
1572434645720,0.2745819,-5.099457,-2.0397797
1572434645740,-12.160248,-7.649185,4.001114
1572434645759,-9.139801,-16.749756,-2.7458649
1572434645779,-13.062454,-21.221588,1.7651978
1572434645799,-7.5707397,-15.180695,3.883438
1572434645819,-2.1182404,-8.982895,0.9022064
1572434645839,-0.6276245,-6.511612,2.8635406
1572434645858,-0.39227295,-8.5121765,0.5491791
1572434645879,-0.19613647,-11.375717,-0.47071838
1572434645898,-0.94143677,-12.787872,-1.7259674
1572434645919,-2.0397797,-11.72876,-2.9812164
1572434645939,-3.2165833,-10.43428,-3.0596771
1572434645959,-4.15802,-9.492844,-2.0005493
1572434645978,-4.1972504,-8.590622,-0.58839417
1572434645998,-3.883438,-7.884552,0.15690613
1572434646019,-3.334259,-7.6884155,0.2745819
1572434646038,-3.177353,-8.041458,0.039230347
1572434646058,-2.8635406,-8.5121765,-0.19613647
1572434646078,-2.471283,-8.394485,0.039230347
1572434646097,-2.2751465,-8.119904,0.23536682
1572434646117,-2.3143768,-7.923767,0.0
1572434646137,-2.902771,-8.433716,-0.31381226
1572434646158,-4.1972504,-9.139801,-0.19613647
1572434646177,-5.923218,-9.728195,-0.823761
1572434646201,-6.472397,-10.120468,-0.78453064
1572434646218,-5.844757,-10.591187,-0.11767578
1572434646238,-4.5110626,-11.258041,0.23536682
1572434646257,-3.4127197,-12.003342,0.11767578
1572434646277,-2.5889587,-12.984009,0.11767578
1572434646296,-2.0005493,-14.474609,0.39227295
1572434646317,-2.07901,-15.729874,0.86299133
1572434646336,-2.5889587,-15.925995,2.2359161
1572434646356,-5.923218,-15.494507,8.708313
1572434646376,-6.943115,-14.474609,6.7077484
1572434646396,-7.2961426,-12.47406,1.7259674
1572434646416,-8.904434,-12.51329,-0.47071838
1572434646436,-7.727646,-13.023239,-2.1182404
1572434646456,-5.413269,-12.944778,-4.864105
1572434646475,-2.471283,-13.023239,-5.2955933
1572434646495,2.3143768,-12.042572,2.7850952
1572434646516,3.8049774,-10.826538,0.9806671
1572434646535,2.0397797,-10.238144,-0.039230347
1572434646555,-2.2359161,-9.296707,-1.7259674
1572434646575,-2.3928223,-8.433716,-1.0198975
1572434646597,-1.3729248,-7.1392365,-0.9806671
1572434646617,-0.19613647,-6.629303,-0.9022064
1572434646640,0.66685486,-6.001663,-0.66685486
1572434646659,1.0983429,-5.0210114,-0.66685486
1572434646676,2.0397797,-3.9226532,-1.2160187
1572434646695,2.7066345,-2.353592,-2.510498
1572434646715,2.3928223,-1.8044281,-3.4519348
1572434646734,1.1768036,-2.628189,-3.883438
1572434646754,-0.07846069,-4.864105,-4.1972504
1572434646792,0.15690613,-7.4138336,-4.4718323
1572434646794,-8.237579,-7.4138336,5.2955933
1572434646815,-9.375153,-16.867432,-0.78453064
1572434646834,-13.964676,-22.280716,1.8044281
1572434646865,-7.609955,-13.533173,4.824875
1572434646873,-0.3530426,-8.002228,2.5497284
1572434646895,2.353592,-8.31604,4.040344
1572434646913,2.471283,-11.571854,1.0198975
1572434646933,2.510498,-13.180145,-0.5491791
1572434646955,1.3729248,-12.003342,-1.9221039
1572434646973,-0.15690613,-10.669632,-3.0204468
1572434646994,-1.1375732,-9.885101,-3.334259
1572434647013,-2.9812164,-9.610519,-3.3734894
1572434647033,-5.3348236,-9.414383,-2.902771
1572434647057,-6.7469788,-9.06134,-1.8044281
1572434647074,-7.2569275,-8.669083,-0.23536682
1572434647094,-6.1977997,-8.629852,1.1768036
1572434647113,-4.864105,-8.590622,1.4513855
1572434647133,-3.9226532,-8.472946,0.9806671
1572434647152,-3.0989075,-8.041458,0.50994873
1572434647172,-3.177353,-8.159134,0.07846069
1572434647192,-3.6873016,-8.708313,-1.5690613
1572434647212,-4.1972504,-9.375153,-2.07901
1572434647232,-4.746414,-9.767426,-2.2751465
1572434647252,-3.883438,-9.532059,-0.9806671
1572434647273,-2.628189,-9.64975,-0.039230347
1572434647293,-1.4121552,-10.159683,0.11767578
1572434647312,-0.66685486,-10.120468,-0.23536682
1572434647331,-0.31381226,-10.238144,-0.9022064
1572434647355,-1.0983429,-11.532623,-1.7259674
1572434647371,-2.6674042,-13.4939575,-1.5690613
1572434647391,-4.040344,-14.945343,0.9806671
1572434647411,-6.0408936,-14.278488,5.7663116
1572434647431,-7.8453217,-14.043121,4.9425507
1572434647451,-6.943115,-13.533173,4.001114
1572434647471,-5.805542,-11.964111,3.608841
1572434647490,-5.0602264,-10.983444,2.2359161
1572434647510,-4.275696,-10.787323,-0.11767578
1572434647531,-3.4127197,-10.669632,-4.275696
1572434647550,-4.15802,-12.160248,-6.1977997
1572434647570,-3.9618835,-12.081787,-6.080124
1572434647590,-4.275696,-10.983444,-6.1193542
1572434647611,-3.9618835,-10.002777,-6.903885
1572434647630,-2.1182404,-9.296707,-7.5707397
1572434647650,-0.9022064,-8.865219,-7.5315094
1572434647670,-1.1375732,-8.904434,-6.8646545
1572434647689,-1.7259674,-8.904434,-4.7856445
1572434647709,-3.5696259,-8.669083,0.3530426
1572434647730,-1.6082916,-8.825989,-0.78453064
1572434647751,-0.6276245,-8.472946,-2.6674042
1572434647769,-1.2160187,-7.766861,-2.353592
1572434647789,0.19613647,-7.5315094,-3.0204468
1572434647809,1.9613342,-7.217697,-3.3734894
1572434647829,3.5696259,-6.8646545,-2.8243103
1572434647848,4.864105,-6.393936,-1.8828735
1572434647869,5.413269,-6.080124,-0.823761
1572434647888,4.707199,-5.805542,0.0
1572434647909,2.2751465,-7.2961426,0.9806671
1572434647929,-2.1182404,-10.238144,9.414383
1572434647948,-11.650299,-12.748642,4.6679688
1572434647968,-20.123245,-17.730423,6.5900726
1572434647988,-14.827652,-17.142029,5.6094055
1572434648008,-6.9823303,-13.062454,1.4513855
1572434648028,-0.39227295,-9.571289,-0.66685486
1572434648049,5.962448,-8.708313,-2.1574707
1572434648033,6.786209,-10.630417,-1.8436432
1572434648053,8.080673,-11.650299,-1.2160187
1572434648074,7.1392365,-10.002777,-1.7651978
1572434648093,4.6679688,-8.904434,-2.2751465
1572434648113,2.3143768,-9.296707,-2.3928223
1572434648133,0.9806671,-10.748093,-2.510498
1572434648158,-0.15690613,-12.199478,-2.8635406
1572434648173,-2.1966858,-11.807205,-3.177353
1572434648199,-3.1381226,-10.983444,-2.9812164
1572434648213,-3.2950287,-10.277374,-2.5497284
1572434648233,-3.334259,-10.4734955,-1.2160187
1572434648253,-3.0989075,-10.826538,2.2359161
1572434648272,-3.334259,-10.002777,5.6094055
1572434648292,-3.2165833,-8.747528,6.3154907
1572434648312,-2.353592,-8.119904,3.765747
1572434648333,-1.3729248,-8.198364,1.2944794
1572434648352,-1.255249,-8.825989,0.47071838
1572434648373,-1.3729248,-9.3359375,0.07846069
1572434648393,-1.1375732,-9.179031,-0.86299133
1572434648412,-0.94143677,-9.179031,-1.9613342
1572434648432,-0.66685486,-10.238144,-2.510498
1572434648452,-0.7453003,-11.218811,-2.4320526
1572434648471,-1.3337097,-11.101135,-1.5690613
1572434648491,-2.353592,-11.336487,-1.8044281
1572434648511,-6.472397,-12.827103,8.865219
1572434648531,-8.119904,-13.415497,5.6094055
1572434648551,-9.139801,-15.690643,5.413269
1572434648571,-10.238144,-15.4552765,2.6674042
1572434648591,-12.081787,-13.533173,-1.4513855
1572434648611,-11.218811,-14.278488,-2.1574707
1572434648631,-8.982895,-17.220474,-2.5889587
1572434648651,-6.903885,-21.496185,-7.335373
1572434648671,-4.824875,-20.123245,-14.474609
1572434648691,-3.5696259,-16.67131,-15.925995
1572434648712,-2.7458649,-14.5923,-12.709427
1572434648730,-3.5303955,-14.239258,3.5303955
1572434648750,-3.4911652,-14.749207,1.8044281
1572434648770,-3.2558136,-14.670746,-3.4519348
1572434648790,-3.4127197,-12.944778,-4.7856445
1572434648810,-1.4121552,-12.5525055,-4.5110626
1572434648831,0.9806671,-12.121017,-3.9226532
1572434648850,2.4320526,-11.061905,-3.2558136
1572434648870,2.8635406,-9.375153,-2.4320526
1572434648890,2.1574707,-7.8453217,-2.2359161
1572434648910,1.6867371,-7.060791,-1.6867371
1572434648930,1.255249,-6.472397,-1.0591125
1572434648949,0.94143677,-5.2171326,-0.43148804
1572434648969,0.5491791,-4.15802,-0.58839417
1572434648988,-0.11767578,-3.726532,-0.86299133
1572434649009,-1.4906158,-4.432602,-0.3530426
1572434649029,-2.7458649,-5.3348236,-0.6276245
1572434649048,-3.4519348,-7.649185,-3.0596771
1572434649069,-3.177353,-12.787872,-5.256363
1572434649088,-5.687851,-17.88733,5.805542
1572434649108,-3.2165833,-18.789536,2.8243103
1572434649128,-1.4121552,-13.846985,0.7453003
1572434649148,2.07901,-10.39505,2.0397797
1572434649168,3.8442078,-10.630417,0.07846069
1572434649188,3.3734894,-11.493393,-0.47071838
1572434649208,1.7651978,-11.532623,-1.1768036
1572434649228,0.19613647,-11.532623,-1.7259674
1572434649248,-1.1375732,-10.748093,-1.4121552
1572434649268,-2.471283,-9.924332,-0.66685486
1572434649288,-3.5696259,-9.022125,-0.07846069
1572434649307,-4.3541565,-8.35527,0.3530426
1572434649327,-4.1972504,-8.119904,0.7060852
1572434649347,-3.4127197,-7.9629974,0.78453064
1572434649375,-2.5889587,-8.159134,0.7453003
1572434649387,-2.2751465,-8.551407,0.86299133
1572434649407,-2.510498,-9.100571,0.7060852
1572434649427,-3.5303955,-9.963562,0.58839417
1572434649447,-4.9033203,-10.277374,0.7060852
1572434649466,-6.472397,-10.159683,0.66685486
1572434649487,-6.1977997,-10.316589,0.15690613
1572434649506,-4.9425507,-10.669632,-0.66685486
1572434649526,-4.001114,-11.179581,-1.8044281
1572434649546,-2.8635406,-11.493393,-1.8436432
1572434649566,-2.471283,-11.689529,-1.5298309
1572434649586,-1.8828735,-11.964111,-1.1375732
1572434649606,-1.6082916,-14.082352,1.2160187
1572434649626,-2.8635406,-15.612183,4.824875
1572434649651,-4.6287384,-14.709976,7.178467
1572434649666,-5.0602264,-14.51384,7.727646
1572434649685,-4.0795593,-14.160797,3.9618835
1572434649705,-3.6480713,-12.984009,-0.2745819
1572434649725,-4.0795593,-12.709427,-2.902771
1572434649745,-3.1381226,-11.924881,-4.864105
1572434649766,-2.7066345,-10.944229,-5.7270813
1572434649785,-0.3530426,-11.179581,2.4320526
1572434649805,2.2751465,-11.218811,2.510498
1572434649829,2.9420013,-10.865768,1.0198975
1572434649845,-0.6276245,-9.414383,-0.15690613
1572434649864,-1.1375732,-8.433716,-0.47071838
1572434649884,-0.7060852,-7.727646,-0.43148804
1572434649904,-0.31381226,-7.5315094,-0.66685486
1572434649925,-0.23536682,-7.217697,-0.58839417
1572434649944,-0.47071838,-6.943115,-0.58839417
1572434649964,-0.11767578,-6.668518,-0.43148804
1572434649984,1.0198975,-5.687851,-0.9022064
1572434650004,2.7458649,-4.1972504,-1.6867371
1572434650024,3.5696259,-2.8635406,-3.177353
1572434650044,2.7850952,-2.4320526,-3.765747
1572434650064,-0.11767578,-2.9812164,0.15690613
1572434650084,-6.5900726,-7.178467,0.07846069
1572434650105,-5.687851,-15.023788,-3.9618835
1572434650123,-11.72876,-19.691757,0.823761
1572434650143,-9.767426,-15.769089,5.099457
1572434650163,-4.6679688,-10.591187,0.07846069
1572434650183,-0.50994873,-7.2961426,0.823761
1572434650203,0.43148804,-7.884552,0.11767578
1572434650227,0.94143677,-10.4734955,-0.5491791
1572434650243,1.0591125,-12.199478,-1.6082916
1572434650271,0.15690613,-11.72876,-2.7066345
1572434650282,-0.94143677,-10.669632,-2.7458649
1572434650311,-2.2359161,-9.806656,-2.1182404
1572434650329,-3.8442078,-9.414383,-1.0198975
1572434650342,-4.550293,-8.747528,0.15690613
1572434650362,-4.393387,-8.002228,0.7060852
1572434650384,-3.5696259,-7.9629974,0.7453003
1572434650402,-2.9420013,-8.551407,0.5491791
1572434650422,-2.2359161,-8.708313,0.07846069
1572434650442,-1.9613342,-8.708313,0.11767578
1572434650462,-2.2359161,-8.786758,-0.07846069
1572434650482,-2.8635406,-9.179031,-0.15690613
1572434650501,-4.15802,-9.375153,-0.66685486
1572434650521,-4.7856445,-9.64975,-0.07846069
1572434650541,-5.0210114,-9.806656,0.823761
1572434650562,-5.2171326,-9.767426,1.255249
1572434650583,-5.0210114,-9.885101,0.86299133
1572434650601,-4.824875,-10.159683,0.11767578
1572434650621,-4.9425507,-11.101135,-0.78453064
1572434650641,-4.5110626,-13.062454,-1.0983429
1572434650661,-4.589508,-15.651413,-0.7060852
1572434650681,-4.6287384,-17.769653,0.9022064
1572434650701,-4.4718323,-18.318817,10.826538
1572434650721,-4.6679688,-16.906662,9.610519
1572434650750,-4.393387,-14.356934,3.334259
1572434650760,-4.393387,-12.238693,-0.47071838
1572434650780,-3.608841,-12.317154,-2.3928223
1572434650800,-1.647522,-12.356384,-4.432602
1572434650823,-1.0198975,-12.081787,-5.962448
1572434650842,-1.7259674,-11.4149475,-4.1972504
1572434650860,-1.6867371,-10.4734955,4.432602
1572434650880,2.5497284,-10.277374,3.334259
1572434650900,0.5491791,-8.904434,0.7453003
1572434650919,-0.94143677,-7.884552,-1.1768036
1572434650940,-0.9022064,-7.4530487,-0.2745819
1572434650960,-1.0591125,-7.5315094,0.3530426
1572434650979,-1.0591125,-7.2961426,0.31381226
1572434650999,-0.7060852,-6.9823303,0.039230347
1572434651019,0.039230347,-6.1193542,-0.58839417
1572434651040,1.4513855,-5.256363,-1.4513855
1572434651058,2.9420013,-4.15802,-2.628189
1572434651086,4.0795593,-2.7066345,-3.334259
1572434651101,3.9226532,-2.1574707,-3.3734894
1572434651118,2.9420013,-2.5497284,-2.7458649
1572434651138,-3.9226532,-5.099457,-0.2745819
1572434651158,-4.0795593,-12.51329,-3.2950287
1572434651180,-15.690643,-19.770203,-0.5491791
1572434651198,-14.356934,-21.5354,5.648636
1572434651219,-7.335373,-13.4939575,2.0397797
1572434651238,-1.5298309,-7.609955,-0.6276245
1572434651258,0.823761,-6.1977997,0.23536682
1572434651277,1.0198975,-8.394485,-0.039230347
1572434651298,1.8436432,-11.336487,-0.6276245
1572434651317,1.6082916,-12.5525055,-1.647522
1572434651337,0.50994873,-11.571854,-2.5889587
1572434651357,-1.1375732,-10.39505,-2.6674042
1572434651377,-2.7066345,-9.532059,-2.4320526
1572434651397,-4.746414,-9.06134,-1.4121552
1572434651419,-5.4917297,-8.669083,0.039230347
1572434651437,-5.0210114,-8.27681,0.7453003
1572434651457,-4.6287384,-8.35527,0.66685486
1572434651477,-3.8442078,-8.394485,0.19613647
1572434651497,-2.7850952,-8.080673,-0.15690613
1572434651517,-2.2359161,-7.6884155,-0.19613647
1572434651536,-2.0397797,-7.6884155,-0.039230347
1572434651556,-2.3143768,-8.5121765,-0.2745819
1572434651583,-2.353592,-9.532059,-0.50994873
1572434651596,-2.7850952,-10.277374,-0.66685486
1572434651616,-3.8442078,-10.39505,-1.0198975
1572434651636,-4.432602,-10.120468,-0.9022064
1572434651669,-4.707199,-10.120468,-0.5491791
1572434651676,-4.393387,-11.375717,-0.66685486
1572434651695,-3.5696259,-13.650864,-0.19613647
1572434651716,-2.7458649,-15.651413,0.47071838
1572434651735,-2.510498,-16.749756,1.8044281
1572434651756,-4.589508,-16.67131,12.317154
1572434651775,-5.099457,-16.082901,10.551956
1572434651795,-4.9033203,-14.003891,5.6094055
1572434651815,-6.5900726,-12.277924,1.8044281
1572434651835,-7.4530487,-12.709427,-0.039230347
1572434651855,-6.0408936,-12.709427,-3.1381226
1572434651876,-4.589508,-12.43483,-6.786209
1572434651894,-3.4911652,-11.493393,-6.943115
1572434651914,-2.8635406,-10.865768,2.7066345
1572434651934,0.94143677,-10.35582,0.5491791
1572434651957,0.6276245,-9.767426,0.039230347
1572434651974,-0.78453064,-8.31604,-2.2359161
1572434651995,0.3530426,-7.5707397,-0.86299133
1572434652016,0.823761,-6.903885,-0.7060852
1572434652034,0.9806671,-6.825424,-0.50994873
1572434652054,1.0198975,-6.393936,-0.2745819
1572434652076,1.1768036,-5.687851,-0.58839417
1572434652093,1.9613342,-4.589508,-1.0198975
1572434652114,2.9812164,-3.4127197,-1.9613342
1572434652134,3.3734894,-2.510498,-2.8635406
1572434652153,2.902771,-2.9420013,-2.510498
1572434652173,1.3337097,-4.432602,-0.15690613
1572434652193,-3.0989075,-7.335373,-0.47071838
1572434652221,-4.864105,-12.630966,-4.9425507
1572434652233,-14.043121,-18.67186,-2.8635406
1572434652253,-12.277924,-21.143143,4.0795593
1572434652273,-5.099457,-13.650864,1.1768036
1572434652292,-0.19613647,-8.159134,-1.8044281
1572434652313,0.7453003,-6.629303,-0.66685486
1572434652332,0.94143677,-8.865219,-0.78453064
1572434652353,1.0983429,-11.611069,-1.5690613
1572434652372,0.66685486,-12.121017,-2.9812164
1572434652392,-0.11767578,-11.022675,-3.0989075
1572434652412,-1.2160187,-10.159683,-2.2751465
1572434652435,-2.3928223,-9.414383,-1.4121552
1572434652452,-3.0204468,-8.982895,-0.43148804
1572434652472,-2.902771,-8.669083,0.2745819
1572434652492,-2.3143768,-8.35527,0.5491791
1572434652513,-2.0397797,-8.669083,0.50994873
1572434652531,-1.647522,-8.551407,0.2745819
1572434652551,-2.0397797,-8.119904,0.0
1572434652582,-2.510498,-7.8060913,-0.47071838
1572434652591,-3.2950287,-8.119904,-0.3530426
1572434652611,-4.393387,-9.100571,0.15690613
1572434652631,-5.2171326,-9.963562,0.66685486
1572434652651,-5.3348236,-10.512726,0.39227295
1572434652671,-5.4917297,-10.826538,-0.58839417
1572434652691,-5.138687,-11.297256,-1.0983429
1572434652711,-4.7856445,-12.121017,-0.9806671
1572434652731,-4.1187897,-12.905548,-0.58839417
1572434652750,-3.9226532,-14.121582,0.19613647
1572434652770,-3.4127197,-15.690643,1.4513855
1572434652790,-2.3143768,-15.259155,5.138687
1572434652811,-2.8243103,-14.5923,8.002228
1572434652830,-3.765747,-13.729309,7.217697
1572434652850,-6.23703,-12.238693,1.6867371
1572434652871,-6.825424,-12.395599,0.15690613
1572434652891,-5.962448,-12.47406,-1.4513855
1572434652910,-3.6873016,-12.827103,-3.8049774
1572434652930,-1.3337097,-13.180145,-5.7663116
1572434652951,1.2944794,-12.081787,-7.2569275
1572434652970,1.6867371,-10.43428,4.824875
1572434652989,0.5491791,-10.002777,0.86299133
1572434653009,-2.7458649,-9.845871,-1.647522
1572434653029,-3.3734894,-8.786758,-1.647522
1572434653049,-1.6082916,-8.080673,-1.0198975
1572434653070,-0.15690613,-7.2961426,-0.86299133
1572434653089,0.6276245,-6.472397,-1.3337097
1572434653109,1.0983429,-5.7270813,-1.0983429
1572434653129,1.8828735,-4.9033203,-1.647522
1572434653148,2.8243103,-3.765747,-3.1381226
1572434653168,3.0989075,-2.6674042,-4.393387
1572434653188,1.6867371,-2.0397797,-4.314926
1572434653211,0.0,-2.628189,-4.550293
1572434653228,-0.58839417,-4.040344,-4.15802
1572434653248,-11.218811,-3.2558136,11.846436
1572434653268,-7.3746033,-16.55362,0.039230347
1572434653288,-12.630966,-25.536514,2.902771
1572434653308,-5.4917297,-15.494507,1.8044281
1572434653327,1.1375732,-7.727646,3.608841
1572434653348,1.0198975,-8.472946,3.0989075
1572434653367,1.8828735,-12.003342,0.6276245
1572434653390,1.7651978,-14.082352,-0.19613647
1572434653407,0.66685486,-13.140915,-1.4513855
1572434653428,-0.86299133,-11.571854,-2.353592
1572434653447,-2.2359161,-10.904999,-2.7458649
1572434653467,-3.6480713,-10.39505,-2.353592
1572434653488,-5.138687,-9.845871,-2.0005493
1572434653507,-5.7663116,-9.257477,-1.4121552
1572434653526,-5.7663116,-9.100571,-0.823761
1572434653547,-5.4524994,-9.375153,-0.50994873
1572434653566,-4.3541565,-9.728195,-0.43148804
1572434653586,-3.4519348,-9.100571,-0.23536682
1572434653606,-2.510498,-8.119904,-0.11767578
1572434653627,-2.1182404,-7.335373,0.23536682
1572434653646,-2.0397797,-7.1000214,0.19613647
1572434653666,-1.8436432,-7.178467,-0.11767578
1572434653686,-2.1966858,-7.4138336,-0.66685486
1572434653706,-2.5889587,-7.9629974,-1.5298309
1572434653726,-2.5497284,-8.119904,-1.8044281
1572434653745,-2.5497284,-8.159134,-1.5690613
1572434653766,-2.1966858,-8.825989,-1.5298309
1572434653785,-1.9613342,-9.963562,-1.647522
1572434653806,-1.3337097,-11.218811,-0.50994873
1572434653826,-1.1375732,-12.43483,0.58839417
1572434653845,-1.6082916,-13.297821,1.4121552
1572434653865,-2.8635406,-14.239258,1.647522
1572434653885,-4.2364655,-14.6315155,1.5298309
1572434653905,-5.3740387,-16.122131,2.07901
1572434653925,-4.6679688,-15.729874,4.981781
1572434653945,-4.9033203,-13.572403,5.844757
1572434653964,-5.530945,-12.160248,3.8442078
1572434653985,-6.080124,-11.297256,1.7259674
1572434654004,-6.23703,-10.865768,-2.510498
1572434654024,-6.3154907,-11.689529,-6.0408936
1572434654045,-5.844757,-13.023239,-6.354706
1572434654064,-4.9033203,-12.238693,-7.2569275
1572434654084,-3.608841,-10.316589,-8.35527
1572434654105,-1.5690613,-9.06134,-9.06134
1572434654124,-0.9806671,-9.139801,-8.002228
1572434654144,-0.7453003,-8.786758,-7.3746033
1572434654164,-5.1779175,-8.669083,6.7077484
1572434654184,-3.3734894,-8.865219,1.3729248
1572434654203,-2.4320526,-7.649185,0.07846069
1572434654223,-2.07901,-6.7469788,-1.2944794
1572434654243,-0.78453064,-6.7469788,-2.6674042
1572434654263,0.823761,-6.943115,-3.4519348
1572434654283,2.5889587,-6.7469788,-3.1381226
1572434654303,4.1187897,-6.1977997,-1.8436432
1572434654323,4.4718323,-6.001663,-0.86299133
1572434654343,3.6480713,-6.080124,0.0
1572434654362,2.1574707,-6.4331665,0.823761
1572434654384,0.7060852,-6.943115,1.4513855
1572434654402,-1.0983429,-8.080673,2.9812164
1572434654422,-4.275696,-9.610519,3.2950287
1572434654442,-8.041458,-10.787323,0.58839417
1572434654462,-11.14035,-12.003342,0.58839417
1572434654482,-16.082901,-17.37738,6.23703
1572434654502,-8.629852,-18.828766,4.824875
1572434654522,0.23536682,-13.023239,3.1381226
1572434654542,4.746414,-8.198364,0.66685486
1572434654562,5.099457,-8.31604,-0.2745819
1572434654581,4.824875,-10.630417,-0.5491791
1572434654602,4.040344,-11.493393,-0.9806671
1572434654621,2.7458649,-10.591187,-1.8044281
1572434654641,1.3729248,-9.139801,-2.902771
1572434654661,0.23536682,-9.100571,-3.4127197
1572434654681,-0.6276245,-10.120468,-3.1381226
1572434654701,-1.3729248,-11.179581,-2.510498
1572434654721,-2.1966858,-10.787323,-2.353592
1572434654741,-2.3143768,-10.238144,-1.8436432
1572434654761,-2.7066345,-10.002777,-1.255249
1572434654781,-2.3928223,-9.963562,-1.5690613
1572434654801,-2.1966858,-10.042007,1.4906158
1572434654820,-2.510498,-9.767426,3.9226532
1572434654842,-2.5889587,-9.492844,4.9425507
1572434654860,-2.07901,-9.179031,4.040344
1572434654880,-1.6867371,-9.257477,1.8436432
1572434654901,-1.3729248,-9.3359375,1.2944794
1572434654920,-1.8044281,-9.453613,0.6276245
1572434654939,-1.9221039,-9.767426,0.11767578
1572434654960,-1.9221039,-9.767426,-0.31381226
1572434654981,-1.7651978,-9.414383,-1.0198975
1572434654999,-2.0397797,-8.865219,-1.6867371
1572434655020,-1.9221039,-8.786758,-1.6867371
1572434655040,-2.07901,-8.943665,-1.1768036
1572434655059,-1.8436432,-9.257477,-0.7060852
1572434655082,-1.255249,-10.002777,-0.58839417
1572434655100,-1.2160187,-11.022675,-0.94143677
1572434655119,-1.6082916,-11.375717,1.9613342
1572434655139,-6.825424,-13.101685,15.102249
1572434655162,-7.4138336,-15.219925,6.9823303
1572434655181,-8.982895,-13.415497,1.9613342
1572434655199,-11.611069,-11.571854,0.58839417
1572434655219,-11.72876,-12.591736,0.39227295
1572434655239,-9.845871,-15.690643,-1.9221039
1572434655259,-7.609955,-20.593964,-5.8839874
1572434655279,-6.354706,-21.888443,-14.55307
1572434655301,-4.707199,-17.92656,-16.985123
1572434655321,-3.4911652,-14.984558,-13.21936
1572434655340,-2.0005493,-13.886215,-10.4734955
1572434655359,-5.3740387,-14.51384,7.5707397
1572434655378,-3.9226532,-15.651413,-1.0983429
1572434655398,-4.001114,-13.650864,-2.5497284
1572434655418,-2.1182404,-12.356384,-3.2165833
1572434655438,-0.19613647,-11.454163,-2.1574707
1572434655458,1.0591125,-10.708862,-1.4906158
1572434655478,1.3729248,-9.806656,-0.86299133
1572434655498,0.66685486,-8.747528,-0.7453003
1572434655520,0.3530426,-7.884552,-0.47071838
1572434655537,0.7453003,-6.5900726,-0.58839417
1572434655560,0.66685486,-4.824875,-0.31381226
1572434655577,0.50994873,-3.726532,-0.039230347
1572434655598,0.11767578,-2.9812164,-0.039230347
1572434655617,-0.43148804,-2.9812164,0.19613647
1572434655637,-1.2160187,-3.3734894,0.86299133
1572434655658,-0.7453003,-3.765747,0.23536682
1572434655679,0.11767578,-4.3541565,-1.9221039
1572434655698,-7.923767,-4.3541565,5.0210114
1572434655718,-6.8646545,-13.611633,-2.7850952
1572434655736,-8.825989,-24.20282,2.4320526
1572434655759,-5.962448,-20.00557,4.001114
1572434655776,-3.726532,-11.179581,2.07901
1572434655797,-2.1966858,-8.394485,1.5690613
1572434655816,0.19613647,-9.179031,1.8044281
1572434655837,2.6674042,-11.650299,1.1375732
1572434655856,3.608841,-13.337051,0.11767578
1572434655875,2.510498,-12.748642,-0.7060852
1572434655896,1.0198975,-11.571854,-1.0591125
1572434655916,0.11767578,-10.43428,-0.86299133
1572434655935,-0.78453064,-9.885101,-0.78453064
1572434655956,-1.5690613,-9.688965,-0.7060852
1572434655975,-2.7850952,-9.532059,-0.58839417
1572434655995,-4.001114,-9.257477,-0.78453064
1572434656015,-5.3348236,-9.218246,-0.7060852
1572434656035,-6.23703,-8.669083,-0.19613647
1572434656055,-6.7469788,-8.159134,0.7060852
1572434656076,-6.393936,-8.080673,1.1768036
1572434656095,-5.413269,-8.35527,0.94143677
1572434656115,-4.9033203,-9.06134,0.50994873
1572434656134,-4.2364655,-9.806656,0.6276245
1572434656156,-4.589508,-10.277374,0.43148804
1572434656175,-4.7856445,-10.904999,0.0
1572434656194,-4.864105,-11.375717,-0.3530426
1572434656214,-4.824875,-11.532623,-0.50994873
1572434656234,-4.550293,-12.121017,0.2745819
1572434656254,-4.1972504,-13.846985,1.9613342
1572434656276,-3.883438,-16.396713,3.4911652
1572434656294,-4.2364655,-17.18126,7.060791
1572434656316,-6.5508423,-15.376831,7.178467
1572434656334,-6.3154907,-13.062454,4.1972504
1572434656356,-7.060791,-12.160248,1.5298309
1572434656375,-6.9823303,-12.944778,-1.4513855
1572434656393,-5.7663116,-14.200027,-5.1779175
1572434656413,-3.9226532,-14.906113,-7.335373
1572434656433,-2.07901,-14.160797,-8.159134
1572434656453,0.7060852,-12.5525055,-7.8060913
1572434656473,1.6867371,-10.198914,6.1977997
1572434656493,2.0397797,-9.296707,3.0596771
1572434656515,0.0,-8.551407,0.23536682
1572434656534,-0.9022064,-7.178467,-1.3337097
1572434656553,-0.15690613,-6.472397,-0.31381226
1572434656573,0.50994873,-6.354706,0.07846069
1572434656593,0.39227295,-5.805542,0.47071838
1572434656612,0.66685486,-5.3348236,0.039230347
1572434656633,1.3729248,-4.393387,-0.86299133
1572434656652,2.7458649,-3.334259,-1.647522
1572434656672,3.2165833,-2.353592,-2.1182404
1572434656692,2.471283,-2.902771,-2.353592
1572434656714,1.8436432,-4.1972504,-2.2751465
1572434656732,-2.4320526,-5.413269,-0.23536682
1572434656751,-9.100571,-13.80777,-10.238144
1572434656773,-9.532059,-21.260818,-4.2364655
1572434656791,-8.708313,-19.103363,1.1768036
1572434656811,-3.2165833,-12.356384,0.43148804
1572434656832,-1.3729248,-9.453613,0.3530426
1572434656852,-2.8243103,-9.179031,1.5298309
1572434656871,-1.8436432,-10.120468,0.23536682
1572434656893,-0.9022064,-11.493393,-0.19613647
1572434656911,-0.9806671,-11.807205,-0.7453003
1572434656932,-1.8436432,-10.551956,-1.8436432
1572434656953,-2.3143768,-9.610519,-2.628189
1572434656971,-2.7066345,-9.06134,-2.471283
1572434656991,-3.0989075,-8.708313,-1.6867371
1572434657011,-3.5696259,-8.159134,-0.94143677
1572434657030,-3.8442078,-7.727646,-0.39227295
1572434657050,-3.9226532,-7.609955,0.11767578
1572434657071,-3.5696259,-8.041458,0.6276245
1572434657090,-2.7850952,-8.27681,0.9022064
1572434657113,-2.510498,-8.394485,0.823761
1572434657131,-2.3928223,-9.100571,0.7453003
1572434657151,-2.8635406,-9.453613,0.823761
1572434657170,-3.3734894,-9.571289,1.1768036
1572434657189,-3.8049774,-9.64975,1.1375732
1572434657210,-3.5696259,-9.806656,0.6276245
1572434657229,-3.177353,-10.002777,0.0
1572434657249,-3.1381226,-10.277374,-0.23536682
1572434657270,-3.2558136,-10.669632,-0.5491791
1572434657289,-3.5303955,-11.4149475,-0.50994873
1572434657309,-3.8049774,-12.591736,-0.47071838
1572434657329,-3.8442078,-14.906113,0.23536682
1572434657348,-3.726532,-16.906662,2.628189
1572434657369,-2.628189,-17.298935,6.5900726
1572434657388,-3.6480713,-15.847549,8.080673
1572434657410,-5.844757,-12.827103,4.3541565
1572434657428,-6.393936,-12.787872,2.471283
1572434657448,-5.4524994,-13.101685,-0.039230347
1572434657468,-3.8049774,-13.062454,-4.6679688
1572434657488,-3.334259,-13.258591,-7.0215607
1572434657510,-2.0397797,-13.023239,-6.629303
1572434657528,-1.2160187,-11.375717,4.981781
1572434657548,1.5690613,-10.316589,3.608841
1572434657567,1.0198975,-9.963562,0.94143677
1572434657587,-1.2160187,-8.433716,-1.2160187
1572434657607,-0.7060852,-6.9823303,-0.23536682
1572434657627,-0.43148804,-6.1977997,0.6276245
1572434657647,-0.039230347,-6.1977997,0.11767578
1572434657667,-0.039230347,-6.1977997,-0.039230347
1572434657688,0.9022064,-5.844757,-0.15690613
1572434657707,3.0596771,-4.432602,-0.7453003
1572434657728,5.0210114,-2.7458649,-2.471283
1572434657747,5.099457,-2.0397797,-3.608841
1572434657768,3.883438,-2.4320526,-2.9812164
1572434657787,-1.8828735,-2.7850952,4.1187897
1572434657806,-9.139801,-10.198914,-6.5900726
1572434657826,-14.474609,-17.848099,-5.530945
1572434657847,-13.611633,-20.00557,-0.94143677
1572434657867,-6.3154907,-14.788422,1.8828735
1572434657887,-1.3337097,-9.963562,-0.9806671
1572434657906,-0.23536682,-8.119904,0.9022064
1572434657928,0.2745819,-10.238144,-1.1375732
1572434657949,0.9022064,-11.924881,-1.5298309
1572434657968,-0.23536682,-11.454163,-1.7651978
1572434657986,-1.8044281,-10.591187,-1.7651978
1572434658006,-2.9812164,-9.414383,-1.255249
1572434658026,-3.608841,-8.669083,-0.47071838
1572434658045,-3.6873016,-8.237579,-0.07846069
1572434658065,-3.334259,-7.9629974,0.0
1572434658085,-2.9420013,-8.198364,0.0
1572434658105,-2.471283,-8.669083,-0.039230347
1572434658125,-2.2751465,-8.865219,-0.23536682
1572434658145,-2.2359161,-8.629852,-0.31381226
1572434658165,-2.2359161,-7.8060913,-0.07846069
1572434658184,-2.471283,-7.727646,-0.15690613
1572434658205,-2.6674042,-8.551407,-0.43148804
1572434658225,-2.8635406,-9.179031,-0.7060852
1572434658245,-3.4911652,-9.845871,-1.8828735
1572434658264,-3.765747,-10.120468,-1.3337097
1572434658285,-3.608841,-10.120468,-0.39227295
1572434658305,-3.608841,-10.35582,0.11767578
1572434658325,-3.765747,-10.983444,0.19613647
1572434658344,-3.608841,-12.121017,0.0
1572434658365,-3.334259,-13.572403,0.11767578
1572434658385,-3.3734894,-15.023788,0.15690613
1572434658403,-2.902771,-15.29837,0.86299133
1572434658424,-1.8828735,-14.945343,2.3928223
1572434658444,-0.50994873,-14.317703,6.472397
1572434658464,-2.1182404,-13.297821,7.4530487
1572434658484,-3.2165833,-12.709427,3.883438
1572434658504,-3.8442078,-11.061905,-1.3337097
1572434658523,-5.2171326,-12.356384,-3.5696259
1572434658546,-5.2955933,-13.023239,-2.9812164
1572434658563,-3.765747,-12.47406,-3.2558136
1572434658584,-1.6082916,-11.336487,-3.6873016
1572434658603,1.3337097,-10.551956,4.824875
1572434658623,1.7259674,-9.963562,2.5497284
1572434658643,-0.11767578,-9.728195,0.07846069
1572434658663,-2.628189,-8.472946,-1.4906158
1572434658685,-1.5690613,-8.041458,-0.19613647
1572434658704,-0.39227295,-7.727646,0.39227295
1572434658723,0.43148804,-7.217697,0.19613647
1572434658743,0.823761,-6.8646545,-0.39227295
1572434658762,2.0397797,-6.1585693,-0.7060852
1572434658813,3.3734894,-4.9033203,-1.2160187
1572434658813,3.765747,-3.5303955,-2.1966858
1572434658821,3.0596771,-2.7850952,-2.8635406
1572434658841,2.0005493,-3.3734894,-2.3143768
1572434658862,-4.5110626,-3.2950287,3.3734894
1572434658882,-7.923767,-10.35582,-6.629303
1572434658901,-11.258041,-13.611633,-4.550293
1572434658922,-9.3359375,-16.122131,0.039230347
1572434658942,-4.275696,-14.003891,0.50994873
1572434658963,-2.1966858,-11.258041,-0.823761
1572434658981,-2.6674042,-10.748093,-0.6276245
1572434659001,-1.4513855,-12.160248,-1.4121552
1572434659021,-1.2944794,-12.081787,-1.3729248
1572434659041,-1.6082916,-11.14035,-1.6082916
1572434659061,-1.9613342,-11.061905,-1.8828735
1572434659081,-2.3928223,-10.708862,-1.8828735
1572434659100,-3.0596771,-9.845871,-1.9221039
1572434659120,-3.334259,-8.708313,-1.8044281
1572434659141,-3.2950287,-7.5315094,-1.3729248
1572434659160,-3.0204468,-7.3746033,-0.823761
1572434659180,-2.471283,-7.5315094,-0.31381226
1572434659200,-2.1182404,-7.6884155,-0.2745819
1572434659219,-1.9613342,-7.6884155,-0.23536682
1572434659240,-2.0005493,-7.492279,-0.23536682
1572434659259,-2.1574707,-7.8060913,-0.3530426
1572434659279,-2.8243103,-8.786758,-0.47071838
1572434659299,-3.4519348,-10.002777,0.07846069
1572434659319,-4.3541565,-10.198914,0.5491791
1572434659339,-4.9425507,-10.159683,0.823761
1572434659359,-5.0602264,-9.453613,0.43148804
1572434659379,-4.4718323,-9.100571,0.15690613
1572434659398,-3.8049774,-9.3359375,-0.15690613
1572434659418,-3.4127197,-10.081238,-0.9022064
1572434659439,-3.0989075,-10.512726,-1.255249
1572434659458,-3.177353,-10.904999,-1.3729248
1572434659478,-2.9420013,-11.258041,-1.1768036
1572434659498,-3.1381226,-13.101685,-1.647522
1572434659518,-3.0989075,-15.29837,-1.2160187
1572434659538,-1.9221039,-16.318268,-0.9806671
1572434659558,0.9806671,-16.357498,1.6867371
1572434659578,1.3729248,-15.219925,9.453613
1572434659597,0.039230347,-14.043121,7.2961426
1572434659617,-0.39227295,-13.4939575,2.7066345
1572434659641,-2.0005493,-13.337051,-3.177353
1572434659658,-3.2558136,-13.611633,-4.393387
1572434659678,-5.923218,-12.51329,-3.3734894
1572434659698,-6.9823303,-10.630417,-2.2359161
1572434659717,-5.844757,-9.571289,-3.2950287
1572434659738,-2.5889587,-9.257477,-4.15802
1572434659757,-0.5491791,-8.825989,4.2364655
1572434659777,1.0591125,-8.159134,4.1972504
1572434659797,0.66685486,-7.727646,1.7259674
1572434659817,-0.823761,-7.0215607,-1.4513855
1572434659837,-0.6276245,-7.1392365,-0.50994873
1572434659857,-0.23536682,-7.492279,0.039230347
1572434659877,-0.19613647,-7.5315094,0.15690613
1572434659897,0.11767578,-7.217697,-0.31381226
1572434659916,0.7453003,-6.7077484,-0.9022064
1572434659937,1.7651978,-6.1193542,-1.3729248
1572434659956,2.3928223,-5.138687,-1.8828735
1572434659977,2.510498,-4.393387,-2.1574707
1572434659996,2.3143768,-4.3541565,-2.2359161
1572434660016,-4.0795593,-2.0005493,2.7066345
1572434660036,-6.1977997,-11.4149475,-9.688965
1572434660056,-8.904434,-12.866333,-7.766861
1572434660076,-9.688965,-12.984009,1.6082916
1572434660095,-4.3541565,-13.101685,2.0005493
1572434660115,-1.7651978,-11.689529,-0.7453003
1572434660136,-2.471283,-10.708862,0.23536682
1572434660157,-1.3729248,-11.846436,-1.255249
1572434660175,-0.94143677,-11.72876,-1.255249
1572434660195,-1.3337097,-10.748093,-1.0983429
1572434660215,-2.1574707,-11.061905,-1.2944794
1572434660235,-2.5497284,-10.904999,-1.255249
1572434660256,-2.6674042,-10.238144,-1.2160187
1572434660275,-3.0989075,-9.492844,-1.3729248
1572434660296,-3.2950287,-9.296707,-1.4121552
1572434660315,-3.6873016,-9.532059,-1.0591125
1572434660334,-3.2165833,-9.492844,-0.66685486
1572434660354,-2.7066345,-8.943665,-0.43148804
1572434660375,-2.1966858,-8.551407,-0.2745819
1572434660394,-1.9221039,-8.119904,-0.15690613
1572434660414,-1.8436432,-7.649185,-0.039230347
1572434660434,-2.2751465,-7.2961426,0.19613647
1572434660454,-2.6674042,-7.2961426,-0.3530426
1572434660474,-2.7850952,-7.8060913,-0.31381226
1572434660494,-3.0204468,-8.237579,-0.6276245
1572434660513,-3.1381226,-8.27681,-0.823761
1572434660534,-2.902771,-8.669083,-1.7259674
1572434660554,-2.5889587,-9.806656,-2.2359161
1572434660575,-2.3143768,-11.061905,-1.3337097
1572434660593,-2.07901,-11.650299,-0.9022064
1572434660616,-1.8828735,-12.277924,-1.2160187
1572434660633,-1.9221039,-11.689529,-0.31381226
1572434660653,-2.5889587,-12.238693,-0.039230347
1572434660673,-3.177353,-14.043121,0.039230347
1572434660694,-2.07901,-15.4552765,1.1375732
1572434660713,-0.9022064,-14.6315155,2.6674042
1572434660735,-0.94143677,-13.101685,4.6679688
1572434660753,-2.9420013,-12.748642,4.550293
1572434660773,-5.099457,-12.43483,2.2751465
1572434660792,-5.099457,-11.964111,-0.43148804
1572434660812,-6.001663,-10.43428,-4.0795593
1572434660833,-6.3154907,-11.022675,-2.902771
1572434660852,-4.5110626,-11.14035,-1.1375732
1572434660872,-2.3143768,-11.061905,-1.6867371
1572434660892,1.255249,-11.689529,-4.15802
1572434660915,4.15802,-11.689529,-5.4917297
1572434660934,4.746414,-10.983444,-5.0602264
1572434660953,3.6480713,-9.179031,-2.7458649
1572434660971,2.0005493,-7.6884155,0.0
1572434660992,0.15690613,-6.511612,1.4513855
1572434661012,-0.07846069,-5.8839874,0.50994873
1572434661031,0.15690613,-5.687851,0.23536682
1572434661051,0.19613647,-5.6094055,-0.23536682
1572434661071,0.7453003,-5.805542,-1.3337097
1572434661091,1.5298309,-5.0602264,-1.8436432
1572434661111,2.4320526,-4.4718323,-1.7651978
1572434661132,2.9812164,-3.6873016,-1.4513855
1572434661153,4.1972504,-4.001114,-1.8044281
1572434661172,3.6480713,-5.7270813,-0.9022064
1572434661191,2.8635406,-7.923767,0.43148804
1572434661211,-1.8828735,-11.297256,4.4718323
1572434661231,-8.904434,-15.219925,4.9033203
1572434661250,-15.259155,-17.769653,10.042007
1572434661271,-14.317703,-20.319382,9.100571
1572434661293,-7.8060913,-16.67131,5.648636
1572434661310,-1.647522,-11.297256,1.8044281
1572434661333,4.707199,-8.943665,0.7060852
1572434661350,8.551407,-9.767426,1.4906158
1572434661369,6.668518,-10.591187,2.3143768
1572434661389,6.3154907,-9.845871,1.255249
1572434661409,2.7458649,-9.492844,1.0198975
1572434661429,-0.3530426,-9.296707,-0.86299133
1572434661450,-1.8044281,-9.375153,-5.4524994
1572434661469,-2.9812164,-9.885101,-7.884552
1572434661490,-2.1574707,-10.198914,-7.4530487
1572434661509,-1.2160187,-10.159683,-5.7270813
1572434661530,-0.78453064,-10.002777,-3.6480713
1572434661549,-0.66685486,-10.081238,-1.4906158
1572434661571,-0.66685486,-9.924332,-0.823761
1572434661588,-0.66685486,-9.688965,0.7060852
1572434661608,-0.7060852,-9.296707,3.2165833
1572434661628,-0.50994873,-8.472946,3.8049774
1572434661648,0.39227295,-8.590622,3.1381226
1572434661669,1.255249,-9.218246,0.86299133
1572434661688,1.6082916,-9.924332,-2.353592
1572434661709,0.7453003,-10.238144,-4.3541565
1572434661731,-0.039230347,-11.611069,-3.0204468
1572434661749,-0.86299133,-12.944778,-1.9613342
1572434661768,-2.5497284,-13.846985,-1.5298309
1572434661788,-4.6679688,-14.396164,-0.823761
1572434661808,-6.2762604,-14.945343,0.823761
1572434661827,-3.4911652,-15.965225,2.0397797
1572434661873,-1.5690613,-15.808319,1.4906158
1572434661875,-1.2944794,-15.29837,0.7453003
1572434661888,-2.1966858,-15.965225,-1.6867371
1572434661912,-4.2364655,-16.514404,-3.0204468
1572434661926,-4.824875,-16.043686,-1.2160187
1572434661948,-4.432602,-14.866882,2.471283
1572434661967,-2.471283,-13.886215,3.4127197
1572434661986,-1.4906158,-12.827103,1.7259674
1572434662008,-1.4121552,-12.238693,0.9022064
1572434662031,-4.275696,-11.179581,-1.0591125
1572434662047,-7.4530487,-8.198364,-5.256363
1572434662066,-16.749756,-6.786209,6.7077484
1572434662086,-16.043686,-8.865219,1.647522
1572434662106,-11.807205,-9.3359375,-2.5497284
1572434662125,-8.551407,-7.766861,-3.5696259
1572434662147,-7.4530487,-6.8646545,-3.4127197
1572434662166,-6.825424,-6.9823303,-2.8243103
1572434662186,-7.0215607,-7.0215607,-1.3337097
1572434662205,-6.472397,-6.943115,0.11767578
1572434662228,-4.746414,-6.354706,0.11767578
1572434662247,-3.0989075,-5.6094055,-1.2160187
1572434662267,-1.8828735,-4.981781,-2.6674042
1572434662286,22.437622,-7.217697,12.984009
1572434662305,10.198914,-4.1187897,10.983444
1572434662326,2.7458649,-3.8049774,14.5923
1572434662344,-0.58839417,-4.981781,10.551956
1572434662364,-1.8044281,-6.2762604,8.708313
1572434662384,-2.3928223,-5.7663116,6.903885
1572434662404,-2.2751465,-3.8442078,7.9629974
1572434662425,-1.5298309,-2.2359161,8.708313
1572434662444,-0.6276245,-0.94143677,7.5315094
1572434662465,0.07846069,-1.1375732,7.9629974
1572434662486,0.15690613,-1.0591125,8.943665
1572434662504,0.31381226,-1.6082916,9.571289
1572434662527,0.2745819,-0.66685486,8.825989
1572434662543,-0.2745819,-0.58839417,7.9629974
1572434662563,-1.2944794,-0.11767578,7.8453217
1572434662583,-1.4906158,0.07846069,7.9629974
1572434662604,-0.9022064,0.31381226,8.865219
1572434662624,-0.86299133,0.43148804,9.571289
1572434662646,-1.4121552,0.6276245,10.002777
1572434662663,-1.7259674,0.5491791,10.39505
1572434662683,-1.1375732,0.3530426,10.983444
1572434662717,-0.66685486,0.5491791,11.179581
1572434662728,-0.9022064,0.5491791,11.493393
1572434662742,-1.255249,0.9806671,11.924881
1572434662762,-1.8436432,1.255249,11.179581
1572434662783,-1.8044281,0.7453003,10.35582
1572434662802,-1.2160187,-0.15690613,9.257477
1572434662828,-0.3530426,-0.039230347,9.022125
1572434662868,0.39227295,0.0,9.139801
1572434662870,0.19613647,-0.039230347,8.982895
1572434662882,-0.39227295,0.50994873,7.727646
1572434662903,-0.7060852,1.7259674,6.825424
1572434662923,-1.4513855,2.5889587,7.2961426
1572434662947,-3.6480713,3.8049774,10.787323
1572434663295,-2.471283,3.765747,10.042007
1572434663295,-2.7850952,3.608841,9.924332
1572434663295,-2.07901,1.8044281,9.453613
1572434663295,-1.9221039,1.0983429,9.924332
1572434663295,-2.0397797,0.6276245,10.277374
1572434663296,-1.8044281,0.78453064,10.4734955
1572434663296,-1.1768036,1.0591125,10.551956
1572434663296,-1.0983429,1.255249,10.512726
1572434663296,-1.3729248,1.1768036,10.4734955
1572434663296,-1.647522,1.1375732,10.198914
1572434663296,-1.7259674,1.3729248,9.688965
1572434663296,-1.7259674,1.6082916,8.982895
1572434663296,-1.4906158,1.8044281,8.433716
1572434663296,-1.5298309,2.0397797,8.590622
1572434663296,-1.7259674,2.1182404,9.296707
1572434663297,-1.7651978,2.1182404,9.924332
1572434663297,-1.6867371,2.2359161,9.845871
1572434663313,-1.4513855,2.2359161,9.610519
1572434663328,-1.0983429,2.07901,9.532059
1572434663340,-0.7453003,2.1966858,9.806656
1572434663631,-0.78453064,2.3928223,9.610519
1572434663631,-0.7453003,2.4320526,9.688965
1572434663631,-0.94143677,2.3143768,9.571289
1572434663631,-1.1768036,2.2751465,9.179031
1572434663631,-1.255249,2.5497284,9.179031
1572434663634,-0.58839417,2.3928223,9.375153
1572434663634,-0.7453003,2.6674042,9.139801
1572434663634,-0.7060852,3.0204468,9.257477
1572434663634,-0.39227295,2.902771,9.963562
1572434663634,-0.19613647,2.7458649,10.43428
1572434663634,0.23536682,2.7458649,10.4734955
1572434663634,0.7453003,2.7850952,10.042007
1572434663634,0.5491791,2.7458649,9.767426
1572434663634,0.3530426,2.7458649,9.610519
1572434663653,0.5491791,2.3143768,9.64975
1572434663675,0.07846069,1.9221039,9.571289
1572434663681,-0.039230347,1.7259674,9.532059
1572434663700,-0.07846069,1.4513855,9.179031
1572434663720,-0.31381226,1.5298309,9.3359375
1572434663738,-0.58839417,1.8436432,9.610519
1572434663764,-0.7060852,2.1182404,9.688965
1572434663779,-0.47071838,2.2359161,9.532059
1572434663797,0.39227295,2.0005493,9.492844
1572434663817,0.66685486,1.647522,10.591187
1572434663837,1.1768036,1.3729248,11.4149475
1572434663861,1.0198975,1.0983429,11.964111
1572434663877,0.9806671,0.7453003,11.218811
1572434663899,0.7060852,0.78453064,9.688965
1572434663917,-0.2745819,1.3337097,8.472946
1572434663936,-0.5491791,1.4513855,8.159134
1572434663961,-0.15690613,1.7259674,8.708313
1572434663977,0.23536682,1.9221039,9.218246
1572434663996,0.2745819,2.1574707,9.414383
1572434664016,0.23536682,2.4320526,8.982895
1572434664038,0.2745819,2.7458649,9.06134
1572434664066,0.50994873,2.9812164,8.982895
1572434664077,1.0591125,2.9812164,9.610519
1572434664099,1.3729248,2.9812164,10.120468
1572434664116,1.5298309,2.8243103,10.43428
1572434664136,1.4121552,2.471283,10.081238
1572434664156,1.1768036,2.353592,9.375153
1572434664176,0.7453003,2.3928223,8.433716
1572434664202,0.3530426,2.353592,7.6884155
1572434664216,0.31381226,2.5497284,7.609955
1572434664236,0.58839417,2.7850952,7.766861
1572434664255,0.15690613,3.2950287,8.159134
1572434664280,-0.2745819,3.4911652,9.257477
1572434664295,-0.11767578,2.9420013,10.081238
1572434664315,0.039230347,2.7458649,10.159683
1572434664336,-0.11767578,2.7458649,9.64975
1572434664358,-0.823761,3.0989075,9.139801
1572434664377,-1.2944794,3.177353,9.3359375
1572434664396,-1.1375732,3.1381226,9.296707
1572434664419,-0.9022064,3.0989075,8.982895
1572434664435,-0.78453064,3.334259,9.06134
1572434664455,-0.7453003,3.3734894,9.453613
1572434664482,-0.823761,3.2950287,10.042007
1572434664494,-0.823761,3.1381226,10.238144
1572434664514,-0.94143677,3.0204468,10.277374
1572434664535,-0.9022064,3.2950287,9.924332
1572434664554,-0.66685486,3.6873016,9.688965
1572434664573,-0.50994873,3.8049774,9.767426
1572434664593,-0.86299133,3.726532,8.786758
1572434664616,-1.647522,3.608841,8.943665
1572434664673,-1.8828735,3.2165833,9.3359375
1572434664674,-1.6082916,3.334259,8.904434
1572434664675,-1.2160187,3.5303955,8.629852
1572434664701,-0.94143677,3.8442078,8.041458
