1572434282576,-4.2314606,5.752945,4.71994
1572434282576,-4.5666504,5.575775,10.13562
1572434282576,-4.643265,5.0155334,11.366241
1572434282576,-4.3224335,4.5893707,8.77092
1572434282686,-2.6656494,4.8575134,7.7126923
1572434282686,-1.526001,5.657181,7.8754883
1572434282687,-0.9466095,5.1974945,8.536301
1572434282687,-1.2722168,4.771332,10.566574
1572434282687,-2.225113,3.210312,11.955215
1572434282805,-1.8037415,0.4138794,12.094086
1572434282807,-3.0966034,-1.6259766,11.265686
1572434282807,-4.6815643,-1.3338928,13.228928
1572434282807,-2.4741058,-1.1040497,15.287949
1572434282807,-0.8460541,-1.0178528,14.991058
1572434282924,-0.17567444,-0.7928009,11.337509
1572434282925,-1.0375977,-0.45761108,6.0654755
1572434282925,-4.581009,-1.1231995,6.960907
1572434282925,-4.94014,-1.702591,12.678268
1572434282925,-1.6505127,-1.3721924,13.137955
1572434283050,-2.2346954,-0.28523254,9.158783
1572434283051,-3.6233215,0.9453888,8.9002075
1572434283051,-1.9665375,1.3284607,8.976822
1572434283051,-1.2961578,0.55752563,8.009567
1572434283051,-2.4836884,-0.041015625,9.08696
1572434283051,-2.1437073,-0.38578796,11.99353
1572434283051,-1.9090729,-1.2237549,11.193863
1572434283051,-1.8851318,-1.8510284,12.472366
1572434283051,-0.26187134,-2.3777618,9.833954
1572434283166,-2.8667603,0.13136292,6.807678
1572434283166,-1.1525116,1.6014099,5.7063446
1572434283166,1.0645142,1.3859253,5.98407
1572434283166,-5.33757,0.19839478,9.268921
1572434283166,0.28401184,-0.45761108,10.130829
1572434283284,-1.1046295,1.7163239,5.4334106
1572434283284,-2.3544006,2.875122,5.462143
1572434283284,-1.2003937,2.7075195,8.41658
1572434283284,0.24569702,3.6795654,8.23941
1572434283284,1.1794434,3.9525146,6.2953186
1572434283406,1.8210907,3.4449463,5.9026794
1572434283406,1.5242004,2.8607483,4.4805145
1572434283406,2.1323395,2.3005066,2.517273
1572434283406,3.9758606,1.649292,2.7614746
1572434283406,3.9950256,0.605423,3.6138153
1572434283528,4.2679596,-1.745697,3.0009003
1572434283528,4.4451294,-3.4216309,2.26828
1572434283528,4.009384,-4.470291,3.312149
1572434283528,4.6749725,-6.2467957,5.3184814
1572434283528,5.723633,-8.712814,8.01915
1572434283528,9.415497,-11.111801,10.600098
1572434283528,13.739426,-9.957794,9.790863
1572434283529,20.29953,-7.841324,7.3152466
1572434283529,19.126373,-6.419174,4.2075806
1572434283649,15.381851,-3.924408,-11.651611
1572434283649,27.01767,-1.5733032,-19.605148
1572434283649,21.544525,-5.4471283,8.110123
1572434283649,9.927856,-9.359253,-1.6342773
1572434283649,7.5049133,-10.537201,1.5883179
1572434283771,10.382751,-9.105469,2.1485596
1572434283771,10.492889,-6.5867615,-0.078048706
1572434283771,12.719498,-6.0025787,7.2817383
1572434283772,10.598236,-5.1981354,6.12294
1572434283772,9.219162,-4.757599,-0.3749237
1572434283922,9.688431,-5.2460175,1.090332
1572434283922,8.256699,-4.9299774,-0.21211243
1572434283922,7.6868744,-6.146225,4.4134827
1572434283922,7.8018036,-4.877304,-0.43717957
1572434283922,7.332535,-6.529312,2.6896515
1572434284133,5.728424,-8.6697235,8.062241
1572434284133,6.5280914,-7.9418793,7.166809
1572434284133,5.3070374,-3.1439056,-0.9543152
1572434284134,7.4570312,-3.967514,4.6337433
1572434284134,7.112274,-3.1630554,-0.039733887
1572434284134,7.447464,-3.3881073,-0.3749237
1572434284134,7.562378,-4.4272003,-0.2264862
1572434284134,6.0300903,-7.1326447,-0.72447205
1572434284134,6.8249664,-8.664932,-0.30789185
1572434284134,12.1353,-4.891678,1.9091492
1572434284134,14.017151,-6.4095917,5.3184814
1572434284134,9.372391,-8.324951,5.2993317
1572434284134,6.925522,-8.200455,3.3312988
1572434284135,4.9239655,-8.387207,2.2586975
1572434284353,3.506607,-5.992996,2.3784027
1572434284353,4.6893463,-3.948349,2.8859863
1572434284353,5.6039276,-5.4088135,0.35292053
1572434284353,3.506607,-5.8780823,-1.9167938
1572434284353,0.9400177,-5.8684998,-3.0708008
1572434284353,0.5760956,-6.0408936,-4.727585
1572434284353,2.9463654,-6.280304,-4.646179
1572434284353,1.5050507,-7.616272,-5.072342
1572434284353,6.6956787,-5.0018005,2.3496857
1572434284354,16.952438,-7.506134,-7.2798004
1572434284574,10.847229,-4.0968018,-5.077133
1572434284574,7.0500183,-4.719284,-4.1338196
1572434284574,6.317398,-5.0927887,-5.316559
1572434284574,4.4978027,-4.848572,-5.0627747
1572434284574,1.3901367,-5.552475,-3.487381
1572434284574,2.4292145,-4.877304,-2.0939636
1572434284574,4.82341,-5.0879974,-1.5672302
1572434284574,7.2319794,-5.777527,-10.818436
1572434284574,10.167267,-3.6706238,-6.551956
1572434284575,13.380295,-5.0688477,3.154129
1572434284795,9.5208435,-8.353683,-4.344513
1572434284795,3.3677368,-10.393539,-2.6829376
1572434284795,3.4204102,-11.954559,-0.4515381
1572434284795,6.978195,-15.9002075,0.59233093
1572434284795,7.0260773,-15.119705,-1.4044342
1572434284795,1.9216461,-7.793442,-3.597519
1572434284795,0.91607666,-5.935547,-3.3820343
1572434284795,2.9272003,-6.1079254,-2.3812714
1572434284795,2.9463654,-5.9546967,-1.3373871
1572434284796,2.1275482,-6.8788605,-1.3326111
1572434284796,1.9072723,-8.071167,-2.0221405
1572434284796,1.12677,-7.8078156,-0.9447479
1572434284796,-0.34327698,-8.037659,0.4343109
1572434284796,-0.7263489,-7.846115,1.4590302
1572434285016,-0.16131592,-6.7926636,2.1820831
1572434285016,0.8538208,-5.67218,2.0288544
1572434285016,2.0174103,-5.806259,0.9993439
1572434285016,3.214508,-7.0847626,-0.8777008
1572434285016,3.1857758,-8.664932,-6.116226
1572434285016,2.19458,-10.637756,-12.125671
1572434285017,7.538437,-10.130188,-2.893631
1572434285017,7.447464,-11.695999,-0.52815247
1572434285017,2.821869,-14.05188,-2.4052124
1572434285017,0.12120056,-14.128494,-3.3868256
1572434285236,0.676651,-12.141312,-2.8601074
1572434285236,1.8593903,-10.33609,-0.9543152
1572434285236,0.48512268,-11.073502,0.42474365
1572434285236,0.50427246,-11.91626,1.4638214
1572434285236,1.0788879,-12.7973175,1.3824158
1572434285238,0.3223114,-13.209122,0.34812927
1572434285238,0.087677,-12.533966,-1.1171265
1572434285238,0.015853882,-11.461365,-3.8800354
1572434285238,-0.31933594,-6.8788605,-11.723434
1572434285238,-0.8077545,-6.874069,-10.938141
1572434285447,-0.1182251,-11.605011,-3.803421
1572434285447,1.1650696,-12.2323,1.7750702
1572434285447,-0.05596924,-12.921829,3.6233978
1572434285447,-0.956192,-12.419037,4.011261
1572434285447,-0.42945862,-8.468613,4.3656006
1572434285448,3.3054962,-10.288208,-9.673996
1572434285448,5.8768616,-12.45256,-11.383469
1572434285448,1.2273254,-11.346436,3.4414368
1572434285448,-2.6943817,-8.937866,5.663254
1572434285448,-1.7271271,-6.984207,1.5500183
1572434285681,1.1938019,-7.7838593,-0.7484131
1572434285681,0.93522644,-5.3178406,0.19490051
1572434285681,-1.7223358,-5.0688477,0.477417
1572434285681,-3.3455963,-4.2117157,0.8317566
1572434285681,-2.4932709,-2.5692902,1.5164948
1572434285683,-1.8228912,-1.113617,2.249115
1572434285683,-2.7997284,-0.084106445,0.55882263
1572434285683,-1.1812439,-1.8510284,-8.496048
1572434285683,6.8919983,-9.354462,-9.640488
1572434285683,5.7427826,-23.470673,6.060684
1572434285897,-1.4733429,-23.633484,-2.2424011
1572434285897,-3.929779,-10.972946,-5.5847015
1572434285897,-4.451721,-4.6091614,4.4709473
1572434285897,-4.422989,-9.469391,4.2746124
1572434285897,-2.4262238,-12.605789,5.1556854
1572434285898,0.14993286,-12.82605,1.224411
1572434285898,0.1738739,-10.077515,1.0041351
1572434285898,-0.99928284,-8.032867,1.3728485
1572434285898,-2.4214325,-7.520508,2.0671692
1572434285898,-3.1492767,-11.648102,2.6178284
1572434285898,-1.095047,-14.52594,1.8612671
1572434285898,-1.2913818,-15.268143,1.5931091
1572434285898,-2.8571777,-13.146881,1.3297424
1572434285898,-2.1772308,-7.328964,0.6833191
1572434286112,-1.7462769,-5.964279,-1.3326111
1572434286114,-1.277008,-5.2460175,-1.9742432
1572434286114,-0.31933594,-4.0441284,-0.57603455
1572434286114,0.78678894,-3.9339905,0.73599243
1572434286114,2.0509338,-5.715271,1.6936646
1572434286114,3.2528229,-8.899567,2.0480042
1572434286114,3.1091614,-11.954559,1.9139404
1572434286114,2.3238678,-14.185959,2.3305206
1572434286114,1.5673065,-13.898651,3.2259521
1572434286114,1.4092865,-11.6145935,1.9857635
1572434286332,-1.3392639,-9.656128,-1.5911713
1572434286334,-2.5507202,-9.818939,-1.0548706
1572434286334,-1.5499573,-12.94577,1.9809723
1572434286334,0.087677,-14.971252,2.4693909
1572434286334,3.056488,-15.067032,1.4398804
1572434286334,4.3158417,-14.343979,-2.0700226
1572434286334,4.033325,-14.482849,-5.752304
1572434286334,2.3526,-12.572266,-7.021225
1572434286334,2.4579468,-11.255463,-4.8185577
1572434286334,2.0940247,-12.744659,-2.0700226
1572434286553,1.5050507,-13.980057,-0.52815247
1572434286554,0.015853882,-12.586639,3.3312988
1572434286554,-1.7223358,-12.816483,4.882736
1572434286554,-2.5938263,-12.380737,4.6385345
1572434286554,-2.6656494,-8.995331,3.3408813
1572434286554,-0.3001709,-7.415161,-0.83461
1572434286554,3.4443512,-9.292206,-5.077133
1572434286554,3.3821106,-11.327286,-0.12593079
1572434286555,1.0262146,-10.541992,2.1820831
1572434286555,-1.6121979,-7.4438934,-0.7149048
1572434286774,-2.8332367,-6.2994537,-0.15466309
1572434286777,-2.9433746,-6.6490173,0.3624878
1572434286777,-3.69516,-6.735199,-0.5712433
1572434286777,-2.7374725,-6.16539,-1.6151123
1572434286777,-1.4158783,-5.2507935,-1.7491913
1572434286777,-0.58747864,-3.97229,-0.9351654
1572434286777,-0.43424988,-3.172638,-0.7675781
1572434286777,-0.38157654,-2.6602783,-0.6861725
1572434286777,0.2600708,-1.2620544,-0.8010864
1572434286777,1.3039398,-0.16551208,-0.66223145
1572434286777,1.6103973,-0.2038269,0.6689453
1572434286778,5.3262024,0.3947296,-0.79151917
1572434286778,22.310669,-7.597122,-10.8615265
1572434286778,5.273529,-32.60695,9.221039
1572434286993,2.8793182,-32.889465,-5.235153
1572434286993,5.3980255,-8.851685,2.3257294
1572434286993,4.9191895,0.2654419,5.0024567
1572434286993,4.1817627,-3.0625,-4.569565
1572434286993,0.6622925,-12.270599,0.7886658
1572434286993,-1.0854797,-14.92337,-0.7388458
1572434286994,-0.07511902,-11.08786,1.6984558
1572434286995,0.41329956,-8.779861,2.9578094
1572434286995,1.4092865,-9.076736,2.5986786
1572434286995,2.1562805,-8.8038025,2.675293
1572434287218,2.1562805,-8.727188,2.3448944
1572434287218,2.1993713,-9.435867,1.7223969
1572434287218,2.486679,-9.780624,0.8030243
1572434287218,2.5154114,-9.076736,-0.26478577
1572434287218,3.2432404,-8.353683,-0.18817139
1572434287218,5.2208557,-8.018494,0.8939972
1572434287218,6.5568237,-8.224396,2.043213
1572434287220,6.36528,-8.837311,1.7176056
1572434287220,4.191345,-9.043213,-0.41801453
1572434287220,-1.707962,-9.019272,-3.300644
1572434287437,-4.1644135,-9.182083,-2.7930603
1572434287437,-3.4365845,-8.569168,-0.79151917
1572434287437,-3.3312378,-7.099121,1.8564758
1572434287437,-1.545166,-6.639435,6.4964294
1572434287437,0.04937744,-8.267502,6.055908
1572434287437,2.3573914,-11.638535,3.4893188
1572434287437,3.3294373,-13.6783905,-0.034942627
1572434287439,0.91607666,-15.483612,1.5164948
1572434287439,-1.2865906,-18.16034,2.790207
1572434287439,-0.92266846,-18.787613,2.3065796
1572434287639,-2.431015,-13.711914,1.7415466
1572434287640,-0.13258362,-14.717468,0.7838745
1572434287640,2.419632,-18.126816,0.30981445
1572434287640,2.146698,-12.854782,-1.3373871
1572434287640,2.8889008,-7.142227,-1.9550934
1572434287640,6.403595,-6.91716,-1.8258057
1572434287640,10.847229,-9.158142,-2.9510803
1572434287641,10.636536,-8.866043,-0.57603455
1572434287641,6.5711823,-8.736755,3.3169403
1572434287641,3.530548,-9.493332,4.418274
1572434287871,2.19458,-9.440659,3.1158295
1572434287871,1.2177429,-9.632187,1.8277435
1572434287871,-0.36242676,-11.298553,0.30981445
1572434287871,-2.9816895,-13.00322,-0.7388458
1572434287871,-5.328003,-12.950546,-2.5680084
1572434287871,-3.2785645,-12.529175,-6.097061
1572434287871,-2.8811188,-10.254684,-0.561676
1572434287873,-2.6895905,-7.893997,5.739868
1572434287873,1.0836792,-6.912384,6.43898
1572434287873,5.3788757,-6.122284,-2.6446228
1572434287873,1.7301025,-4.8868866,-1.0883942
1572434287873,-1.4733429,-4.628311,1.7032471
1572434287873,-1.3775635,-4.9922333,1.3441162
1572434287873,-2.344818,-4.4559326,1.9091492
1572434288082,-3.3455963,-3.5988007,2.675293
1572434288082,-3.2977142,-3.1151733,2.838089
1572434288082,-3.1732178,-3.330658,2.1246185
1572434288083,-2.9146423,-3.9866638,1.0951233
1572434288083,-1.9378052,-4.920395,-0.020584106
1572434288084,0.22654724,-5.619507,-1.5145569
1572434288084,4.0429077,-7.3816376,-8.654068
1572434288084,12.551895,-12.811691,-17.191803
1572434288084,15.908569,-16.742966,6.0415344
1572434288084,11.144104,-18.883392,8.100555
1572434288299,7.289444,-19.242523,-1.3517609
1572434288299,1.5481415,-18.682266,-6.7818146
1572434288299,-4.748596,-10.585083,-5.8289185
1572434288300,-10.604828,-2.8182983,-10.966873
1572434288300,-5.5913696,-4.6426697,-0.8298187
1572434288300,0.1116333,-10.393539,4.030411
1572434288300,-0.664093,-13.218704,3.1876526
1572434288300,-1.8085175,-11.954559,4.308136
1572434288300,-1.1573029,-9.82373,7.4397583
1572434288300,0.15951538,-8.698456,7.2913055
1572434288507,0.9974823,-7.496567,4.89711
1572434288507,1.399704,-6.9219513,3.695221
1572434288507,1.289566,-7.2236176,3.1972198
1572434288508,0.7053833,-7.870056,1.9618225
1572434288508,-0.04638672,-9.416718,-0.8633423
1572434288508,-1.7223358,-11.020828,-5.3596497
1572434288508,-1.4637604,-10.824509,-4.909546
1572434288508,0.015853882,-9.378403,-2.352539
1572434288508,0.71017456,-7.9275208,-0.101989746
1572434288508,0.71017456,-8.190887,1.205246
1572434288732,0.48991394,-8.928299,1.837326
1572434288732,-0.060760498,-9.8476715,2.1820831
1572434288732,-0.6976166,-10.034409,3.0056915
1572434288733,-0.73114014,-10.106247,3.4318542
1572434288733,-0.77423096,-10.393539,3.0296326
1572434288733,-0.74549866,-10.0392,2.3209534
1572434288733,0.020645142,-9.52684,0.95625305
1572434288733,2.6590576,-9.584305,-5.905533
1572434288733,7.1457977,-10.699997,-8.649277
1572434288733,7.8927765,-12.2323,-2.55365
1572434288733,6.073181,-14.592972,1.253128
1572434288733,6.5041504,-14.530731,0.8317566
1572434288733,8.759476,-11.75824,0.20446777
1572434288734,8.366837,-10.747894,1.5260773
1572434288955,4.191345,-12.49086,3.2259521
1572434288955,0.33189392,-14.650436,5.0694885
1572434288955,-3.2977142,-17.413345,7.6312866
1572434288955,-4.7102966,-18.232162,6.7693787
1572434288955,-3.53714,-14.727051,5.2514496
1572434288955,-2.2299042,-9.421494,4.786972
1572434288955,-1.3488312,-6.0887756,3.8915405
1572434288955,-0.7502899,-5.84935,2.6657104
1572434288955,-0.07511902,-6.8980103,1.8995667
1572434288956,1.423645,-8.454239,-0.7292633
1572434289183,2.1897888,-8.8085785,-0.79151917
1572434289186,-0.48213196,-7.913147,3.1110382
1572434289186,-3.4892578,-8.013702,3.422287
1572434289186,-5.7685394,-8.090317,1.6362
1572434289186,-5.735016,-6.9746246,0.8030243
1572434289186,-4.9544983,-5.8780823,0.6833191
1572434289186,-4.4373627,-6.117508,0.5109253
1572434289187,-4.6193237,-7.2140503,-0.6670227
1572434289187,-5.438141,-9.311371,-7.3899384
1572434289188,4.1578217,-15.043091,-25.394333
1572434289393,13.136078,-16.005554,-15.5972595
1572434289393,10.938202,-13.462906,5.1604767
1572434289393,6.269516,-10.37439,5.5674896
1572434289393,0.81552124,-5.8589325,1.2339783
1572434289393,-1.0232239,-7.3337555,0.6258545
1572434289393,-1.0328064,-14.315247,0.73599243
1572434289393,-0.956192,-19.027039,1.9330902
1572434289393,-1.4062958,-14.631287,3.719162
1572434289393,-1.4206696,-7.4438934,3.2307434
1572434289395,-0.7790222,-5.4231873,2.0144958
1572434289618,-0.55874634,-6.32341,2.1150513
1572434289618,-1.6409302,-8.861252,3.5467834
1572434289618,-3.0151978,-11.073502,5.3232727
1572434289618,-2.972107,-11.446991,4.763031
1572434289618,-2.5986176,-10.269043,2.3879852
1572434289618,-4.6815643,-9.167709,-4.6844788
1572434289618,-4.8922577,-9.301788,-6.38916
1572434289618,0.27922058,-9.416718,1.7271881
1572434289618,5.053253,-9.11026,2.5029144
1572434289619,6.7196198,-9.081528,-0.049316406
1572434289619,5.225647,-9.024063,1.4111481
1572434289619,1.289566,-9.052795,2.335312
1572434289619,-2.3783417,-8.875626,2.1916656
1572434289619,-4.3224335,-9.143768,2.4693909
1572434289846,-4.786911,-9.196442,1.7798615
1572434289846,-2.7422638,-9.838089,0.7312012
1572434289846,-0.43424988,-10.84845,1.0855408
1572434289846,0.32710266,-11.250671,1.4350891
1572434289846,0.59046936,-11.365585,1.04245
1572434289847,1.5768738,-11.432632,1.04245
1572434289847,2.6111755,-11.24588,1.2627106
1572434289847,3.6358948,-12.059906,0.8030243
1572434289847,3.8800964,-14.075821,1.1334229
1572434289847,3.6837769,-14.176392,1.3010254
1572434290055,3.7939148,-14.34877,0.8461151
1572434290055,3.6071625,-15.08139,-2.0891724
1572434290055,4.5887756,-12.399887,-4.2439575
1572434290055,6.039673,-8.985748,-1.4762573
1572434290055,6.427536,-8.799011,1.071167
1572434290055,4.995804,-11.863586,1.1669464
1572434290055,1.4667511,-15.9002075,2.7327576
1572434290055,-2.1389313,-16.915344,4.533188
1572434290056,-3.877121,-15.885849,3.4797363
1572434290056,-4.0734406,-13.6353,3.264267
1572434290290,-3.0056305,-11.250671,0.9371033
1572434290290,0.9496002,-9.450226,-6.0587616
1572434290290,2.5585022,-9.282639,-3.7268066
1572434290290,2.0413513,-9.708801,2.3448944
1572434290290,2.601593,-10.034409,1.5739594
1572434290292,-0.53001404,-8.81337,0.3912201
1572434290292,-2.7135315,-7.4295197,0.32418823
1572434290292,-2.4836884,-6.663376,-0.08761597
1572434290292,-2.6225586,-5.5716248,-0.2887268
1572434290292,-2.3544006,-4.173416,-0.73405457
1572434290509,-1.4015045,-3.4599457,-0.99263
1572434290509,-0.6688843,-3.53656,-0.61912537
1572434290509,0.011062622,-3.3450165,0.19010925
1572434290509,0.19781494,-2.741684,0.35769653
1572434290509,1.260849,-2.449585,1.3728485
1572434290511,2.3669586,-3.1008148,2.5843048
1572434290511,2.5201874,-4.810272,1.5164948
1572434290511,7.131424,-6.869278,-2.1370544
1572434290511,19.954773,-15.057449,-2.3860474
1572434290511,13.227066,-33.047485,-7.7634277
1572434290511,0.8825531,-19.357437,-1.399643
1572434290511,-0.34806824,-4.6139374,-0.8872833
1572434290511,-0.05596924,-3.5126038,4.4709473
1572434290511,-0.58747864,-4.7528076,2.3688354
1572434290719,-1.1381531,-8.8085785,0.640213
1572434290720,-0.8412628,-13.041534,2.196457
1572434290720,1.4044952,-13.884293,2.9769592
1572434290720,3.0373383,-10.862808,1.6840973
1572434290720,2.4531555,-7.678528,1.3010254
1572434290720,2.0222015,-6.8357697,1.9139404
1572434290720,1.7444763,-6.7256317,0.94189453
1572434290720,1.5625153,-7.4774017,0.4630432
1572434290720,1.4188538,-9.081528,1.04245
1572434290720,1.3661804,-9.876404,1.4159393
1572434290955,1.4380188,-9.569946,1.3967896
1572434290956,1.5050507,-8.602676,1.0232849
1572434290956,1.4523773,-7.688095,0.51571655
1572434290956,1.5673065,-7.798233,-0.030151367
1572434290956,1.7636261,-8.712814,-0.3366089
1572434290956,2.5728607,-9.909912,0.4917755
1572434290956,2.826645,-10.747894,1.7319794
1572434290956,2.232895,-10.853226,2.0097046
1572434290956,1.5242004,-10.609024,2.383194
1572434290956,0.42765808,-10.173279,2.0049133
1572434291164,-0.3001709,-9.895554,0.2571411
1572434291166,-0.2953949,-9.809357,-0.025375366
1572434291166,0.25048828,-10.106247,0.8317566
1572434291166,1.6008148,-11.178848,1.1382141
1572434291166,2.8410187,-11.988083,2.3257294
1572434291166,5.1586,-13.391083,4.7534637
1572434291166,3.7268677,-12.701553,2.2347565
1572434291166,1.7301025,-12.701553,-3.487381
1572434291166,1.8019257,-14.597763,-7.2845917
1572434291166,2.8122864,-12.366364,-5.4458466
1572434291383,4.2631683,-10.838867,-3.1857147
1572434291385,3.8944702,-11.178848,-0.8777008
1572434291385,2.0269928,-10.958572,0.9514618
1572434291385,1.2704163,-11.691208,2.9147034
1572434291385,0.8538208,-13.453339,3.6856384
1572434291385,-0.91308594,-14.061462,2.833313
1572434291385,-2.8715515,-11.710358,2.7614746
1572434291385,-2.6608582,-9.19165,-1.1362762
1572434291385,4.6079407,-9.493332,-8.151291
1572434291386,5.613495,-10.312149,0.88442993
1572434291386,3.4012604,-10.379181,3.422287
1572434291386,-0.08470154,-8.664932,0.08955383
1572434291386,-2.5507202,-7.999344,-0.4802704
1572434291386,-3.8244476,-7.09433,0.6689453
1572434291694,-3.5754395,-5.5428925,0.91793823
1572434291696,-1.1620941,-4.4655,-0.43717957
1572434291696,-0.6210022,-4.120743,-0.61434937
1572434291696,-0.71676636,-3.445572,-0.08761597
1572434291696,-0.4151001,-3.4647217,0.22840881
1572434291696,0.45159912,-3.7759705,0.7934418
1572434291696,1.9264374,-3.3737488,1.4207306
1572434291699,2.8793182,-3.0912323,0.26193237
1572434291699,7.1601562,-2.3777618,-4.033264
1572434291699,14.409805,-9.225174,-5.067566
1572434291912,5.053253,-27.421112,5.572281
1572434291912,9.037216,-26.884811,-4.890381
1572434291912,3.324646,-6.6777496,-0.3174591
1572434291912,0.30795288,-2.2388916,5.797333
1572434291913,-1.2147675,-5.504593,0.6689453
1572434291913,-1.7175446,-13.132507,0.17575073
1572434291913,0.13557434,-16.972809,3.7526855
1572434291914,2.3142853,-12.45256,2.790207
1572434291914,2.6782074,-7.3576965,1.0137177
1572434291914,3.1283264,-6.486206,1.8852081
1572434291914,2.7787628,-7.41037,1.7415466
1572434291914,1.4954681,-8.382416,1.248352
1572434291914,0.9208679,-9.028854,1.631424
1572434291914,0.93522644,-9.234756,1.7415466
1572434291914,1.1698608,-8.942657,1.3105927
1572434291914,1.5720825,-8.262711,1.047226
1572434292136,2.012619,-7.6976776,1.047226
1572434292138,2.2903442,-7.458252,1.090332
1572434292139,3.099594,-7.9658203,1.1860962
1572434292139,3.9423523,-8.664932,0.5779724
1572434292139,4.1817627,-8.43988,1.0232849
1572434292139,3.5544891,-8.286652,0.6258545
1572434292139,2.256836,-9.651337,-0.403656
1572434292139,0.7819977,-11.75824,0.16137695
1572434292139,-0.80296326,-12.495651,0.4486847
1572434292139,-0.7885895,-11.485306,0.2715149
1572434292354,0.676651,-10.613815,1.2914429
1572434292357,2.3765411,-10.451004,3.0248413
1572434292357,2.9798737,-11.370377,3.0248413
1572434292357,3.669403,-14.248215,2.292221
1572434292357,4.5169525,-15.248993,1.229187
1572434292357,1.715744,-12.581848,-1.2799377
1572434292357,0.51864624,-12.974503,-4.1960754
1572434292357,2.3861237,-13.036743,-5.7858124
1572434292357,3.664627,-11.030411,-3.4538727
1572434292357,3.5880127,-10.589874,-2.1753693
1572434292570,2.9894562,-9.9817505,-0.5712433
1572434292571,1.3709717,-10.005692,2.8237305
1572434292572,0.5473633,-12.184402,3.6233978
1572434292572,-0.5922699,-14.516357,2.0144958
1572434292572,-2.1868134,-13.601776,1.497345
1572434292572,-2.407074,-10.096664,-0.19296265
1572434292572,2.1849976,-8.506912,-7.701187
1572434292572,3.3294373,-8.085541,-1.6390686
1572434292572,2.6303253,-7.889206,4.2937775
1572434292572,2.3238678,-7.4199524,0.099121094
1572434292794,-0.7550812,-6.9889984,0.13264465
1572434292797,-1.411087,-6.9219513,1.8038025
1572434292797,0.6622925,-6.462265,1.2770691
1572434292797,2.1131744,-5.782318,0.64979553
1572434292797,1.1363373,-5.5907745,0.35292053
1572434292797,0.12120056,-4.6905518,-0.7867279
1572434292797,-0.5826874,-3.2923431,-1.4427338
1572434292797,-0.9753418,-2.770401,-0.34140015
1572434292797,-0.4151001,-3.1247559,0.41036987
1572434292797,1.6439209,-3.991455,-2.673355
1572434292797,4.114731,-5.4327545,-5.527252
1572434292798,9.353241,-7.735977,-1.605545
1572434292798,4.7851105,-14.640854,8.220261
1572434292798,8.840881,-21.885712,-1.3661194
1572434293016,5.7140503,-18.85466,-5.6948395
1572434293017,1.5050507,-8.344116,1.0328674
1572434293017,0.64793396,-7.008148,1.5164948
1572434293017,1.2273254,-10.455795,-0.75320435
1572434293017,0.6287689,-12.165253,1.7750702
1572434293017,1.8067169,-11.566711,1.229187
1572434293017,3.118744,-9.546005,0.9993439
1572434293019,2.7165222,-8.985748,2.2730713
1572434293019,2.1802216,-8.755905,2.9003448
1572434293019,2.2999268,-7.917938,2.924286
1572434293236,2.3526,-7.5157166,2.541214
1572434293236,2.5058289,-8.056808,2.0767365
1572434293236,2.5489197,-8.980972,1.5643768
1572434293237,2.4818878,-9.273056,1.1382141
1572434293237,2.3334503,-8.578735,0.8030243
1572434293237,1.8929138,-7.281082,0.45825195
1572434293237,1.7444763,-6.5388794,0.30981445
1572434293238,2.0844421,-6.984207,0.640213
1572434293238,2.4148407,-8.516495,0.9801941
1572434293238,2.1323395,-9.364044,1.0855408
1572434293460,1.5242004,-9.593887,1.339325
1572434293460,1.0980377,-10.063141,1.2627106
1572434293460,0.23612976,-10.360031,0.08476257
1572434293460,-0.45819092,-10.781403,-1.1697998
1572434293460,-0.1517334,-11.011246,-0.8058777
1572434293460,0.34147644,-10.5707245,0.42474365
1572434293460,1.5673065,-10.388763,1.9043579
1572434293462,3.0421295,-11.365585,2.2539062
1572434293462,5.388443,-13.802887,2.9865417
1572434293462,7.2367706,-15.469254,2.723175
1572434293681,3.3054962,-12.7925415,-0.44674683
1572434293681,-0.05117798,-12.926605,-3.4538727
1572434293681,-0.24749756,-15.263351,-7.026016
1572434293681,2.5154114,-12.988861,-5.9486237
1572434293681,3.827423,-10.369598,-3.0947418
1572434293681,3.099594,-8.851685,-0.6287079
1572434293681,1.6343384,-8.305801,1.8708344
1572434293683,1.3757629,-9.411926,3.1924438
1572434293683,1.5720825,-12.2323,3.043991
1572434293683,0.33189392,-13.625717,2.0336456
1572434293683,-0.8891449,-11.470932,2.7854156
1572434293683,1.1938019,-9.574722,-0.89686584
1572434293683,7.294235,-9.541214,-5.067566
1572434293684,7.2128296,-9.301788,1.6266327
1572434293897,4.162613,-9.043213,2.7327576
1572434293897,0.27442932,-9.277847,1.9235077
1572434293897,-2.0287933,-8.344116,1.2196198
1572434293899,-1.5930481,-6.390442,0.3912201
1572434293899,-1.4877014,-4.8820953,-0.4228058
1572434293899,-1.4829102,-4.331421,-1.3948517
1572434293899,-1.0471649,-4.3697357,-1.4571075
1572434293899,-0.8699951,-4.3649445,-1.1362762
1572434293899,-1.2817993,-4.034546,-0.8489685
1572434293899,-1.66008,-3.5700684,-0.40844727
1572434294120,-1.8085175,-3.0289764,-0.030151367
1572434294120,-1.2817993,-3.1151733,-0.011001587
1572434294120,-0.5779114,-4.1159515,-0.5999756
1572434294121,4.909607,-5.964279,-0.2839508
1572434294121,18.992294,-13.261795,5.1556854
1572434294121,18.546982,-31.630112,0.91793823
1572434294121,13.274948,-26.415543,-7.907089
1572434294121,2.5632935,-7.0608215,-0.4802704
1572434294121,-0.10864258,-3.148697,5.098221
1572434294121,-1.6361389,-3.1008148,-0.57603455
1572434294345,-2.1054077,-8.090317,0.18052673
1572434294345,-0.5635376,-13.8124695,4.375168
1572434294346,2.0078278,-14.085403,3.2451172
1572434294347,2.3717499,-9.747116,-1.6438446
1572434294347,2.1036072,-7.39122,0.7647095
1572434294347,1.6678619,-7.6019135,2.000122
1572434294347,0.9112854,-7.4055786,0.635437
1572434294347,1.0405731,-7.8604736,1.1334229
1572434294347,1.1459198,-8.861252,1.9953308
1572434294347,1.5481415,-9.34967,2.0144958
1572434294559,2.5010376,-9.225174,1.842102
1572434294559,3.2097168,-8.363266,0.88442993
1572434294559,3.6071625,-7.0560303,-0.41322327
1572434294560,4.2009277,-6.716049,0.8126068
1572434294560,4.301483,-7.3098145,1.3776398
1572434294560,3.1809998,-8.6362,0.32418823
1572434294560,1.9551544,-10.163696,0.7647095
1572434294561,0.31274414,-11.241089,1.1765137
1572434294561,-1.3296814,-11.58107,0.036880493
1572434294561,-1.2434998,-10.819717,0.41516113
1572434294561,0.15951538,-9.933853,1.8947754
1572434294561,1.5385742,-9.766266,2.613037
1572434294561,2.5968018,-10.192429,2.9290771
1572434294561,2.7500305,-11.863586,2.627411
1572434294786,4.167404,-14.573822,2.881195
1572434294787,4.82341,-15.77092,2.2539062
1572434294787,3.214508,-13.711914,-0.8010864
1572434294787,3.1235352,-13.802887,-4.7898254
1572434294787,4.5313263,-13.534744,-7.428238
1572434294787,4.909607,-11.26503,-4.1050873
1572434294787,3.1714172,-10.173279,-0.20254517
1572434294787,1.557724,-9.9865265,0.7264099
1572434294787,0.4659729,-11.24588,0.774292
1572434294789,-0.15652466,-13.826828,0.35292053
1572434295005,-1.0615387,-14.320038,2.000122
1572434295005,-1.7845764,-11.571487,3.3169403
1572434295005,-1.2913818,-8.186096,0.6833191
1572434295005,5.9869995,-6.9937744,-5.527252
1572434295005,7.217621,-8.837311,3.451004
1572434295005,5.0341034,-10.451004,4.777405
1572434295005,2.9032593,-9.52684,0.62106323
1572434295006,0.6335602,-8.851685,-1.605545
1572434295006,-0.8604126,-8.846893,-0.61434937
1572434295007,-1.6744537,-8.028076,-0.049316406
1572434295223,-2.1245575,-6.529312,-0.7196808
1572434295223,-2.1676483,-5.0401154,-1.0069885
1572434295223,-2.3352509,-3.4982452,-0.5808258
1572434295223,-2.2203217,-2.4783173,-0.35098267
1572434295223,-1.5499573,-1.2859955,0.774292
1572434295223,-0.46777344,0.6963959,1.9426575
1572434295223,0.8681946,1.8025208,-0.14508057
1572434295223,15.79364,-0.409729,-2.036499
1572434295223,15.453674,-17.11168,9.470032
1572434295224,12.8966675,-34.57498,-7.4426117
1572434295460,7.9550323,-19.22815,-5.292618
1572434295460,-0.31454468,-1.726532,3.0870972
1572434295460,0.8203125,-0.73054504,-1.4666748
1572434295461,1.1076202,-5.715271,-1.2033234
1572434295461,-2.0096436,-11.446991,2.0288544
1572434295461,-2.2059631,-14.291306,2.1533508
1572434295461,0.24569702,-13.687973,3.0727234
1572434295461,1.6774292,-10.637756,2.9578094
1572434295461,2.1036072,-8.315384,1.5691681
1572434295463,3.214508,-7.702469,0.69288635
1572434295463,3.985443,-8.344116,0.50135803
1572434295463,3.2815552,-9.153351,0.5252991
1572434295463,2.2041626,-9.809357,0.9227295
1572434295463,1.5673065,-9.660919,0.92752075
1572434295668,0.75805664,-8.645782,0.59233093
1572434295668,0.04458618,-7.4726257,0.35292053
1572434295668,-0.05596924,-6.50058,0.4630432
1572434295668,0.35583496,-6.1318665,1.0089264
1572434295668,0.8825531,-6.955475,1.4302979
1572434295669,1.0501556,-8.2148285,1.6936646
1572434295669,0.55215454,-9.182083,1.6074829
1572434295669,0.3510437,-9.804565,1.3776398
1572434295669,-0.17088318,-9.273056,0.80781555
1572434295669,-0.7119751,-9.119827,0.16137695
1572434295887,-0.5156555,-10.015259,0.18052673
1572434295887,0.51864624,-10.474945,0.4917755
1572434295887,2.0700836,-10.249893,0.46783447
1572434295887,4.143463,-10.422272,-0.3605652
1572434295887,6.580765,-11.135742,-2.2376099
1572434295889,8.874405,-11.767822,-2.8265839
1572434295889,9.46817,-14.750992,-1.3804932
1572434295889,8.687653,-13.788528,-0.030151367
1572434295889,10.234314,-10.474945,-0.2839508
1572434295889,8.266281,-10.604233,-0.537735
1572434296112,3.693344,-13.333633,2.2586975
1572434296112,0.18345642,-16.019913,5.3567963
1572434296112,-3.8100739,-20.023026,8.703888
1572434296113,-4.748596,-21.363785,9.896194
1572434296113,-2.6225586,-16.163574,8.780502
1572434296116,-2.3352509,-9.335312,6.1756134
1572434296116,-1.7606354,-6.2180634,4.5954437
1572434296116,-0.8747864,-6.376068,3.470169
1572434296116,-0.04159546,-7.9035797,2.517273
1572434296116,3.8705292,-9.694443,-0.22169495
1572434296341,5.2639465,-9.158142,0.343338
1572434296341,2.1897888,-7.3960114,3.5276184
1572434296341,0.14035034,-6.8644867,4.0735016
1572434296342,-1.411087,-7.9466705,3.3073578
1572434296342,-2.6177673,-8.923508,3.106247
1572434296343,-3.0056305,-8.875626,3.4893188
1572434296343,-3.1157532,-7.88443,3.3073578
1572434296344,-3.154068,-6.802246,2.4167175
1572434296344,-3.3264465,-6.682541,1.3297424
1572434296344,-3.2115326,-7.2379913,0.6833191
1572434296344,-2.948166,-8.071167,0.1565857
1572434296344,-2.8571777,-9.071945,-1.7348328
1572434296344,-1.7271271,-10.805344,-7.902298
1572434296344,1.0740967,-12.318481,-10.363525
1572434296558,4.7132874,-13.213913,-10.1384735
1572434296560,7.878418,-13.788528,-4.1098785
1572434296560,8.046005,-12.141312,0.5492401
1572434296560,5.3262024,-8.913925,1.047226
1572434296560,1.3901367,-8.358475,0.41516113
1572434296560,0.039794922,-11.188416,0.051239014
1572434296561,-0.060760498,-14.674377,-0.006210327
1572434296561,-0.41989136,-20.463562,-0.7579956
1572434296561,-1.7462769,-12.98407,2.1916656
1572434296561,-1.0280151,-5.916382,1.7080383
1572434296772,-0.7598572,-4.7288666,0.8173828
1572434296774,-1.6169891,-4.891678,1.04245
1572434296774,-3.067871,-7.6497955,2.6944427
1572434296774,-3.7717743,-10.709579,4.2554626
1572434296774,-3.0487213,-11.351227,4.7342987
1572434296774,-1.7798004,-9.972168,4.652893
1572434296774,0.31752014,-7.951462,1.6936646
1572434296774,1.9838867,-7.4199524,-3.0995178
1572434296774,3.2815552,-8.751129,-3.7268066
1572434296774,4.6031494,-10.757462,-1.7587738
1572434296996,3.7029266,-11.485306,0.31939697
1572434296998,0.73890686,-10.474945,1.6505737
1572434296998,-1.7893677,-9.177292,1.7894287
1572434296998,-3.067871,-8.032867,0.5252991
1572434296998,-1.6217804,-8.415939,1.3680573
1572434296998,0.7341156,-9.871613,2.6848602
1572434296998,1.1459198,-10.173279,3.0248413
1572434296998,0.09246826,-9.325729,3.992096
1572434296998,-0.8987274,-9.019272,4.241104
1572434296999,-0.7837982,-9.938644,2.158142
1572434297213,-0.036819458,-11.461365,1.0328674
1572434297214,0.48512268,-11.830063,1.3249664
1572434297214,0.6335602,-11.42305,0.80781555
1572434297214,1.4619598,-12.907455,-0.40844727
1572434297214,3.573639,-15.047867,0.056030273
1572434297214,5.091568,-14.626495,2.3784027
1572434297214,4.9239655,-14.080612,2.1677246
1572434297214,5.2591553,-14.693527,-1.2942963
1572434297214,5.7140503,-12.40947,-3.3916168
1572434297214,4.8329926,-9.589096,-0.8298187
1572434297214,2.917633,-10.2786255,2.1725006
1572434297215,1.6056061,-12.529175,2.8237305
1572434297215,0.6575012,-13.69754,3.0056915
1572434297215,0.16429138,-13.9704895,3.0679321
1572434297434,-0.52523804,-13.012802,4.078293
1572434297434,-0.55874634,-11.786972,5.600998
1572434297434,-0.19961548,-10.369598,6.482071
1572434297434,0.21696472,-8.885193,4.356018
1572434297435,5.881653,-8.401566,-6.121002
1572434297435,5.2878876,-8.985748,-3.1234741
1572434297435,0.39413452,-10.527618,2.4981232
1572434297437,-1.1716614,-10.738312,1.9330902
1572434297437,-1.66008,-8.961807,2.9386444
1572434297437,-2.517212,-7.54924,2.0097046
1572434297655,-2.2346954,-6.476639,0.5683899
1572434297655,-0.6928253,-5.600357,-0.39886475
1572434297655,0.7341156,-4.891678,-0.61912537
1572434297655,0.66708374,-4.398468,-0.40844727
1572434297655,-0.21398926,-3.2588196,-0.4658966
1572434297655,-1.1908264,-1.3434601,-0.48506165
1572434297655,-2.0527344,0.15530396,-0.90164185
1572434297656,-2.344818,-0.18945312,-0.76278687
1572434297656,-1.0854797,-1.8127289,-1.2559967
1572434297657,14.903,-4.6570435,-3.348526
1572434297882,18.312347,-25.16098,3.5563507
1572434297882,11.95813,-36.33232,-4.0667877
1572434297882,5.527313,-11.576279,-4.167343
1572434297882,0.76763916,-1.1758728,6.3144836
1572434297882,-1.5930481,-2.0281982,1.6026917
1572434297882,-2.0335846,-5.940338,-0.7723541
1572434297882,-1.3057404,-12.548325,2.6465607
1572434297884,0.50427246,-15.871475,5.304123
1572434297884,2.5920258,-14.937744,5.174835
1572434297884,3.0900116,-11.523605,1.7702789
1572434298102,3.573639,-8.5117035,-1.3948517
1572434298102,3.0181885,-7.386429,0.5396576
1572434298102,1.2321167,-6.8118134,0.33854675
1572434298102,0.011062622,-7.664154,-0.542511
1572434298102,-0.07032776,-9.296997,-0.078048706
1572434298102,0.26963806,-9.66571,0.6545868
1572434298102,0.5856781,-9.091095,0.7312012
1572434298105,0.8203125,-8.042435,0.59233093
1572434298105,1.1459198,-7.1326447,0.7455597
1572434298105,2.03656,-6.984207,1.1525726
1572434298105,3.5161743,-7.759918,1.5500183
1572434298105,3.8848877,-8.722397,1.5117035
1572434298105,3.8226318,-9.627396,1.9474487
1572434298105,3.1522675,-10.37439,2.3257294
1572434298319,1.7301025,-10.666489,1.3967896
1572434298319,0.76763916,-10.891541,0.55882263
1572434298319,0.1738739,-11.24588,0.14222717
1572434298321,0.19302368,-11.288971,-0.049316406
1572434298321,2.0030518,-11.863586,0.9227295
1572434298321,4.3349915,-13.731064,2.0288544
1572434298321,5.958267,-16.259338,2.5507965
1572434298321,3.300705,-13.802887,-0.058883667
1572434298321,1.2081757,-12.514816,-4.9765778
1572434298321,2.0892334,-13.151672,-7.270218
1572434298539,3.5018158,-11.485306,-4.344513
1572434298539,4.3541565,-10.757462,-2.0077667
1572434298539,3.6502533,-10.455795,0.017730713
1572434298541,1.9743195,-9.948227,2.2634888
1572434298541,0.66708374,-11.130966,3.7718353
1572434298542,-0.664093,-13.28096,3.2498932
1572434298542,-2.067093,-13.146881,2.5029144
1572434298542,-2.5459442,-10.02005,-0.9830475
1572434298542,2.2281036,-8.703247,-9.276566
1572434298542,4.914398,-8.593109,-0.058883667
1572434298760,4.387665,-9.081528,4.1118164
1572434298760,2.2233124,-7.9610443,1.3824158
1572434298760,-1.1046295,-6.9506836,-0.3174591
1572434298762,-3.1875916,-6.931534,-0.14508057
1572434298762,-2.6512756,-6.8357697,0.7168274
1572434298762,-0.70240784,-6.0839844,0.28108215
1572434298762,0.56173706,-5.595566,-0.63349915
1572434298762,0.9831085,-4.896454,-0.47068787
1572434298762,0.8634033,-3.9627228,0.1565857
1572434298762,-0.04638672,-3.5221863,0.8461151
1572434298992,-1.090271,-3.2875519,1.6266327
1572434298992,-1.7845764,-2.770401,1.387207
1572434298992,0.5665283,-2.0569305,-0.14987183
1572434298994,16.325165,-4.8581543,-1.102768
1572434298994,21.458328,-27.306183,2.2826385
1572434298995,18.637955,-36.724976,-7.0068665
1572434298995,4.0812073,-10.154129,-2.601532
1572434298995,0.52342224,-1.5397949,4.940201
1572434298995,-0.19483948,-0.96517944,3.3265076
1572434298995,-0.70240784,-1.4248657,0.9227295
1572434298995,-1.253067,-7.2188416,1.4494629
1572434298995,-1.3488312,-12.893097,2.4837494
1572434298995,0.96875,-14.952103,3.4605865
1572434298996,3.6598358,-12.821274,2.220398
1572434299206,4.272751,-8.8085785,0.42474365
1572434299206,3.9279785,-7.386429,0.6689453
1572434299206,3.190567,-6.845337,-0.5042114
1572434299206,2.5249786,-7.1996765,-0.4611206
1572434299206,1.5625153,-8.650574,0.35769653
1572434299206,1.3518219,-8.942657,0.32418823
1572434299206,1.3757629,-8.487762,0.7934418
1572434299206,0.9831085,-7.8796387,2.000122
1572434299206,1.1555023,-7.319397,1.9905548
1572434299207,1.9407959,-7.065613,1.2770691
1572434299427,2.8362274,-8.090317,-0.3318329
1572434299427,2.6399078,-9.028854,-0.96868896
1572434299427,1.7827759,-9.780624,-0.10676575
1572434299427,0.5090637,-10.585083,-0.29830933
1572434299427,-0.45339966,-11.312927,-0.6095581
1572434299427,-0.28581238,-11.830063,0.08955383
1572434299427,0.96875,-11.418259,2.4023438
1572434299427,2.467514,-10.522827,4.3033447
1572434299428,3.3677368,-9.52684,5.031189
1572434299430,3.9950256,-9.593887,4.154907
1572434299656,6.0827637,-13.00322,5.1556854
1572434299656,4.5169525,-16.082169,2.996109
1572434299656,-1.7223358,-14.411011,-4.2870483
1572434299656,-0.7502899,-15.124481,-7.9645386
1572434299657,3.2576141,-13.544312,-6.3077545
1572434299657,5.8720703,-11.097443,-5.2686768
1572434299657,5.8337708,-10.977737,-4.1817017
1572434299657,2.9655151,-10.996887,-1.4906158
1572434299657,-0.46298218,-10.292984,1.3201752
1572434299659,-1.7606354,-10.326508,4.217163
1572434299848,-1.0519562,-12.45256,5.3567963
1572434299849,-0.5156555,-12.653671,4.3033447
1572434299849,-0.30975342,-10.0392,0.027297974
1572434299849,3.7220764,-8.784637,-7.404297
1572434299849,6.1210785,-9.483749,0.8604889
1572434299849,5.6039276,-10.565933,3.288208
1572434299849,1.9503784,-9.1006775,0.3146057
1572434299849,-1.7798004,-8.516495,0.38642883
1572434299849,-2.478897,-8.267502,0.099121094
1572434299852,-1.7702179,-6.438324,0.4486847
1572434300081,-0.34806824,-4.8150635,-0.24563599
1572434300081,-0.15652466,-4.1111603,-1.313446
1572434300081,-1.0184326,-3.4312134,-1.3900604
1572434300081,-2.1006165,-3.2109375,-0.51856995
1572434300081,-2.909851,-2.789566,0.75035095
1572434300081,-3.1157532,-1.9803162,1.6362
1572434300081,-2.5076294,-1.5828857,2.5747375
1572434300081,4.9431305,-0.572525,-0.9734802
1572434300081,23.091171,-9.708801,2.7183838
1572434300082,20.926819,-34.814407,-0.2887268
1572434300082,11.086639,-29.95897,-9.35318
1572434300082,1.2225342,-5.945114,3.2594757
1572434300082,-0.04638672,-1.9707489,6.6927643
1572434300082,-0.5491791,-2.880539,1.1430054
1572434300287,-1.5930481,-7.118271,-0.011001587
1572434300287,-1.842041,-12.098221,1.9665985
1572434300287,-0.5826874,-13.644867,3.3025665
1572434300287,0.66708374,-12.103012,2.4645996
1572434300287,1.0836792,-9.522064,-0.4802704
1572434300288,1.4523773,-8.526062,0.5827637
1572434300288,1.1171875,-8.171722,1.1190643
1572434300288,0.66708374,-7.142227,0.5971222
1572434300288,1.1985931,-6.965042,0.84132385
1572434300288,2.0748749,-7.592331,1.6122589
1572434300509,2.7308807,-7.8078156,1.9139404
1572434300509,3.2815552,-7.3337555,1.339325
1572434300509,3.43956,-7.6019135,-0.049316406
1572434300509,4.1003723,-8.985748,0.3002472
1572434300509,4.1769867,-9.498108,0.4343109
1572434300511,4.0668488,-8.909134,1.3010254
1572434300511,2.9032593,-9.048004,1.4829712
1572434300511,0.9496002,-10.15892,1.3489075
1572434300511,-0.932251,-11.667267,1.6409912
1572434300511,-2.5842438,-12.280182,0.908371
1572434300734,-3.1013947,-11.375168,0.8939972
1572434300734,-1.0328064,-10.508469,2.086319
1572434300734,1.7205353,-10.92984,2.244339
1572434300734,3.8082733,-13.036743,1.6840973
1572434300734,6.2982483,-15.39743,1.2675018
1572434300737,9.056366,-15.296875,1.2579193
1572434300737,7.246353,-13.070267,-1.1697998
1572434300737,3.9088287,-12.447769,-3.2527466
1572434300737,2.3526,-13.850769,-4.8281403
1572434300737,1.8402405,-12.735077,-3.2862701
1572434300956,2.3765411,-10.886749,-1.9934082
1572434300956,1.9216461,-9.263489,0.7024689
1572434300956,0.5425873,-9.593887,3.1014557
1572434300957,0.53300476,-11.691208,3.8819733
1572434300957,0.31752014,-12.605789,4.011261
1572434300958,-0.39595032,-11.379959,3.5755157
1572434300959,-0.21878052,-9.996109,-1.3948517
1572434300959,3.91362,-10.230743,-6.8296967
1572434300959,5.5177307,-10.292984,0.94667053
1572434300959,2.9080505,-8.837311,1.9857635
1572434300959,-0.9035187,-7.72641,0.21884155
1572434300959,-3.0151978,-7.889206,0.21884155
1572434300959,-3.4365845,-7.3337555,0.87005615
1572434300959,-3.154068,-5.8397675,1.0376587
1572434301196,-1.229126,-4.9108276,-0.12113953
1572434301198,-0.04638672,-4.6809845,-1.1841583
1572434301198,-0.74549866,-3.8956757,-0.95910645
1572434301198,-2.1915894,-2.7799835,-0.25042725
1572434301198,-2.9673157,-1.2572784,0.036880493
1572434301198,-2.4693298,-0.572525,2.2634888
1572434301198,-1.0998383,-0.8837738,3.4797363
1572434301198,11.598999,-0.21339417,-3.9279175
1572434301198,25.983368,-21.339844,7.731842
1572434301198,15.195099,-42.801468,-6.815323
1572434301393,3.3677368,-16.235397,-2.098755
1572434301393,2.1275482,-1.1998138,10.829941
1572434301394,1.260849,0.5623169,-3.5496368
1572434301394,2.395691,-6.055252,-0.16423035
1572434301394,-0.8987274,-15.316025,3.8628082
1572434301394,-1.0184326,-16.527496,1.8277435
1572434301394,1.3135223,-10.316925,0.35769653
1572434301394,1.3805542,-7.6737366,1.9857635
1572434301394,1.4332275,-8.171722,1.1717377
1572434301394,1.873764,-8.435089,0.91316223
1572434301620,1.5098419,-9.014481,1.8564758
1572434301623,1.1938019,-9.641769,2.316162
1572434301623,1.4284363,-9.3927765,2.3257294
1572434301623,1.8019257,-8.166931,1.95224
1572434301623,1.873764,-6.9985657,1.5069122
1572434301623,2.4004822,-6.352127,1.1669464
1572434301623,3.324646,-6.6777496,0.5061493
1572434301623,4.277542,-8.190887,-0.34140015
1572434301623,4.569626,-8.784637,1.248352
1572434301623,2.984665,-8.2196045,0.4343109
1572434301623,0.87298584,-8.190887,-0.89686584
1572434301624,-1.0184326,-9.407135,-0.18817139
1572434301624,-2.9625244,-10.790985,1.1860962
1572434301624,-2.9242249,-11.327286,1.363266
1572434301830,0.52342224,-11.533188,1.5835266
1572434301830,3.865738,-11.159683,1.655365
1572434301830,4.4738617,-10.474945,1.7032471
1572434301830,4.502594,-11.892319,2.3065796
1572434301830,6.044464,-15.086182,3.5707245
1572434301830,5.005371,-15.062241,-0.12593079
1572434301830,3.2288818,-15.656006,-4.526474
1572434301832,3.0660706,-17.039856,-5.1489563
1572434301832,2.4531555,-12.7973175,-3.2527466
1572434301832,2.5872345,-9.502899,-0.6717987
1572434302025,3.080429,-9.550781,-0.29351807
1572434302025,2.759613,-9.158142,1.5260773
1572434302025,3.051712,-9.785416,3.4414368
1572434302025,2.7787628,-12.122162,2.8668213
1572434302025,1.4380188,-12.773376,3.6856384
1572434302025,0.43244934,-11.93541,5.284973
1572434302025,-0.937027,-11.537979,1.253128
1572434302027,4.095581,-12.117371,-9.305298
1572434302027,5.388443,-12.423828,0.2715149
1572434302027,-0.798172,-12.064697,-0.566452
1572434302245,-5.5913696,-10.273834,0.23799133
1572434302245,-2.8954926,-7.7455597,0.5779724
1572434302245,-1.6026154,-6.6011353,0.89878845
1572434302245,-0.92266846,-7.228409,-0.98783875
1572434302245,0.6144104,-7.6019135,-1.7491913
1572434302245,-0.19961548,-5.940338,0.18052673
1572434302245,-1.7366943,-4.144684,1.3153839
1572434302247,-2.2299042,-1.9228668,1.1813049
1572434302247,-1.3248901,0.471344,0.8509064
1572434302247,-0.932251,1.2614288,-0.26957703
1572434302469,0.07810974,0.88793945,-0.27915955
1572434302469,6.786667,0.049957275,-0.93037415
1572434302469,26.270676,-6.8166046,-1.4810486
1572434302469,11.8767395,-28.206406,3.043991
1572434302469,9.13298,-29.700394,-6.3077545
1572434302469,5.862503,-4.733658,-1.5768127
1572434302469,1.2799988,2.5159912,1.4877625
1572434302470,1.6295471,-2.655487,1.0280762
1572434302470,-1.1812439,-11.408691,2.1294098
1572434302470,-1.8372498,-16.867462,3.6186066
1572434302691,2.328659,-15.41658,3.7000122
1572434302691,4.047699,-9.876404,1.0185089
1572434302691,3.6837769,-7.0416565,0.10870361
1572434302691,2.9607239,-6.4335327,0.3002472
1572434302691,2.6111755,-7.5779724,0.54444885
1572434302691,2.0030518,-9.124619,1.0232849
1572434302691,1.3278809,-9.804565,1.4255219
1572434302693,1.0453644,-9.512482,1.3105927
1572434302693,1.0166321,-8.918716,1.0137177
1572434302693,0.99269104,-8.2196045,1.2675018
1572434302899,0.8921356,-7.5827484,1.8852081
1572434302899,1.1076202,-7.161377,2.0144958
1572434302899,1.6486969,-7.2475586,1.842102
1572434302899,1.830658,-7.932312,1.4398804
1572434302899,1.2033844,-8.851685,0.66415405
1572434302899,0.025436401,-9.14856,-0.15943909
1572434302900,-1.0663147,-8.65535,-0.2839508
1572434302901,-2.086258,-8.353683,-0.5233612
1572434302901,-2.6033936,-8.8085785,-0.6526489
1572434302902,-2.1868134,-10.010468,0.017730713
1572434303125,-0.90830994,-10.992096,0.6450043
1572434303125,0.64793396,-10.738312,1.0615997
1572434303125,2.1275482,-10.307358,1.2770691
1572434303126,4.3541565,-10.254684,0.6114807
1572434303126,7.6677246,-10.460587,-1.107544
1572434303126,10.1145935,-14.142868,-0.20254517
1572434303126,11.642105,-16.13005,-1.0069885
1572434303128,12.934967,-13.347992,-3.4825897
1572434303128,9.295776,-12.031174,-1.399643
1572434303128,4.569626,-13.017593,1.6074829
1572434303128,1.6822205,-14.056671,3.901123
1572434303128,-1.7175446,-17.212234,7.19075
1572434303128,-4.178787,-20.08049,11.394974
1572434303128,-1.8755646,-17.044632,10.676712
1572434303346,-1.4350281,-11.150116,7.5355225
1572434303346,-2.454956,-7.7695007,5.366379
1572434303346,-2.1915894,-7.324173,4.1836395
1572434303348,-1.5499573,-7.530075,3.585083
1572434303348,-1.0375977,-7.5348663,2.6609192
1572434303349,-0.5922699,-7.089554,1.7415466
1572434303349,-0.27145386,-6.2659454,1.7080383
1572434303349,-1.1573029,-6.34256,2.3209534
1572434303349,-2.7901459,-7.592331,2.431076
1572434303349,-3.6664276,-8.717606,2.134201
1572434303562,-3.8627472,-8.497345,1.5404358
1572434303562,-3.8483887,-6.931534,0.8604889
1572434303562,-3.561081,-6.031311,0.46783447
1572434303564,-3.0822449,-6.2994537,0.29066467
1572434303564,-2.8811188,-7.482193,-0.11155701
1572434303564,0.04937744,-12.8069,-15.5733185
1572434303564,9.568726,-15.598541,-20.629868
1572434303565,8.764267,-10.738312,-1.289505
1572434303565,8.486542,-12.495651,5.0599213
1572434303565,6.8872223,-13.668808,3.1685028
1572434303782,1.9503784,-8.612259,1.2004547
1572434303783,-0.27622986,-8.799011,0.9371033
1572434303783,-0.19483948,-13.060684,-0.32225037
1572434303785,-0.58747864,-17.499542,-6.6477356
1572434303785,-3.20195,-12.395096,-1.7013092
1572434303785,-4.0111847,-6.9458923,-0.542511
1572434303785,-1.0040741,-7.070389,1.8085938
1572434303785,-0.6928253,-7.1805267,2.881195
1572434303785,-1.842041,-8.372833,4.585861
1572434303785,-1.4924927,-10.441437,5.6728363
1572434304014,-0.0894928,-10.743103,5.4812927
1572434304015,-0.0320282,-9.885971,4.782181
1572434304015,-0.4725647,-9.206024,3.9633636
1572434304017,-0.1517334,-8.99054,2.8859863
1572434304017,-1.071106,-9.076736,-2.6542053
1572434304017,-3.154068,-10.211594,-9.640488
1572434304017,-2.656067,-10.005692,0.5492401
1572434304017,-2.158081,-9.234756,4.533188
1572434304017,0.29837036,-9.177292,0.91316223
1572434304017,1.9264374,-9.095886,0.19490051
1572434304017,2.5010376,-9.033646,1.3105927
1572434304017,2.4292145,-9.3975525,0.94189453
1572434304017,0.81552124,-9.651337,1.1669464
1572434304018,-0.7790222,-9.574722,1.6362
1572434304225,-1.6409302,-9.66571,1.6840973
1572434304225,-1.387146,-10.063141,1.9857635
1572434304225,-0.6976166,-10.398331,2.3879852
1572434304225,-0.32411194,-10.594666,2.0575867
1572434304225,0.18824768,-10.886749,1.95224
1572434304225,1.1602936,-10.944214,2.455017
1572434304225,2.8314362,-11.097443,2.8189392
1572434304225,4.009384,-11.394318,2.3688354
1572434304225,3.8465729,-12.495651,2.4789581
1572434304226,2.6925812,-14.497208,1.3153839
1572434304450,2.5728607,-15.708679,-1.1841583
1572434304450,3.3916779,-14.152435,-2.5823822
1572434304450,3.6167297,-11.274612,-1.1362762
1572434304450,3.3390045,-10.091873,1.1477966
1572434304450,2.2424622,-10.800568,1.1430054
1572434304450,0.5569458,-13.28096,0.9035797
1572434304451,-1.1046295,-14.4253845,1.928299
1572434304451,-1.253067,-13.070267,3.470169
1572434304451,-0.7502899,-11.3224945,4.193207
1572434304451,-0.38157654,-10.637756,4.5427704
1572434304670,-0.3576355,-10.7335205,3.9968872
1572434304670,0.22175598,-10.838867,3.853241
1572434304670,2.8170776,-11.552338,3.9154816
1572434304670,5.6709595,-12.677612,-0.48983765
1572434304670,2.5632935,-11.365585,-0.48506165
1572434304670,-2.0144196,-9.5555725,1.3153839
1572434304670,-2.9768982,-8.99054,2.2826385
1572434304670,-1.7223358,-8.47818,2.4789581
1572434304671,-1.1860352,-7.544449,1.1142731
1572434304672,-0.80296326,-7.295456,-0.29830933
1572434304672,0.38935852,-6.6298676,-0.09240723
1572434304672,1.6534882,-5.509369,0.34812927
1572434304672,1.3566132,-4.915619,-0.0014343262
1572434304672,0.14993286,-4.6187286,-0.42759705
1572434304877,-0.43904114,-3.4168396,-1.0500946
1572434304877,-1.3775635,-2.0713043,-0.9830475
1572434304877,-2.047943,-1.4918976,0.13743591
1572434304877,-1.4829102,-1.9037018,1.2004547
1572434304877,1.6343384,-2.7512512,2.158142
1572434304878,16.81836,-7.367279,-0.07325745
1572434304879,18.867798,-26.975784,5.193985
1572434304879,11.4266205,-30.260635,-3.511322
1572434304879,3.3150635,-9.177292,-8.357193
1572434304879,-0.44862366,-3.8669586,3.0679321
1572434305092,-1.1860352,-4.6666107,3.9394226
1572434305092,-1.0758972,-6.620285,-0.7101135
1572434305092,-0.85084534,-12.7686,-0.9734802
1572434305092,1.1985931,-15.7421875,1.5021362
1572434305092,2.759613,-13.247437,0.82696533
1572434305093,1.8641815,-9.067154,1.8516846
1572434305093,1.399704,-7.640213,2.1820831
1572434305093,1.3182983,-7.0177155,1.5787506
1572434305093,1.2943573,-7.415161,1.1238403
1572434305093,1.12677,-8.799011,1.6266327
1572434305316,1.1794434,-9.866821,2.5220642
1572434305316,1.4523773,-9.953018,2.8285217
1572434305316,1.3901367,-9.062363,2.335312
1572434305316,1.3757629,-7.774292,1.8804169
1572434305316,1.28479,-6.893219,1.5787506
1572434305318,1.0836792,-6.9506836,1.3776398
1572434305318,0.93045044,-8.435089,1.1765137
1572434305318,0.90649414,-9.756683,0.16137695
1572434305318,0.7197571,-10.010468,-0.8872833
1572434305318,0.9543915,-9.172501,0.42474365
1572434305532,1.1363373,-7.6689453,2.2156067
1572434305532,0.6335602,-7.56839,1.4734039
1572434305532,-0.10385132,-9.660919,-0.5233612
1572434305532,-0.29060364,-11.097443,-0.20254517
1572434305532,-0.39595032,-11.059128,1.248352
1572434305533,0.37498474,-10.427063,2.6944427
1572434305533,1.533783,-10.101456,3.51326
1572434305533,2.2520447,-10.49411,3.2546844
1572434305533,2.8170776,-11.3224945,2.3065796
1572434305533,4.1003723,-12.29454,2.0144958
1572434305760,4.6893463,-13.525162,2.0480042
1572434305760,1.7444763,-13.683182,0.10870361
1572434305760,-0.1230011,-15.550659,-2.0795898
1572434305760,-0.36721802,-15.545868,-3.506546
1572434305760,1.289566,-11.130966,-2.7978516
1572434305762,3.5209656,-9.469391,-1.265564
1572434305762,4.641449,-10.316925,-0.4228058
1572434305762,3.8992462,-11.250671,0.4008026
1572434305762,2.821869,-11.949783,2.0480042
1572434305763,1.7109528,-12.347214,2.9578094
1572434305763,0.7197571,-12.548325,2.3736267
1572434305763,-0.4773407,-12.328064,1.5404358
1572434305763,-1.2913818,-11.279404,1.0951233
1572434305763,-0.07032776,-9.84288,-1.4858398
1572434305979,3.5640717,-9.699234,-4.6078644
1572434305980,2.4052734,-9.325729,-0.6287079
1572434305980,-0.33369446,-8.679291,2.7806396
1572434305980,-2.0766754,-8.435089,1.1717377
1572434305980,-3.1205444,-7.841324,-0.22169495
1572434305980,-3.1875916,-6.826187,0.24757385
1572434305980,-0.58747864,-6.4000244,0.66415405
1572434305980,2.5393524,-5.7009125,-0.030151367
1572434305980,1.8354492,-5.236435,-0.09240723
1572434305980,0.45639038,-5.53331,0.3146057
1572434306198,-0.28581238,-5.3130493,0.16137695
1572434306200,0.85861206,-3.2109375,-1.1171265
1572434306200,0.45639038,-1.7648468,-0.6287079
1572434306200,-0.209198,-0.864624,-0.66223145
1572434306200,-0.10385132,-1.1088257,0.5109253
1572434306200,9.985321,-0.409729,-1.3182373
1572434306200,20.194183,-12.624939,2.1006775
1572434306200,12.302902,-32.23346,-1.4187927
1572434306200,8.06517,-23.695724,-6.279022
1572434306200,1.8210907,-3.2923431,1.3584747
1572434306427,-0.45339966,-0.49591064,1.6170502
1572434306437,-0.8604126,-5.959488,-2.084381
1572434306437,0.6431427,-14.770142,3.039215
1572434306437,3.0133972,-19.501083,2.1868744
1572434306438,3.4778748,-13.47728,-0.3749237
1572434306438,1.7684174,-7.3385468,0.7599335
1572434306438,1.3039398,-6.481415,1.9378815
1572434306438,1.9838867,-6.955475,1.9857635
1572434306438,2.0461426,-7.4295197,1.5260773
1572434306438,1.5673065,-8.540436,1.4398804
1572434306640,1.0740967,-9.52684,1.8564758
1572434306642,1.3949127,-9.991318,1.660141
1572434306642,1.9120636,-10.613815,1.0759583
1572434306642,2.9032593,-11.652893,0.477417
1572434306642,4.22966,-12.404678,-0.06846619
1572434306642,4.1003723,-9.876404,-0.7436371
1572434306642,2.1562805,-5.911606,-0.99263
1572434306642,1.399704,-7.3385468,-1.3709106
1572434306642,1.1602936,-8.6362,-1.6534271
1572434306642,-0.022445679,-6.706482,-0.11155701
1572434306642,-2.6943817,-4.082428,1.8133698
1572434306644,-4.830002,-2.3107147,3.1253967
1572434306644,-6.3144073,-3.2157288,3.4893188
1572434306644,-5.122101,-5.7057037,3.2929993
1572434306860,-3.7717743,-8.93309,1.6505737
1572434306860,-3.1349182,-12.519592,0.20925903
1572434306860,-1.6121979,-15.512344,1.7032471
1572434306860,0.30316162,-16.139633,3.17807
1572434306861,0.39413452,-14.334396,4.7965546
1572434306861,-0.19483948,-13.060684,5.6345215
1572434306861,-1.707962,-13.00322,4.1596985
1572434306862,-9.187454,-9.3927765,-3.3533173
1572434306862,-9.455597,-9.766266,-4.895172
1572434306862,-2.814087,-12.998444,-2.2902832
1572434307088,1.6391296,-14.679169,-1.9838257
1572434307088,3.051712,-13.592194,-3.190506
1572434307088,1.854599,-12.505234,-3.0276947
1572434307088,-0.74549866,-12.2083435,-1.1889496
1572434307088,-2.344818,-11.346436,0.18052673
1572434307089,-3.0583038,-9.727951,1.8277435
1572434307089,-3.9393616,-9.301788,3.3408813
1572434307090,-5.3184204,-11.06871,2.26828
1572434307091,-7.5833435,-11.255463,1.9139404
1572434307091,-7.750931,-9.68486,2.7279663
1572434307307,0.082901,-9.536423,-0.700531
1572434307307,8.606247,-12.98407,-4.4690094
1572434307307,2.2233124,-12.773376,1.3584747
1572434307307,-2.948166,-8.315384,1.4302979
1572434307307,-2.8524017,-3.9148407,1.253128
1572434307307,0.30316162,-5.0640564,-1.1745911
1572434307307,-1.1908264,-8.770279,-0.49942017
1572434307309,-4.1644135,-7.5588074,1.6074829
1572434307309,-2.541153,-5.2747498,1.1094818
1572434307309,-0.8556366,-5.217285,-0.2599945
1572434307527,-1.2099762,-5.5476837,-0.88249207
1572434307527,-0.7550812,-6.0025787,-0.403656
1572434307527,-0.29060364,-5.873291,0.22840881
1572434307527,-0.5443878,-6.826187,0.027297974
1572434307527,0.4707489,-8.28186,0.12307739
1572434307527,2.3573914,-10.920273,0.23799133
1572434307527,5.800247,-13.735855,-0.3174591
1572434307530,12.068268,-14.573822,-1.3326111
1572434307530,14.0985565,-19.295181,-2.4530945
1572434307530,7.0787506,-18.457214,-3.4251404
1572434307530,1.4140778,-14.382294,-2.946289
1572434307530,0.9831085,-14.765366,6.0654755
1572434307530,2.6829987,-16.115692,0.640213
1572434307530,4.1099396,-15.943298,2.5316315
1572434307749,5.594345,-15.129272,2.3113708
1572434307750,7.495346,-12.979279,1.363266
1572434307750,7.653366,-11.221939,2.5124817
1572434307752,5.6470184,-10.154129,2.6609192
1572434307752,4.186554,-7.9610443,4.1453247
1572434307752,4.3589325,-6.682541,5.2753906
1572434307752,4.780319,-6.2898865,5.217926
1572434307752,4.971863,-5.4710693,4.394333
1572434307752,6.475418,-5.490219,3.221161
1572434307752,8.304581,-7.0799713,2.6609192
1572434307970,9.492111,-10.139755,5.7015533
1572434307970,11.36438,-12.083847,8.89064
1572434307970,11.828842,-11.844437,11.246536
1572434307972,9.966156,-11.820496,11.6822815
1572434307972,6.5759735,-12.308914,10.202667
1572434307973,2.9894562,-13.180389,7.8515472
1572434307973,-0.21398926,-13.228287,5.9745026
1572434307973,-3.7286682,-13.582626,3.9777374
1572434307973,-6.2904663,-12.62973,2.699234
1572434307973,-6.012741,-10.029633,2.7854156
1572434308186,-5.0885773,-8.482971,3.6377563
1572434308186,-5.308853,-7.089554,4.782181
1572434308186,-5.423767,-5.9546967,4.777405
1572434308187,-4.652832,-5.121521,3.33609
1572434308187,-3.8483887,-1.8654022,2.220398
1572434308187,-3.7478333,4.187149,1.5931091
1572434308187,-3.1205444,4.9006195,0.75035095
1572434308187,-4.724655,4.1344757,2.3257294
1572434308187,-14.660599,9.473541,7.731842
1572434308187,-16.710037,10.771194,9.101334
1572434308412,-11.596024,7.448044,9.321594
1572434308412,-2.6656494,3.0810242,9.455673
1572434308412,-0.1517334,1.357193,8.71347
1572434308416,-3.51799,1.5056305,9.776489
1572434308416,-6.261734,3.4545135,9.268921
1572434308417,-4.6193237,3.195938,8.608124
1572434308417,-2.9912567,1.5678864,8.067032
1572434308417,-2.1724396,1.3763428,8.272934
1572434308417,-0.46777344,2.0275726,8.809235
1572434308417,1.2033844,2.3005066,8.263351
1572434308417,1.4427948,2.262207,6.1085815
1572434308417,1.8258667,2.1424866,4.944992
1572434308417,2.6638489,2.238266,5.0646973
1572434308418,2.7212982,2.238266,5.3615875
1572434308638,2.2233124,2.1089783,5.6345215
1572434308638,1.3087311,1.2710114,5.605789
1572434308638,1.0836792,1.0220032,6.3432007
1572434308638,1.5768738,1.8743439,7.9952087
1572434308638,1.6247559,2.0706635,9.747757
1572434308638,1.4284363,2.1616516,11.69664
1572434308638,1.8881226,2.6740112,13.133163
1572434308638,3.410843,3.1672058,13.525818
1572434308638,5.0388947,3.7178802,13.525818
1572434308640,5.6709595,4.440933,13.176254
1572434308862,5.6039276,4.828781,12.510666
1572434308862,5.4889984,4.709076,11.691849
1572434308862,5.29747,4.349945,10.877823
1572434308862,4.8282013,4.124893,10.351105
1572434308862,4.416397,4.0578613,10.307999
1572434308862,4.2200775,4.206299,10.580948
1572434308862,4.3302155,4.440933,10.954437
1572434308862,4.435547,4.7521667,11.265686
1572434308862,4.5600586,4.98201,11.720581
1572434308864,4.8090515,4.6516113,11.495529
1572434309079,4.756378,4.2254486,11.045425
1572434309079,4.07164,4.0578613,10.916138
1572434309079,3.214508,4.254181,10.810791
1572434309079,2.6111755,4.5175476,11.189072
1572434309079,2.2424622,4.4552917,11.6870575
1572434309079,2.1131744,3.8280182,11.3806
1572434309079,1.4140778,3.2964935,10.149994
1572434309079,0.9974823,2.5734558,8.5746
1572434309079,0.99269104,2.1712189,7.343979
1572434309081,0.88734436,2.3052979,6.6113586
1572434309293,0.61920166,2.444168,6.352783
1572434309293,0.42765808,2.559082,6.3336334
1572434309293,0.42765808,2.5878143,6.28096
1572434309293,0.7915802,2.7075195,6.094208
1572434309293,1.5481415,2.918213,5.9936523
1572434309293,0.1451416,3.6173248,6.0175934
1572434309293,0.69581604,3.9764557,5.739868
1572434309293,0.96875,3.823227,5.735077
1572434309294,1.1363373,3.8567352,6.003235
1572434309295,1.1315613,3.89505,6.3144836
1572434309295,1.150711,3.7035065,6.649658
1572434309295,1.3278809,3.6795654,7.592987
1572434309295,1.4523773,3.6987305,9.072601
1572434309295,1.5385742,3.9525146,10.624039
1572434309618,2.1849976,4.345154,11.591293
1572434309618,3.0708618,4.910187,11.701431
1572434309618,3.5209656,5.2789,11.20343
1572434309618,3.3054962,4.8623047,10.882614
1572434309618,3.7220764,5.412979,11.572144
1572434309618,4.052475,4.977234,11.69664
1572434309618,4.119522,4.4505005,11.150757
1572434309618,4.2392273,3.9046326,10.202667
1572434309618,3.5209656,3.7418213,9.747757
1572434309618,2.6590576,3.7178802,10.236176
1572434309768,2.5920258,3.440155,11.624817
1572434309768,2.6734161,2.7649841,12.869797
1572434309768,2.3813324,2.0850372,13.003876
1572434309768,1.9934692,1.3955078,11.773254
1572434309768,1.7061615,1.0698853,9.733398
1572434309768,1.5720825,1.5295715,7.9425354
1572434309768,1.7348938,2.19516,6.7933197
1572434309768,2.0317688,2.8128662,6.1085815
1572434309768,2.1323395,3.3348083,5.7877502
1572434309768,2.0269928,3.5838013,5.6153717
1572434309768,1.830658,3.5023956,5.4286194
1572434309768,1.6822205,3.2964935,5.3472137
1572434309768,1.4523773,3.3348083,5.572281
1572434309768,1.2129517,3.4210052,6.166031
1572434309868,1.2991486,3.1815796,6.3096924
1572434309868,1.1985931,2.7985077,6.012802
1572434309990,0.79637146,2.6404877,5.8164825
1572434309990,0.48033142,2.8176575,6.3096924
1572434309990,0.7197571,2.4776764,7.1524506
1572434309990,0.76763916,2.5447235,7.1093445
1572434309990,0.7628479,2.6979523,6.8555603
1572434309990,1.4859009,2.3196716,7.027954
1572434309990,1.6774292,2.5016174,7.8084564
1572434309990,0.7436981,2.8128662,8.991196
1572434309990,0.513855,3.1576385,10.585739
1572434310108,0.8490448,2.9613037,12.654327
1572434310108,1.533783,2.7506256,14.196182
1572434310108,1.6870117,2.8463898,14.78038
1572434310108,1.7301025,3.124115,14.354202
1572434310108,1.5385742,3.033142,12.855438
1572434310226,1.2991486,2.7266846,11.409332
1572434310226,0.32710266,3.1336975,10.461227
1572434310226,-2.110199,3.5215607,10.461227
1572434310226,-2.5794525,3.5359192,10.269699
1572434310226,-2.565094,3.392273,10.394196
1572434310349,-2.2682037,3.6604156,10.978378
1572434310349,-1.97612,3.4257812,11.280045
1572434310349,-3.0056305,3.124115,10.509125
1572434310349,-4.1404724,2.9086456,9.403
1572434310349,-3.929779,2.0898285,8.75177
1572434310469,-3.292923,2.2047424,8.842758
1572434310469,-2.8811188,2.5782318,8.550659
1572434310469,-2.929016,3.1863708,8.210678
1572434310469,-2.4693298,2.9948273,7.588196
1572434310469,-2.0575256,2.7889252,6.798111
1572434310470,-1.703186,2.9086456,6.9944305
1572434310470,-1.5547333,3.1528473,7.8707123
1572434310470,-2.272995,3.3395996,7.8611298
1572434310470,-2.5507202,3.4593048,7.229065
1572434310594,-1.8611908,3.033142,6.783737
1572434310594,-1.3392639,3.1193237,6.233078
1572434310594,-2.086258,3.598175,5.2514496
1572434310594,-2.3735504,3.622116,4.0974426
1572434310594,-2.3256683,3.392273,3.264267
