1572437350924,-2.5497284,3.2165833,8.747528
1572437350944,-2.1574707,3.8442078,9.492844
1572437350969,-1.9613342,3.9226532,10.081238
1572437350997,-2.5889587,3.3734894,9.767426
1572437351024,-3.1381226,2.7066345,9.100571
1572437351027,-3.5303955,2.4320526,8.943665
1572437351081,-2.7066345,2.5889587,8.943665
1572437351081,-1.4906158,2.7850952,8.825989
1572437351087,-0.58839417,2.8243103,9.139801
1572437351177,-0.19613647,2.7066345,10.316589
1572437351179,-0.86299133,2.07901,10.591187
1572437351179,-1.9613342,1.7651978,11.611069
1572437351179,-2.510498,2.1574707,11.689529
1572437351198,-0.7060852,1.7259674,11.454163
1572437351203,0.3530426,1.647522,10.669632
1572437351223,-0.15690613,1.6867371,10.002777
1572437351242,-0.50994873,1.1375732,10.042007
1572437351262,-1.2944794,0.39227295,9.688965
1572437351282,-0.50994873,0.78453064,9.492844
1572437351303,1.1768036,1.1375732,10.43428
1572437351323,2.2751465,1.4906158,9.767426
1572437351343,1.3729248,1.6867371,7.0215607
1572437351362,0.9022064,2.2359161,6.511612
1572437351382,0.9022064,2.1574707,7.2569275
1572437351403,0.0,1.8436432,9.492844
1572437351431,0.23536682,2.1182404,9.218246
1572437351441,1.0198975,2.4320526,9.022125
1572437351463,0.823761,2.3143768,9.06134
1572437351485,0.43148804,2.2359161,8.708313
1572437351510,0.07846069,1.8044281,9.139801
1572437351530,0.58839417,1.647522,9.885101
1572437351542,1.8044281,1.9613342,9.218246
1572437351564,5.687851,0.07846069,7.217697
1572437351581,3.0989075,1.6082916,6.0408936
1572437351608,1.6867371,2.3143768,4.981781
1572437351632,2.353592,2.7458649,5.1779175
1572437351670,2.902771,2.471283,6.23703
1572437351672,2.4320526,2.07901,7.2961426
1572437351689,1.7651978,0.5491791,7.178467
1572437351702,-0.07846069,-3.2950287,4.589508
1572437351747,-4.6679688,-3.5696259,7.649185
1572437351747,-3.8442078,-4.7856445,1.1768036
1572437351787,-1.2160187,-5.8839874,-2.1966858
1572437351794,2.3143768,-7.178467,-5.0602264
1572437351805,3.2950287,-11.689529,-8.590622
1572437351826,6.629303,-14.082352,-5.413269
1572437351840,6.903885,-15.729874,2.5497284
1572437351861,-0.19613647,-19.49562,8.669083
1572437351885,-15.808319,-25.418839,14.160797
1572437351900,-28.164703,-25.301163,20.123245
1572437351919,-27.301712,-20.633194,22.672974
1572437351939,-23.104477,-14.984558,21.300049
1572437351959,-21.731537,-11.571854,19.49562
1572437351981,-20.947006,-8.943665,20.437057
1572437352000,-19.613297,-6.1193542,24.045914
1572437352019,-2.902771,0.31381226,21.849213
1572437352038,-1.2160187,-1.0983429,20.986237
1572437352069,-9.022125,-4.3541565,17.808884
1572437352085,-9.806656,-7.060791,7.9629974
1572437352101,-10.512726,-6.511612,2.8635406
1572437352119,-5.4524994,-4.1187897,-2.510498
1572437352138,-2.0397797,-3.4127197,-4.3541565
1572437352180,-6.1193542,-1.4513855,0.5491791
1572437352180,-12.51329,-2.9812164,2.1966858
1572437352199,-9.453613,-4.2364655,0.86299133
1572437352218,-6.472397,-6.7077484,0.15690613
1572437352245,-4.9425507,-9.3359375,-1.0198975
1572437352258,-2.3928223,-10.120468,-5.256363
1572437352277,-3.1381226,-8.35527,-2.4320526
1572437352298,-6.23703,-6.8646545,0.823761
1572437352323,-8.31604,-6.393936,2.1574707
1572437352337,-8.669083,-5.3348236,2.3928223
1572437352357,-8.747528,-4.432602,0.9022064
1572437352378,-10.238144,-4.275696,-0.19613647
1572437352398,-11.258041,-4.824875,-0.58839417
1572437352433,-14.435394,-8.119904,-1.0983429
1572437352436,-12.5525055,-8.865219,-0.19613647
1572437352457,-12.630966,-8.5121765,0.31381226
1572437352477,-11.611069,-6.001663,0.07846069
1572437352496,-10.630417,-3.726532,-0.7060852
1572437352518,-10.591187,-2.0005493,-1.9221039
1572437352536,-9.022125,-0.5491791,-3.177353
1572437352556,-4.393387,2.1966858,-1.6867371
1572437352576,-1.3729248,3.9618835,0.43148804
1572437352596,-3.0204468,3.608841,1.5298309
1572437352615,-4.2364655,3.334259,2.3928223
1572437352636,-4.589508,1.647522,0.3530426
1572437352656,-6.080124,-0.50994873,-0.7060852
1572437352677,-6.1977997,-1.0591125,-0.7060852
1572437352695,-4.981781,-1.2944794,-0.11767578
1572437352715,-1.4121552,-2.510498,0.43148804
1572437352735,-1.8436432,-5.844757,0.823761
1572437352755,-22.633743,-9.688965,0.58839417
1572437352774,-20.476288,-9.06134,3.0596771
1572437352795,-11.571854,-7.5315094,3.608841
1572437352814,-5.7270813,-6.3154907,2.07901
1572437352834,-3.0989075,-5.805542,1.7259674
1572437352854,-0.58839417,-4.9033203,4.2364655
1572437352874,-2.3928223,-6.786209,4.001114
1572437352893,-7.2961426,-8.27681,7.8060913
1572437352914,-13.062454,-9.100571,9.453613
1572437352933,-14.55307,-7.609955,10.39505
1572437352954,-11.336487,-6.472397,8.002228
1572437352974,-6.9823303,-4.432602,4.1972504
1572437352993,-1.4121552,-3.8442078,2.1182404
1572437353013,-0.7060852,-5.8839874,-0.19613647
1572437353034,-0.31381226,-7.5707397,0.19613647
1572437353053,-6.472397,-5.138687,-3.9618835
1572437353073,-3.2558136,-9.296707,-0.6276245
1572437353092,-1.647522,-11.72876,2.6674042
1572437353112,-0.66685486,-12.081787,3.334259
1572437353132,-0.78453064,-11.022675,3.0596771
1572437353160,0.7453003,-10.35582,2.8635406
1572437353173,1.0591125,-9.492844,3.765747
1572437353192,-0.2745819,-7.923767,2.5889587
1572437353214,-2.1182404,-6.393936,2.07901
1572437353232,-2.4320526,-5.844757,1.7651978
1572437353253,-1.3729248,-6.511612,2.1574707
1572437353272,-0.23536682,-7.2569275,2.9420013
1572437353291,0.66685486,-12.081787,2.3143768
1572437353311,-0.78453064,-16.788986,-0.2745819
1572437353331,-1.4906158,-16.788986,-0.5491791
1572437353371,-3.6873016,-13.768539,-1.7651978
1572437353372,-3.4519348,-11.807205,-3.2950287
1572437353391,-2.353592,-10.551956,-4.1187897
1572437353413,-1.0198975,-9.963562,-4.393387
1572437353435,-0.47071838,-9.375153,-3.4127197
1572437353452,-1.0983429,-7.492279,-0.07846069
1572437353470,-4.707199,-5.0210114,14.043121
1572437353491,-3.4519348,-3.8049774,14.200027
1572437353512,1.8436432,-1.5690613,2.0005493
1572437353530,-3.1381226,-3.177353,7.335373
1572437353551,-5.923218,-8.551407,3.608841
1572437353570,-7.217697,-10.277374,4.314926
1572437353592,-7.217697,-10.787323,0.6276245
1572437353610,-5.3740387,-10.512726,1.1768036
1572437353630,-5.0602264,-9.453613,0.9022064
1572437353649,-6.5900726,-11.179581,0.58839417
1572437353677,-8.394485,-14.709976,-0.2745819
1572437353689,-7.4138336,-16.082901,0.11767578
1572437353709,-6.4331665,-15.141464,0.31381226
1572437353729,-6.9823303,-15.023788,0.31381226
1572437353749,-6.3154907,-16.55362,-0.823761
1572437353769,-6.786209,-20.319382,-1.8044281
1572437353789,-6.1193542,-24.90889,-2.4320526
1572437353810,-7.1000214,-28.36084,-2.0397797
1572437353829,-8.825989,-29.459183,-2.9812164
1572437353848,-7.727646,-24.595078,-3.4127197
1572437353870,-6.903885,-17.808884,-2.7850952
1572437353889,-4.6287384,-11.218811,-0.39227295
1572437353912,-9.924332,-4.981781,20.162476
1572437353931,-10.983444,-2.0005493,9.06134
1572437353949,-10.865768,-1.2160187,3.6873016
1572437353968,-7.727646,-0.823761,5.0602264
1572437353988,-4.393387,0.11767578,2.353592
1572437354007,-2.0005493,0.86299133,0.039230347
1572437354027,-0.5491791,0.43148804,-0.2745819
1572437354049,-0.039230347,-0.039230347,-0.5491791
1572437354067,0.19613647,-0.58839417,-0.9806671
1572437354087,0.7453003,-0.86299133,-1.4121552
1572437354107,2.07901,-1.3337097,-4.746414
1572437354127,2.3928223,-1.6082916,-7.8060913
1572437354147,2.0397797,-1.9221039,-8.433716
1572437354166,1.0983429,-1.8828735,-6.354706
1572437354187,0.39227295,-1.2160187,-4.314926
1572437354206,0.86299133,-0.31381226,-3.0204468
1572437354226,1.1375732,0.07846069,-1.9613342
1572437354247,1.647522,0.23536682,-1.3337097
1572437354266,2.0005493,0.039230347,-1.2160187
1572437354286,2.0397797,-0.5491791,-1.0591125
1572437354306,1.8044281,-1.1768036,-0.823761
1572437354326,1.7651978,-1.647522,-0.58839417
1572437354346,-12.709427,-4.981781,37.500626
1572437354370,-25.379608,-25.458069,27.733215
1572437354386,-26.791763,-34.83322,24.94812
1572437354406,-10.35582,-38.873566,9.532059
1572437354426,-5.0210114,-24.045914,-1.2160187
1572437354446,-1.647522,-14.356934,-3.726532
1572437354465,-3.883438,-14.670746,-3.334259
1572437354485,-3.4911652,-23.496735,-5.0210114
1572437354505,-5.1779175,-28.635422,-0.15690613
1572437354525,-2.510498,-24.398941,-0.3530426
1572437354545,-1.3337097,-23.300598,0.66685486
1572437354565,-1.1375732,-25.026566,-0.43148804
1572437354585,-2.471283,-30.753662,-0.23536682
1572437354604,-6.354706,-30.753662,-2.471283
1572437354625,-7.8453217,-23.379059,-2.07901
1572437354644,-6.23703,-14.5923,-1.8436432
1572437354665,-4.0795593,-7.766861,-0.2745819
1572437354687,-5.844757,-3.2165833,10.904999
1572437354711,-8.35527,-1.0983429,12.121017
1572437354724,-7.766861,-0.7060852,11.72876
1572437354744,-4.0795593,-1.6082916,8.31604
1572437354767,-1.255249,-1.255249,3.8049774
1572437354785,-0.43148804,-0.19613647,1.5690613
1572437354803,-0.58839417,0.3530426,0.43148804
1572437354824,-0.7060852,0.50994873,-0.3530426
1572437354843,-0.58839417,0.58839417,-1.0983429
1572437354866,-0.66685486,0.5491791,-2.3143768
1572437354883,-0.7453003,0.47071838,-2.9812164
1572437354903,-0.31381226,0.39227295,-2.8635406
1572437354923,0.07846069,0.2745819,-2.6674042
1572437354943,0.2745819,0.19613647,-2.4320526
1572437354962,0.39227295,0.0,-1.9613342
1572437354982,0.47071838,-0.23536682,-1.7259674
1572437355003,0.50994873,-0.50994873,-1.5690613
1572437355023,0.47071838,-0.66685486,-1.6082916
1572437355043,0.43148804,-0.50994873,-1.1768036
1572437355062,0.23536682,-0.19613647,-0.78453064
1572437355082,0.039230347,-0.11767578,-0.31381226
1572437355103,-0.23536682,-0.039230347,0.23536682
1572437355123,-4.550293,-3.0989075,8.904434
1572437355142,-2.5889587,-4.550293,3.2165833
1572437355162,-11.375717,-38.324387,-5.413269
1572437355182,-9.767426,-45.69899,-15.180695
1572437355203,-6.668518,-22.90834,0.039230347
1572437355221,3.334259,-21.809998,9.3359375
1572437355241,-2.510498,-32.4404,1.8436432
1572437355262,-4.1187897,-30.753662,1.255249
1572437355282,-1.3337097,-25.379608,-0.11767578
1572437355301,1.4906158,-23.379059,-0.7060852
1572437355321,1.7651978,-25.222702,-1.2944794
1572437355341,-1.4513855,-29.02768,-2.07901
1572437355362,-6.0408936,-26.007233,-4.040344
1572437355381,-6.668518,-20.201706,-2.471283
1572437355402,-5.687851,-13.4939575,-1.647522
1572437355420,-4.393387,-7.727646,-1.5690613
1572437355441,-4.314926,-3.765747,-0.31381226
1572437355460,-7.2961426,-0.9806671,7.609955
1572437355481,-9.492844,-1.255249,4.1187897
1572437355501,-7.178467,-2.0005493,11.767975
1572437355521,-3.334259,-0.47071838,8.237579
1572437355539,-1.9221039,-0.19613647,4.0795593
1572437355560,-1.255249,-0.31381226,1.7259674
1572437355580,-0.50994873,-0.39227295,-0.039230347
1572437355599,0.50994873,-0.47071838,-1.7651978
1572437355620,3.2558136,-0.39227295,-5.099457
1572437355639,6.5900726,-0.39227295,-7.217697
1572437355659,5.7270813,-1.3337097,-8.119904
1572437355679,3.9618835,-1.6082916,-7.609955
1572437355699,2.7458649,-0.78453064,-5.4917297
1572437355719,1.8044281,0.0,-3.4519348
1572437355739,1.0983429,0.50994873,-2.4320526
1572437355759,0.43148804,0.6276245,-1.9613342
1572437355779,0.039230347,0.50994873,-1.1768036
1572437355798,-0.15690613,0.07846069,-0.7060852
1572437355818,-0.11767578,-0.15690613,-0.43148804
1572437355838,-0.23536682,-0.23536682,-0.19613647
1572437355859,-1.2944794,-0.23536682,2.7066345
1572437355879,-6.943115,-1.647522,1.2944794
1572437355898,-14.474609,-7.5707397,-7.649185
1572437355918,-22.241486,-43.816116,-11.571854
1572437355938,-19.417175,-35.500076,-11.022675
1572437355958,-9.06134,-24.673538,-3.177353
1572437355977,-4.275696,-27.223267,4.4718323
1572437356000,-2.1574707,-32.361954,9.414383
1572437356019,-0.15690613,-28.047028,4.0795593
1572437356039,1.3337097,-25.4973,0.9022064
1572437356059,1.7651978,-30.518295,0.39227295
1572437356079,1.0591125,-35.656982,-0.23536682
1572437356097,-2.7458649,-32.205048,-0.94143677
1572437356118,-5.4917297,-24.90889,-3.9618835
1572437356139,-5.138687,-15.4552765,-7.3746033
1572437356156,-4.040344,-9.022125,-6.2762604
1572437356176,-2.2359161,-4.9425507,-2.6674042
1572437356196,-2.1182404,-2.0005493,-1.4121552
1572437356218,-4.15802,0.15690613,-0.31381226
1572437356238,-7.727646,-1.3337097,3.9226532
1572437356256,-6.1977997,-0.23536682,7.6884155
1572437356276,-3.2950287,1.7259674,6.1585693
1572437356296,-1.7651978,3.2558136,4.1972504
1572437356317,-1.3337097,3.177353,3.8049774
1572437356338,-0.50994873,2.0397797,3.6480713
1572437356356,-0.23536682,1.0591125,2.7066345
1572437356375,-0.31381226,0.31381226,1.4906158
1572437356397,-0.50994873,-0.07846069,0.6276245
1572437356415,-0.39227295,-0.2745819,0.11767578
1572437356436,-0.19613647,-0.19613647,-0.07846069
1572437356455,-0.23536682,-0.11767578,-0.19613647
1572437356477,-0.19613647,-0.07846069,-0.23536682
1572437356496,-0.19613647,-0.07846069,-0.39227295
1572437356514,-0.07846069,-0.23536682,-0.823761
1572437356534,0.2745819,-0.43148804,-1.647522
1572437356554,1.2160187,-0.7060852,-2.6674042
1572437356574,1.7651978,-1.0983429,-3.608841
1572437356594,1.4513855,-0.43148804,-5.0602264
1572437356616,0.15690613,-1.5298309,-4.981781
1572437356636,-0.78453064,-3.5696259,-3.334259
1572437356656,-20.593964,-36.363068,-17.18126
1572437356675,-26.2426,-43.502304,-17.024338
1572437356694,-16.710526,-26.360275,0.39227295
1572437356715,-10.316589,-36.794556,10.316589
1572437356734,-12.51329,-36.245377,5.648636
1572437356754,-6.943115,-30.989014,1.647522
1572437356773,-1.8828735,-26.321045,-1.6082916
1572437356793,-0.039230347,-29.223816,-2.8243103
1572437356813,-2.07901,-34.362503,-3.883438
1572437356834,-1.4121552,-30.832108,-8.159134
1572437356853,-1.4906158,-23.104477,-9.963562
1572437356874,-2.2751465,-15.965225,-6.7469788
1572437356892,-2.6674042,-9.571289,-3.6480713
1572437356914,-2.902771,-4.6287384,-2.510498
1572437356933,-3.4519348,-1.3729248,4.0795593
1572437356953,-11.101135,0.6276245,9.453613
1572437356972,-10.238144,-0.15690613,7.766861
1572437356992,-4.9425507,0.31381226,4.1187897
1572437357012,-1.2160187,1.1768036,4.7856445
1572437357032,0.86299133,1.4906158,5.844757
1572437357052,0.7060852,1.0198975,3.726532
1572437357072,0.58839417,0.58839417,2.1574707
1572437357092,0.43148804,0.39227295,1.0591125
1572437357113,0.39227295,0.3530426,0.39227295
1572437357133,0.15690613,0.15690613,-0.47071838
1572437357151,-0.039230347,0.15690613,-0.7453003
1572437357172,-0.11767578,0.23536682,-0.78453064
1572437357192,-0.2745819,0.15690613,-0.78453064
1572437357211,-0.15690613,0.23536682,-0.6276245
1572437357231,-0.19613647,0.19613647,-0.39227295
1572437357251,-0.19613647,0.039230347,-0.19613647
1572437357270,-0.19613647,-0.11767578,-0.07846069
1572437357291,-0.23536682,-0.23536682,-0.039230347
1572437357310,-0.2745819,-0.31381226,-0.15690613
1572437357331,-0.2745819,-0.31381226,-0.31381226
1572437357350,-0.9806671,-0.66685486,-1.3729248
1572437357370,-1.7259674,-2.6674042,-0.86299133
1572437357390,-2.7458649,-14.945343,-2.0005493
1572437357410,-3.726532,-47.503418,-14.278488
1572437357431,-5.8839874,-36.08847,-14.239258
1572437357450,-2.7850952,-27.57631,-1.8436432
1572437357469,-5.7270813,-31.812775,8.551407
1572437357489,-3.4127197,-33.931015,8.982895
1572437357509,-0.2745819,-30.008347,5.099457
1572437357529,2.7850952,-27.733215,1.5690613
1572437357549,4.550293,-30.047577,-1.4121552
1572437357570,3.883438,-30.753662,-5.0210114
1572437357592,2.0397797,-27.81166,-5.923218
1572437357608,-1.9613342,-20.633194,-8.786758
1572437357629,-3.726532,-14.749207,-5.4917297
1572437357649,-4.3541565,-8.708313,-3.0596771
1572437357670,-4.432602,-3.8442078,-2.1182404
1572437357688,-7.609955,-0.43148804,1.2160187
1572437357708,-12.670197,1.3337097,5.138687
1572437357728,-9.924332,-0.3530426,6.472397
1572437357748,-6.4331665,-0.07846069,4.001114
1572437357768,-3.4127197,1.6082916,3.8049774
1572437357788,-0.15690613,1.3729248,7.6884155
1572437357808,0.39227295,0.86299133,5.530945
1572437357828,0.3530426,0.5491791,3.334259
1572437357848,0.07846069,0.39227295,1.7651978
1572437357868,-0.19613647,0.23536682,0.7060852
1572437357889,-0.11767578,0.07846069,0.039230347
1572437357907,-0.11767578,-0.11767578,-0.2745819
1572437357929,-0.039230347,-0.039230347,-0.66685486
1572437357947,0.039230347,0.0,-0.9806671
1572437357967,0.19613647,0.11767578,-1.6082916
1572437357987,0.43148804,0.11767578,-2.1182404
1572437358008,0.58839417,-0.07846069,-2.0005493
1572437358028,0.58839417,-0.5491791,-2.0397797
1572437358047,0.47071838,-0.78453064,-2.0005493
1572437358066,0.3530426,-0.78453064,-1.8044281
1572437358088,0.31381226,-0.9806671,-2.0005493
1572437358106,-1.3337097,-1.2944794,-4.393387
1572437358126,-3.0596771,-3.3734894,-3.8442078
1572437358146,-3.4519348,-17.651978,-3.883438
1572437358168,-18.907227,-48.837112,-17.41661
1572437358188,-17.88733,-37.971344,-13.297821
1572437358207,-6.7077484,-29.616089,3.1381226
1572437358226,1.1768036,-30.832108,21.966904
1572437358246,-2.9812164,-28.596191,10.43428
1572437358265,-4.824875,-31.420502,4.981781
1572437358285,-2.2751465,-27.57631,2.1966858
1572437358305,-0.86299133,-29.263046,-0.15690613
1572437358328,-0.86299133,-32.675766,-2.7458649
1572437358345,-1.7651978,-30.40062,-3.726532
1572437358364,-3.3734894,-24.398941,-6.001663
1572437358390,-4.864105,-18.044235,-8.119904
1572437358404,-4.393387,-11.924881,-5.962448
1572437358424,-3.0989075,-6.4331665,-3.3734894
1572437358444,-2.3143768,-2.7458649,-2.3928223
1572437358464,-1.8828735,0.6276245,-2.353592
1572437358486,-8.747528,-0.7060852,3.5696259
1572437358506,-11.258041,-1.0591125,5.7270813
1572437358524,-8.002228,1.4906158,4.040344
1572437358544,-5.138687,2.7850952,2.7066345
1572437358563,-1.0591125,3.8442078,6.786209
1572437358585,-0.11767578,3.334259,5.648636
1572437358603,-0.15690613,2.07901,4.393387
1572437358625,-0.2745819,0.9022064,2.902771
1572437358645,-0.3530426,0.07846069,1.4513855
1572437358665,-0.07846069,-0.3530426,0.3530426
1572437358685,0.43148804,-0.6276245,-0.19613647
1572437358705,1.7259674,-1.0591125,-0.94143677
1572437358723,2.2359161,-1.0591125,-2.5497284
1572437358742,2.5497284,-1.2160187,-2.9812164
1572437358762,2.1574707,-1.4906158,-2.5889587
1572437358784,1.7651978,-1.9221039,-2.07901
1572437358804,1.647522,-2.2359161,-1.7651978
1572437358822,1.3337097,-2.1574707,-1.5690613
1572437358844,1.3729248,-1.8436432,-2.0005493
1572437358864,1.647522,-0.66685486,-3.883438
1572437358884,-0.43148804,-0.3530426,-4.432602
1572437358904,-4.1972504,-4.824875,5.3740387
1572437358924,-18.161911,-19.730988,-9.963562
1572437358942,-13.846985,-49.464737,-13.729309
1572437358963,-12.5525055,-33.656418,-9.885101
1572437358983,-11.924881,-26.94867,-6.472397
1572437359003,-12.199478,-29.263046,-1.8436432
1572437359022,-5.2171326,-28.596191,0.31381226
1572437359042,1.4121552,-22.359161,3.8049774
1572437359063,3.9618835,-23.182922,5.256363
1572437359081,4.393387,-34.244827,4.7856445
1572437359103,2.1182404,-35.617752,2.5497284
1572437359122,-1.8436432,-29.537628,-0.19613647
1572437359140,-5.138687,-22.359161,-2.3143768
1572437359162,-8.198364,-14.435394,-5.2955933
1572437359182,-8.590622,-8.825989,-6.472397
1572437359202,-6.943115,-5.4524994,-5.256363
1572437359221,-6.2762604,-1.647522,-3.6480713
1572437359241,-3.726532,-0.039230347,-2.1966858
1572437359260,-2.7850952,2.2359161,-3.2165833
1572437359282,-4.3541565,5.099457,-0.2745819
1572437359301,0.6276245,0.19613647,-2.0005493
1572437359322,-0.39227295,-2.8635406,-5.099457
1572437359341,-2.510498,-3.0204468,-2.0397797
1572437359360,-2.902771,-2.510498,0.9022064
1572437359381,-3.883438,-1.4121552,9.806656
1572437359399,-3.3734894,-0.31381226,7.649185
1572437359421,-2.353592,0.31381226,4.275696
1572437359439,-1.3729248,0.6276245,2.3928223
1572437359461,-0.7060852,0.58839417,1.2160187
1572437359479,-0.39227295,0.43148804,0.5491791
1572437359500,-0.19613647,0.2745819,0.15690613
1572437359519,-0.19613647,0.11767578,-0.23536682
1572437359540,-0.039230347,-0.07846069,-0.2745819
1572437359559,-0.07846069,-0.2745819,-0.2745819
1572437359580,-0.07846069,-0.5491791,-0.19613647
1572437359599,-0.11767578,-0.7060852,-0.31381226
1572437359620,-0.39227295,-0.7453003,-0.9806671
1572437359640,-0.9806671,-0.15690613,-2.2751465
1572437359659,-1.8044281,-0.9022064,-1.9613342
1572437359677,-2.3143768,-4.393387,-2.3143768
1572437359699,-9.885101,-36.91223,-15.729874
1572437359719,-5.844757,-50.602325,-25.575745
1572437359737,-7.3746033,-32.04814,-27.497849
1572437359757,-10.904999,-39.893448,-1.3729248
1572437359777,-20.554733,-39.22661,39.344284
1572437359797,-14.317703,-32.832672,20.75087
1572437359819,-7.178467,-30.008347,9.3359375
1572437359839,-0.43148804,-29.10614,0.23536682
1572437359858,1.8044281,-30.204483,-2.9812164
1572437359879,1.8828735,-31.538193,-4.4718323
1572437359898,-0.7060852,-29.616089,-5.3348236
1572437359918,-4.550293,-26.28183,-8.002228
1572437359937,-6.629303,-19.730988,-9.100571
1572437359961,-6.001663,-12.5525055,-5.8839874
1572437359976,-3.6873016,-6.786209,-2.5497284
1572437359995,-2.3143768,-2.7458649,-1.2944794
1572437360015,-1.4513855,1.1375732,-1.7259674
1572437360037,-4.9425507,-0.039230347,4.040344
1572437360057,-5.962448,-0.47071838,6.23703
1572437360078,-3.765747,1.0983429,6.1585693
1572437360097,-2.1574707,1.6867371,5.2955933
1572437360117,-2.7458649,1.6082916,2.0397797
1572437360137,-1.8044281,0.7060852,0.50994873
1572437360157,0.11767578,-0.39227295,2.7066345
1572437360177,3.2165833,-1.4121552,9.257477
1572437360197,2.5889587,-1.3337097,6.3154907
1572437360216,1.5690613,-0.5491791,3.4911652
1572437360235,0.7453003,0.039230347,1.4513855
1572437360256,0.23536682,0.5491791,0.3530426
1572437360276,0.0,0.9806671,-0.19613647
1572437360295,-0.15690613,1.255249,-0.58839417
1572437360315,-0.11767578,1.4906158,-0.94143677
1572437360334,0.0,1.6082916,-1.1375732
1572437360356,0.31381226,1.1375732,-1.255249
1572437360374,0.2745819,0.3530426,-1.255249
1572437360394,0.23536682,-0.2745819,-1.6082916
1572437360414,-0.19613647,-0.39227295,-2.471283
1572437360435,-1.5690613,0.11767578,-5.413269
1572437360455,-2.1574707,-1.5298309,-3.9226532
1572437360475,-6.1585693,-6.668518,-9.100571
1572437360495,-16.828217,-43.345398,-11.885666
1572437360515,-13.729309,-38.24594,-16.749756
1572437360535,-7.217697,-30.989014,-6.786209
1572437360555,-3.765747,-39.265823,36.63765
1572437360576,0.039230347,-36.402283,24.595078
1572437360592,1.9613342,-30.714432,12.395599
1572437360007,4.1972504,-30.792877,5.962448
1572437360027,5.1779175,-35.57852,1.255249
1572437360052,1.9221039,-34.205597,-2.510498
1572437360068,-2.9420013,-26.830994,-6.080124
1572437360091,-4.9425507,-20.476288,-7.4530487
1572437360107,-6.0408936,-13.337051,-6.4331665
1572437360126,-5.7663116,-7.5315094,-4.1187897
1572437360148,-7.4138336,-2.4320526,-2.7066345
1572437360167,-6.0408936,2.3928223,-6.1585693
1572437360186,-5.648636,0.11767578,1.6867371
1572437360206,-1.8436432,-1.1768036,8.394485
1572437360226,1.6867371,0.7453003,8.35527
1572437360246,1.4906158,1.6867371,6.1585693
1572437360266,0.23536682,1.5690613,3.883438
1572437360287,0.15690613,1.3729248,2.353592
1572437360306,0.3530426,1.0983429,1.4121552
1572437360326,0.2745819,0.7060852,0.7453003
1572437360345,0.039230347,0.43148804,0.39227295
1572437360365,0.15690613,0.07846069,0.15690613
1572437360385,0.19613647,-0.07846069,-0.23536682
1572437360405,0.3530426,-0.039230347,-0.66685486
1572437360427,0.43148804,0.07846069,-0.94143677
1572437360446,0.50994873,0.11767578,-1.2160187
1572437360465,0.39227295,0.15690613,-1.0983429
1572437360485,0.6276245,0.11767578,-1.0198975
1572437360505,0.6276245,0.0,-0.94143677
1572437360531,0.43148804,-0.23536682,-0.823761
1572437360546,0.23536682,-0.39227295,-0.43148804
1572437360565,0.19613647,-0.5491791,-0.23536682
1572437360589,-0.23536682,-0.7060852,-0.39227295
1572437360604,-0.58839417,-2.0397797,-0.23536682
1572437360626,-14.55307,-23.967453,-8.433716
1572437360644,-3.883438,-52.01448,-16.279037
1572437360664,-6.23703,-34.04869,-20.75087
1572437360684,-4.707199,-32.244263,-10.748093
1572437360703,-11.218811,-38.24594,1.2944794
1572437360723,-15.533737,-31.93045,17.730423
1572437360743,-5.1779175,-22.79065,22.516068
1572437360763,-1.2944794,-21.103912,11.218811
1572437360783,2.7850952,-26.9879,4.1972504
1572437360803,2.7850952,-34.04869,0.19613647
1572437360823,1.2160187,-33.891785,-2.3143768
1572437360843,0.5491791,-27.693985,-6.472397
1572437360863,-5.7270813,-20.75087,-15.729874
1572437360883,-5.687851,-15.219925,-12.5525055
1572437360902,-4.3541565,-7.9629974,-8.551407
1572437360922,-2.353592,-3.3734894,-4.3541565
1572437360942,-1.1375732,-0.9022064,-1.9221039
1572437360962,-0.43148804,0.43148804,9.845871
1572437360982,-4.9033203,-0.2745819,8.590622
1572437361004,-4.981781,0.7453003,2.9812164
1572437361024,-4.0795593,2.4320526,3.6873016
1572437361042,-2.628189,2.8635406,7.0215607
1572437361064,-2.510498,2.5889587,5.805542
1572437361084,-1.7651978,1.7651978,3.1381226
1572437361104,-1.0983429,0.9806671,1.2944794
1572437361123,-0.58839417,0.43148804,0.3530426
1572437361143,-0.39227295,0.19613647,-0.19613647
1572437361162,-0.19613647,-0.039230347,-0.50994873
1572437361184,0.31381226,-0.2745819,-1.1768036
1572437361201,1.5298309,-0.6276245,-1.4121552
1572437361221,3.608841,-1.0591125,-2.1966858
1572437361243,3.726532,-0.78453064,-2.7066345
1572437361262,2.7458649,-0.2745819,-2.5497284
1572437361281,1.6082916,0.039230347,-2.1574707
1572437361301,1.0198975,0.2745819,-1.8436432
1572437361320,0.94143677,0.58839417,-1.6082916
1572437361340,0.58839417,0.78453064,-2.07901
1572437361363,-3.4911652,-4.0795593,8.708313
1572437361380,-6.903885,-6.4331665,0.58839417
1572437361400,-11.767975,-43.227722,-8.002228
1572437361420,-7.884552,-27.81166,-25.771881
1572437361440,-6.2762604,-18.358047,-15.023788
1572437361461,-4.707199,-26.28183,-5.0210114
1572437361480,-7.3746033,-35.85312,1.0198975
1572437361500,1.4121552,-27.968567,7.4530487
1572437361519,4.6287384,-23.300598,7.9629974
1572437361541,6.1585693,-29.733765,5.844757
1572437361561,4.7856445,-35.970795,4.4718323
1572437361581,1.9613342,-31.89122,2.628189
1572437361599,-3.8049774,-25.340393,-1.4906158
1572437361620,-8.27681,-17.495071,-5.923218
1572437361641,-7.766861,-10.277374,-4.746414
1572437361660,-8.747528,-3.6480713,-4.550293
1572437361681,-10.748093,1.6867371,-5.3740387
1572437361701,-11.924881,-3.8049774,6.943115
1572437361719,-2.5889587,-3.4127197,11.493393
1572437361740,2.3928223,-0.47071838,9.963562
1572437361760,1.255249,0.66685486,6.001663
1572437361780,0.11767578,0.78453064,2.7458649
1572437361798,-0.2745819,0.78453064,0.5491791
1572437361818,-0.6276245,0.94143677,-0.50994873
1572437361840,-0.5491791,0.9806671,-0.94143677
1572437361859,-0.43148804,0.94143677,-1.1375732
1572437361880,-0.47071838,0.86299133,-1.1768036
1572437361898,0.23536682,0.7060852,-2.0005493
1572437361918,0.9806671,0.47071838,-2.0005493
1572437361939,1.4906158,0.23536682,-1.8044281
1572437361959,1.5690613,0.07846069,-1.4121552
1572437361979,1.4906158,-0.11767578,-0.94143677
1572437361997,1.3337097,-0.3530426,-0.58839417
1572437362019,1.0591125,-0.31381226,-0.31381226
1572437362038,0.78453064,-0.039230347,-0.23536682
1572437362058,0.23536682,-0.07846069,-0.07846069
1572437362078,0.15690613,-0.2745819,-0.15690613
1572437362096,0.0,-0.66685486,-1.2944794
1572437362117,-0.07846069,-1.4513855,-1.0591125
1572437362619,-3.9226532,-11.336487,-10.39505
1572437362619,5.8839874,-45.69899,-24.516632
1572437362619,-1.5690613,-32.71498,-15.572968
1572437362619,-3.2558136,-25.771881,-11.611069
1572437362619,-14.317703,-37.108368,4.3541565
1572437362619,-14.984558,-36.441513,18.279602
1572437362621,-5.413269,-26.556412,13.650864
1572437362621,-0.86299133,-23.575195,7.766861
1572437362621,2.9420013,-30.243713,3.2165833
1572437362621,1.1768036,-35.656982,1.255249
1572437362621,-0.31381226,-32.165817,-3.6480713
1572437362621,-5.0602264,-25.771881,-8.551407
1572437362621,-5.648636,-20.280151,-9.375153
1572437362621,-5.530945,-13.533173,-7.335373
1572437362621,-6.1585693,-6.7077484,-5.962448
1572437362621,-7.2569275,-1.8436432,-3.6873016
1572437362623,-7.6884155,0.94143677,-2.0397797
1572437362623,-6.668518,2.0397797,-2.7850952
1572437362623,-3.8049774,0.66685486,-0.15690613
1572437362623,-3.177353,0.7453003,3.4127197
1572437362623,-3.6873016,1.3337097,4.824875
1572437362624,-1.9613342,1.5690613,6.1585693
1572437362624,1.0198975,1.0198975,6.23703
1572437362624,1.7259674,0.43148804,4.864105
1572437362624,2.8635406,-0.31381226,3.6480713
1572437362633,3.8049774,-1.0983429,2.8243103
1572437362654,2.471283,-0.823761,1.6082916
1572437362673,1.7651978,-0.43148804,0.78453064
1572437362693,1.4906158,-0.07846069,0.11767578
1572437362713,1.1375732,0.3530426,-0.2745819
1572437362733,0.58839417,0.47071838,-0.50994873
1572437362752,0.039230347,0.6276245,-0.66685486
1572437362772,-0.2745819,0.15690613,-0.66685486
1572437362792,-0.39227295,-0.2745819,-0.39227295
1572437362812,-0.78453064,-0.7060852,-0.50994873
1572437362832,-1.0198975,-0.9022064,-0.78453064
1572437362852,-4.275696,-0.78453064,-1.3729248
1572437362872,-3.5303955,-2.3143768,-1.4121552
1572437362892,-2.1574707,-5.8839874,-3.2558136
1572437362912,-9.610519,-42.953125,-12.238693
1572437362931,-6.080124,-35.186264,-15.847549
1572437362951,-1.5690613,-26.20337,-10.4734955
1572437362972,-2.1182404,-39.42273,-6.1585693
1572437362991,-10.120468,-33.69565,32.950348
1572437363011,-6.354706,-26.164139,17.41661
1572437363031,-1.5298309,-25.105026,8.669083
1572437363051,2.9420013,-28.635422,2.902771
1572437363071,3.177353,-33.028793,-0.23536682
1572437363091,0.78453064,-34.323273,-0.823761
1572437363111,-2.628189,-29.302277,-4.4718323
1572437363131,-6.5900726,-23.849777,-12.003342
1572437363151,-10.865768,-18.397278,-15.494507
1572437363170,-8.5121765,-11.924881,-10.4734955
1572437363190,-5.2955933,-6.9823303,-5.0210114
1572437363210,-3.4127197,-2.6674042,-1.9613342
1572437363230,-3.6873016,-0.3530426,-4.3541565
1572437363250,-6.3154907,-1.255249,2.7850952
1572437363270,-4.824875,-0.86299133,4.275696
1572437363290,-2.471283,0.15690613,3.334259
1572437363310,-4.001114,2.9420013,11.14035
1572437363329,-2.902771,2.8635406,9.767426
1572437363349,-1.4906158,1.9221039,5.7663116
1572437363371,-0.5491791,1.2160187,3.2165833
1572437363389,0.31381226,0.94143677,1.4513855
1572437363409,0.66685486,0.9806671,0.39227295
1572437363429,0.7453003,0.823761,-0.43148804
1572437363449,0.6276245,0.66685486,-0.86299133
1572437363469,0.47071838,0.50994873,-0.94143677
1572437363489,0.39227295,0.2745819,-0.7060852
1572437363508,0.86299133,0.039230347,-0.3530426
1572437363786,1.2160187,-0.11767578,-0.039230347
1572437363786,0.9806671,-0.15690613,-0.11767578
1572437363786,0.50994873,-0.07846069,-0.2745819
1572437363786,0.07846069,0.07846069,-0.47071838
1572437363786,-0.31381226,0.2745819,-0.6276245
1572437363786,-0.7453003,0.58839417,-0.823761
1572437363787,-1.7651978,-0.50994873,-1.5298309
1572437363787,-1.7651978,-5.0602264,-2.628189
1572437363787,-7.727646,-42.560867,-10.748093
1572437363787,-9.022125,-44.600647,-18.005005
1572437363787,-6.472397,-25.536514,-7.884552
1572437363787,-3.2950287,-18.71109,-1.9221039
1572437363787,-6.3154907,-32.40117,18.67186
1572437363788,0.0,-27.890121,10.512726
1572437363807,2.3143768,-19.574081,6.393936
1572437363827,2.9420013,-20.75087,3.4519348
1572437363847,2.3928223,-30.675201,1.4906158
1572437363868,2.7850952,-35.225494,1.3729248
1572437363889,0.94143677,-30.832108,-0.15690613
1572437363907,-2.510498,-25.458069,-4.1187897
1572437363926,-6.511612,-19.96634,-8.708313
1572437363946,-7.335373,-11.846436,-10.35582
1572437363966,-5.7270813,-6.3154907,-5.2955933
1572437363988,-9.179031,-0.94143677,-4.1187897
1572437364007,-6.0408936,-0.2745819,-4.040344
1572437364027,-4.9425507,-2.07901,3.2950287
1572437364048,-3.4127197,-0.15690613,6.1193542
1572437364068,-1.2944794,1.8044281,7.6884155
1572437364088,-2.1966858,1.9221039,6.2762604
1572437364107,-1.6082916,1.7259674,3.5303955
1572437364126,-0.5491791,1.2160187,1.9613342
1572437364145,0.07846069,0.7060852,1.2160187
1572437364166,0.50994873,0.39227295,0.7453003
1572437364188,0.5491791,0.19613647,0.5491791
1572437364207,0.7453003,-0.07846069,0.50994873
1572437364226,0.5491791,-0.23536682,0.50994873
1572437364247,0.31381226,-0.23536682,0.39227295
1572437364267,0.2745819,-0.11767578,-0.039230347
1572437364287,0.3530426,0.15690613,-0.2745819
1572437364307,0.58839417,0.31381226,-0.3530426
1572437364327,0.50994873,0.15690613,-0.3530426
1572437364346,0.15690613,-0.07846069,-0.19613647
1572437364365,-0.07846069,-0.39227295,0.19613647
1572437364384,-1.3337097,-1.2944794,7.4138336
1572437364404,-0.78453064,-1.3337097,3.5696259
1572437364424,-0.50994873,-2.353592,0.58839417
1572437364445,-2.471283,-8.825989,-9.767426
1572437364466,7.9629974,-44.44374,-17.808884
1572437364484,-2.3143768,-33.1857,-19.848663
1572437364504,-4.3541565,-22.12381,-9.610519
1572437364525,-8.747528,-25.458069,-0.11767578
1572437364545,-13.21936,-32.165817,10.4734955
1572437364565,-7.4138336,-26.556412,12.356384
1572437364585,-1.7651978,-23.771317,8.629852
1572437364605,1.9221039,-26.674088,4.15802
1572437364625,1.5298309,-30.126038,1.9613342
1572437364645,-0.94143677,-30.949783,-1.5298309
1572437364665,-2.628189,-28.870773,-6.511612
1572437364683,-6.472397,-24.320496,-9.963562
1572437364702,-8.551407,-17.259705,-11.767975
1572437364722,-8.551407,-9.767426,-9.218246
1572437364744,-5.7270813,-4.393387,-4.9425507
1572437364762,-3.6873016,-1.255249,-1.9613342
1572437364784,-3.5696259,0.3530426,-0.3530426
1572437364804,-3.4519348,-0.9806671,1.9221039
1572437364824,-3.3734894,-0.43148804,4.432602
1572437364843,-2.5497284,0.7060852,4.040344
1572437364863,-2.1966858,1.4121552,3.0596771
1572437364883,-2.0397797,1.8436432,2.0005493
1572437364903,-3.177353,1.3729248,2.3143768
1572437364922,-2.510498,0.039230347,6.786209
1572437364943,-0.86299133,0.15690613,7.9629974
1572437364963,-0.2745819,0.6276245,5.413269
1572437364983,-0.039230347,0.78453064,2.902771
1572437365001,-0.15690613,0.7060852,1.1375732
1572437365021,-0.07846069,0.6276245,0.23536682
1572437365041,0.039230347,0.3530426,-0.11767578
1572437365062,0.15690613,0.19613647,-0.3530426
1572437365080,0.23536682,0.0,-0.47071838
1572437365100,-0.07846069,-0.19613647,-0.50994873
1572437365120,-0.50994873,-0.31381226,-0.39227295
1572437365140,-1.4121552,-0.31381226,-0.3530426
1572437365161,-2.4320526,0.039230347,-0.58839417
1572437365183,-4.9033203,-0.58839417,-1.2944794
1572437365200,-2.9420013,-1.3337097,-2.1966858
1572437365222,-7.6884155,-27.144806,-9.375153
1572437365241,-7.5707397,-53.58354,-16.435944
1572437365261,-2.6674042,-32.636536,-28.556961
1572437365279,-1.1375732,-31.420502,-10.630417
1572437365299,-1.2160187,-46.52275,14.984558
1572437365319,-2.7066345,-37.304504,12.866333
1572437365341,0.7453003,-29.263046,10.512726
1572437365361,3.2950287,-29.419952,5.8839874
1572437365381,4.275696,-33.538742,3.4127197
1572437365401,1.7259674,-33.49951,0.7060852
1572437365421,-2.1966858,-27.06636,-9.257477
1572437365440,-6.080124,-20.672424,-11.532623
1572437365460,-7.335373,-12.866333,-9.296707
1572437365486,-6.2762604,-6.629303,-5.0210114
1572437365500,-7.492279,-1.647522,-2.2359161
1572437365518,-7.0215607,2.0005493,-2.9420013
1572437365540,-4.9033203,0.9806671,1.5690613
1572437365560,-0.19613647,-0.15690613,8.002228
1572437365579,3.726532,0.9022064,8.943665
1572437365600,4.1972504,1.647522,6.825424
1572437365618,3.4127197,1.3337097,4.314926
1572437365638,1.9613342,0.7453003,2.7850952
1572437365659,0.50994873,-0.23536682,1.1375732
1572437365677,-0.23536682,-0.9806671,-0.039230347
1572437365697,-0.50994873,-1.3729248,-1.3729248
1572437365717,-0.9806671,-1.2944794,-2.5497284
1572437365738,-1.0198975,-0.94143677,-3.0596771
1572437365759,-0.3530426,-0.3530426,-3.3734894
1572437365778,0.5491791,0.0,-3.726532
1572437365797,0.9806671,0.2745819,-3.2165833
1572437365819,0.66685486,0.31381226,-2.1574707
1572437365840,0.39227295,0.11767578,-1.1768036
1572437365858,0.07846069,-0.23536682,-0.43148804
1572437365879,-0.11767578,-0.43148804,0.0
1572437365899,0.039230347,-0.11767578,0.2745819
1572437365919,-0.19613647,0.15690613,-0.3530426
1572437365936,-0.6276245,-0.39227295,0.15690613
1572437365959,-0.6276245,-2.7066345,-1.0591125
1572437365979,-1.5690613,-41.384064,-15.219925
1572437365998,-2.07901,-39.93268,-13.768539
1572437366017,-0.66685486,-29.929901,-12.395599
1572437366039,-6.393936,-36.91223,-8.590622
1572437366056,-18.514954,-43.031586,20.397827
1572437366079,-4.7856445,-30.36139,34.00946
1572437366098,0.23536682,-29.89067,21.417725
1572437366117,1.8828735,-32.71498,10.277374
1572437366138,-0.78453064,-33.73488,4.1972504
1572437366158,-3.0596771,-30.322159,-4.001114
1572437366176,-9.532059,-24.20282,-13.886215
1572437366198,-14.945343,-15.925995,-14.945343
1572437366217,-12.748642,-8.394485,-11.258041
1572437366238,-12.277924,-1.6082916,-4.981781
1572437366257,-8.943665,-1.2944794,-0.6276245
1572437366277,-3.608841,0.47071838,-0.39227295
1572437366297,12.748642,1.0198975,4.7856445
1572437366317,8.159134,1.2944794,4.001114
1572437366335,4.314926,0.6276245,2.6674042
1572437366356,2.1966858,0.19613647,1.7651978
1572437366377,1.2160187,0.11767578,0.66685486
1572437366397,1.5298309,0.2745819,-0.7453003
1572437366416,1.4513855,0.58839417,-1.7651978
1572437366436,1.5690613,0.6276245,-2.0397797
1572437366456,1.4906158,0.66685486,-1.647522
1572437366476,1.4906158,0.58839417,-1.2944794
1572437366494,1.5690613,0.5491791,-0.9022064
1572437366515,1.3729248,0.23536682,-0.7453003
1572437366535,1.255249,-0.039230347,-0.6276245
1572437366556,1.0983429,-0.19613647,-0.7060852
1572437366576,0.86299133,-0.3530426,-0.7453003
1572437366593,0.47071838,-0.3530426,-0.6276245
1572437366616,-0.07846069,-0.3530426,-0.31381226
1572437366636,-0.2745819,-0.2745819,-0.11767578
1572437366655,-0.7060852,0.0,-0.039230347
1572437366677,-1.8044281,0.3530426,0.039230347
1572437366695,-3.8442078,-0.66685486,-0.23536682
1572437366714,-6.4331665,-2.6674042,-3.9618835
1572437366733,-15.690643,-41.344833,-11.532623
1572437366755,-9.257477,-40.71721,-10.35582
1572437366775,-4.432602,-34.04869,-7.178467
1572437366794,-0.2745819,-38.795105,-1.4513855
1572437366814,1.5298309,-39.344284,21.300049
1572437366834,9.414383,-27.929337,31.93045
1572437366854,8.35527,-31.734314,19.377945
1572437366874,4.864105,-39.265823,10.630417
1572437366894,1.5298309,-37.42218,5.530945
1572437366914,-3.4911652,-30.40062,0.50994873
1572437366934,-9.375153,-22.08458,-8.904434
1572437366954,-13.140915,-13.729309,-11.571854
1572437366974,-13.964676,-7.5315094,-11.336487
1572437366993,-12.238693,-2.0005493,-7.1392365
1572437367012,-8.27681,-0.5491791,-3.2558136
1572437367033,-4.9425507,0.23536682,-1.2944794
1572437367053,-2.1966858,3.334259,-2.9812164
1572437367072,3.765747,2.902771,0.58839417
1572437367093,6.4331665,2.2359161,3.6873016
1572437367111,2.902771,1.7259674,3.883438
1572437367130,0.823761,0.5491791,2.5889587
1572437367153,0.58839417,-0.19613647,1.8436432
1572437367170,0.5491791,-0.39227295,1.1768036
1572437367193,0.6276245,-0.23536682,0.39227295
1572437367210,0.6276245,0.07846069,0.039230347
1572437367229,0.5491791,0.39227295,-0.31381226
1572437367252,0.47071838,0.58839417,-0.47071838
1572437367271,0.2745819,0.7453003,-0.5491791
1572437367291,0.07846069,0.58839417,-0.5491791
1572437367310,-0.039230347,0.47071838,-0.58839417
1572437367329,-0.07846069,0.39227295,-0.50994873
1572437367349,-0.039230347,0.31381226,-0.47071838
1572437367371,0.07846069,0.07846069,-0.43148804
1572437367390,-0.2745819,0.11767578,-0.2745819
1572437367409,-0.50994873,0.2745819,-0.23536682
1572437367430,-1.255249,-0.43148804,-0.19613647
1572437367450,-1.4513855,-1.0198975,-0.6276245
1572437367470,-3.1381226,-10.198914,-0.43148804
1572437367490,-1.3729248,-45.110596,-20.633194
1572437367508,0.43148804,-35.500076,-19.26027
1572437367528,-3.1381226,-27.223267,-12.944778
1572437367547,-14.866882,-34.323273,-0.43148804
1572437367570,-21.260818,-26.124924,1.4906158
1572437367588,-8.982895,-19.103363,12.591736
1572437367608,-3.4519348,-19.809433,9.610519
1572437367628,-1.4906158,-25.4973,4.432602
1572437367647,-2.7066345,-29.02768,2.6674042
1572437367667,-2.7066345,-29.969131,0.823761
1572437367687,-2.7458649,-30.047577,-1.4121552
1572437367706,-3.2950287,-28.596191,-2.7066345
1572437367726,-4.589508,-24.90889,-6.001663
1572437367746,-10.708862,-18.436508,-16.985123
1572437367766,-11.179581,-10.512726,-18.475723
1572437367787,-5.6094055,-4.864105,-10.081238
1572437367807,-3.2165833,-0.7453003,-4.5110626
1572437367827,-1.9221039,1.2944794,-0.86299133
1572437367845,-2.1574707,1.6082916,0.43148804
1572437367865,-1.2944794,2.2359161,3.883438
1572437367885,-0.6276245,2.6674042,3.9618835
1572437367905,-1.3729248,2.3928223,2.353592
1572437367925,-2.1574707,2.2751465,11.14035
1572437367946,-1.5690613,1.0983429,6.629303
1572437367966,-0.9022064,0.3530426,3.608841
1572437367985,-0.3530426,0.07846069,1.7259674
1572437368005,0.07846069,-0.11767578,0.3530426
1572437368024,0.31381226,-0.31381226,-0.6276245
1572437368044,0.5491791,-0.39227295,-0.823761
1572437368064,0.94143677,-0.15690613,-0.7453003
1572437368084,1.0198975,-0.19613647,-0.66685486
1572437368104,0.86299133,-0.43148804,-0.50994873
1572437368124,0.78453064,-0.7453003,-0.43148804
1572437368144,1.0198975,-1.0983429,-0.50994873
1572437368164,1.4121552,-1.3337097,-0.66685486
1572437368183,2.0397797,-1.5298309,-0.66685486
1572437368204,2.3143768,-1.4121552,-0.58839417
1572437368223,1.647522,-0.5491791,-2.8243103
1572437368243,0.7453003,-1.7651978,-3.4127197
1572437368263,1.2944794,-5.8839874,-5.923218
1572437368284,-0.5491791,-42.953125,-21.143143
1572437368305,-6.7077484,-45.345947,-17.220474
1572437368323,-8.590622,-29.02768,-28.753098
1572437368342,-17.455841,-34.59787,-9.218246
1572437368362,-19.613297,-39.854233,4.314926
1572437368382,-6.1977997,-29.616089,20.162476
1572437368402,-2.0397797,-30.518295,12.51329
1572437368422,-0.15690613,-34.715546,6.472397
1572437368442,-1.8044281,-34.59787,0.5491791
1572437368462,-3.608841,-30.871338,-5.687851
1572437368482,-5.4524994,-25.418839,-10.277374
1572437368502,-10.551956,-17.298935,-17.848099
1572437368522,-11.611069,-8.982895,-14.160797
1572437368541,-8.27681,-3.0204468,-8.747528
1572437368563,-5.2955933,0.43148804,-3.9618835
1572437368581,-5.1779175,1.255249,-0.94143677
1572437368601,-3.8442078,0.823761,0.7453003
1572437368621,1.8044281,1.7651978,2.8635406
1572437368641,1.8044281,1.6082916,4.550293
1572437368661,0.47071838,1.0591125,3.765747
1572437368681,0.3530426,0.7453003,2.9812164
1572437368701,0.9022064,0.7453003,2.2359161
1572437368726,1.5690613,0.7060852,1.7651978
1572437368740,2.3143768,0.6276245,1.647522
1572437368762,2.1182404,0.78453064,1.0591125
1572437368782,1.6867371,0.823761,0.43148804
1572437368801,1.3729248,0.823761,-0.07846069
1572437368821,1.0983429,0.9022064,-0.43148804
1572437368840,0.66685486,0.9806671,-0.58839417
1572437368860,0.3530426,0.94143677,-0.9022064
1572437368880,-0.07846069,0.9022064,-0.94143677
1572437368901,-0.5491791,0.5491791,-0.86299133
1572437368922,-1.0198975,0.11767578,-0.6276245
1572437368942,-1.0983429,-0.11767578,-0.23536682
1572437368961,-1.1375732,-0.3530426,0.15690613
1572437368981,-1.5298309,-0.3530426,0.5491791
1572437369001,-2.471283,-0.9806671,1.4121552
1572437369019,-1.8828735,-1.8436432,1.3729248
1572437369039,-7.335373,-40.952576,-0.9022064
1572437369059,-1.1375732,-56.1725,-12.081787
1572437369081,2.2359161,-39.22661,-12.395599
1572437369101,-0.9806671,-39.618866,-14.317703
1572437369120,-15.023788,-43.61998,32.322723
1572437369141,-10.277374,-30.832108,30.243713
1572437369161,-4.3541565,-27.497849,20.358612
1572437369179,1.4121552,-31.616638,7.9629974
1572437369199,0.11767578,-34.48018,2.07901
1572437369220,-1.1375732,-31.577408,-2.9812164
1572437369240,-5.4524994,-23.928223,-8.943665
1572437369260,-10.159683,-14.51384,-11.689529
1572437369280,-7.217697,-7.3746033,-6.511612
1572437369298,-9.845871,-1.6082916,-5.805542
1572437369317,-7.0215607,0.43148804,-2.510498
1572437369338,-3.2950287,0.47071838,-0.7060852
1572437369357,0.43148804,0.23536682,0.78453064
1572437369377,1.0983429,0.7060852,0.94143677
1572437369397,1.6867371,1.8436432,2.1574707
1572437369417,3.6480713,2.510498,4.864105
1572437369437,4.550293,2.4320526,6.001663
1572437369459,3.2165833,1.647522,4.5110626
1572437369478,1.6867371,0.9022064,2.902771
1572437369497,0.66685486,0.5491791,1.9221039
1572437369518,-0.19613647,0.2745819,1.255249
1572437369538,-0.6276245,0.31381226,0.66685486
1572437369558,-0.94143677,0.19613647,0.11767578
1572437369578,-0.9806671,-0.19613647,-0.5491791
1572437369598,-0.78453064,-0.39227295,-0.43148804
1572437369618,-0.58839417,-0.19613647,-0.47071838
1572437369637,-0.7060852,-0.039230347,-0.47071838
1572437369657,-0.7060852,-0.23536682,-0.47071838
1572437369676,-0.66685486,-0.39227295,-0.31381226
1572437369697,-0.823761,-0.47071838,-0.15690613
1572437369717,-1.1768036,-0.23536682,-0.19613647
1572437369737,-1.0198975,-0.94143677,0.31381226
1572437369756,-0.78453064,-2.1182404,-0.43148804
1572437369777,-8.159134,-34.244827,-5.844757
1572437369797,-5.923218,-57.153152,-20.280151
1572437369817,1.4121552,-44.40451,-12.709427
1572437369835,2.1574707,-36.20616,-13.729309
1572437369856,-5.530945,-48.484085,-4.864105
1572437369876,-17.259705,-37.304504,2.7458649
1572437369896,-8.472946,-32.98958,2.628189
1572437369916,-2.3143768,-30.675201,0.94143677
1572437369935,-0.58839417,-31.420502,-0.823761
1572437369954,0.19613647,-32.636536,-4.981781
1572437369976,-2.0397797,-27.497849,-11.061905
1572437369996,-4.707199,-20.75087,-14.121582
1572437370014,-8.35527,-12.081787,-16.396713
1572437370035,-4.5110626,-6.2762604,-8.669083
1572437370054,-2.902771,-2.3928223,-3.883438
1572437370075,-2.8635406,-0.19613647,-0.823761
1572437370093,2.1966858,1.8044281,5.138687
1572437370115,-0.31381226,2.2359161,4.7856445
1572437370135,-1.1768036,1.7259674,2.7458649
1572437370155,-2.2751465,1.8828735,1.7651978
1572437370175,-3.5696259,2.1966858,0.9806671
1572437370195,-2.5497284,2.1966858,0.823761
1572437370212,-1.4121552,2.07901,1.2160187
1572437370234,1.7259674,1.1375732,7.060791
1572437370254,0.31381226,0.9806671,3.726532
1572437370274,0.07846069,0.9022064,1.4513855
1572437370292,0.15690613,0.6276245,0.39227295
1572437370314,0.43148804,0.47071838,-0.11767578
1572437370334,0.7060852,0.39227295,-0.15690613
1572437370352,1.2160187,0.31381226,-0.11767578
1572437370372,1.3337097,0.39227295,0.43148804
1572437370393,0.823761,0.39227295,1.0983429
1572437370413,0.6276245,0.58839417,0.78453064
1572437370431,0.50994873,0.823761,0.5491791
1572437370453,-0.07846069,0.9806671,0.23536682
1572437370473,-1.7259674,1.2160187,-1.0983429
1572437370491,-2.471283,0.11767578,-0.86299133
1572437370513,-0.23536682,-3.0989075,3.765747
1572437370533,-5.7270813,-41.5802,-12.042572
1572437370553,-3.2950287,-57.6631,-15.572968
1572437370573,-5.0210114,-34.00946,-9.64975
1572437370592,-8.159134,-26.124924,-2.0005493
1572437370610,-11.336487,-37.226044,-0.86299133
1572437370632,-5.570175,-30.596756,1.0198975
1572437370653,2.6674042,-24.555847,8.590622
1572437370672,5.1779175,-26.674088,10.43428
1572437370692,3.3734894,-32.71498,6.1977997
1572437370710,1.2160187,-32.636536,4.432602
1572437370730,-5.413269,-26.556412,-1.9613342
1572437370750,-12.042572,-18.789536,-6.1977997
1572437370771,-12.277924,-12.003342,-6.1585693
1572437370791,-13.454727,-5.3740387,-4.981781
1572437370810,-13.964676,-0.3530426,-3.3734894
1572437370830,-8.5121765,2.4320526,-3.334259
1572437370851,-2.1574707,0.78453064,0.78453064
1572437370871,1.0591125,0.43148804,2.6674042
1572437370891,1.647522,0.823761,2.3143768
1572437370911,1.8044281,2.3143768,2.0397797
1572437370931,2.1574707,2.8635406,2.0005493
1572437370950,2.471283,2.7066345,1.2160187
1572437370970,-0.15690613,7.178467,2.0397797
1572437370990,0.3530426,-3.2165833,1.1375732
1572437371010,2.0005493,-6.786209,-0.15690613
1572437371030,1.0198975,-7.178467,-2.7458649
1572437371050,-1.0983429,-5.1779175,-3.2558136
1572437371070,-2.0397797,-3.0989075,-3.0204468
1572437371088,-2.1574707,-1.647522,-2.471283
1572437371108,-2.1966858,-0.86299133,-1.8436432
1572437371127,-1.3337097,-0.23536682,-1.0591125
1572437371150,-0.50994873,-0.23536682,-0.86299133
1572437371169,-0.15690613,-0.07846069,-0.7453003
1572437371187,0.039230347,0.19613647,-0.19613647
1572437371208,0.47071838,0.3530426,-0.19613647
1572437371229,1.1768036,-0.50994873,-0.15690613
1572437371247,3.726532,-6.354706,1.255249
1572437371267,4.589508,-43.18849,12.827103
1572437371289,-11.611069,-50.955353,17.338165
1572437371308,-6.9823303,-32.205048,10.708862
1572437371329,-6.23703,-26.046463,4.550293
1572437371346,-0.78453064,-33.931015,1.7651978
1572437371366,6.903885,-38.795105,0.5491791
1572437371386,6.5508423,-29.537628,-0.7060852
1572437371406,5.1779175,-23.732101,-2.07901
1572437371427,2.7066345,-26.164139,-2.6674042
1572437371446,-0.58839417,-27.693985,-8.904434
1572437371468,-0.039230347,-27.57631,-6.001663
1572437371486,2.5497284,-24.516632,0.31381226
1572437371507,0.94143677,-16.906662,9.885101
1572437371527,0.47071838,-7.923767,24.634308
1572437371545,0.94143677,-5.570175,22.86911
1572437371565,1.4121552,-4.6287384,12.709427
1572437371585,0.94143677,-1.5298309,5.4917297
1572437371605,0.43148804,0.3530426,1.3337097
1572437371626,0.07846069,1.9613342,-0.78453064
1572437371648,0.15690613,2.6674042,-1.3729248
1572437371664,0.07846069,2.3928223,-1.0591125
1572437371684,-0.23536682,1.6082916,-0.66685486
1572437371705,-1.2160187,1.0198975,0.039230347
1572437371724,-2.510498,0.78453064,0.6276245
1572437371747,-3.3734894,0.6276245,0.58839417
1572437371765,-3.8442078,0.3530426,0.039230347
1572437371784,-3.726532,0.15690613,-0.7060852
1572437371804,-2.9420013,0.07846069,-0.5491791
1572437371824,-2.07901,0.11767578,0.0
1572437371843,-1.3337097,0.19613647,0.3530426
1572437371865,-1.2160187,0.2745819,0.66685486
1572437371886,0.11767578,1.0198975,-1.4513855
1572437371906,1.3337097,3.2950287,-0.6276245
1572437371925,0.66685486,2.510498,1.8436432
1572437371944,-0.039230347,0.039230347,1.9221039
1572437371965,-0.15690613,-0.9022064,0.9022064
1572437371983,-0.07846069,-1.6082916,-0.6276245
1572437372004,2.902771,-5.3740387,2.8635406
1572437372023,9.767426,-42.717773,14.51384
1572437372044,-1.7651978,-54.48575,6.786209
1572437372064,-2.8243103,-44.639877,0.2745819
1572437372082,1.647522,-42.286285,0.07846069
1572437372102,2.9420013,-33.813324,10.35582
1572437372122,4.3541565,-28.517746,2.2359161
1572437372143,-4.2364655,-21.456955,-12.395599
1572437372163,-0.7453003,-17.691193,-1.9221039
1572437372183,-3.9226532,-17.142029,-2.2359161
1572437372203,-6.786209,-18.514954,-3.4519348
1572437372224,-6.1585693,-14.55307,-1.8436432
1572437372243,-5.256363,-9.806656,0.07846069
1572437372261,-3.9618835,-6.393936,1.8044281
1572437372281,-1.8436432,-4.2364655,3.0989075
1572437372303,-0.31381226,-2.8635406,2.7850952
1572437372322,-1.1768036,0.7060852,2.9812164
1572437372343,-4.432602,3.8049774,4.3541565
1572437372363,-0.9806671,-3.0596771,5.3740387
1572437372381,3.0596771,-5.3740387,5.4917297
1572437372400,6.786209,-5.687851,5.648636
1572437372420,6.23703,-3.0989075,3.6480713
1572437372442,4.1187897,-0.3530426,2.8635406
1572437372463,2.5889587,0.11767578,1.3729248
1572437372481,1.7259674,-0.19613647,0.23536682
1572437372502,1.647522,-0.9022064,-1.0198975
1572437372521,2.3928223,-4.746414,-2.5889587
1572437372540,8.551407,-17.730423,-3.177353
1572437372561,12.081787,-32.675766,1.7259674
1572437372580,6.1193542,-29.06691,3.334259
1572437372601,-0.3530426,-23.143692,4.7856445
1572437372620,-4.2364655,-18.867996,3.2950287
1572437372639,-6.5508423,-16.985123,-0.43148804
1572437372659,-8.35527,-13.297821,-2.3928223
1572437372680,-9.139801,-10.512726,-3.4911652
1572437372703,-8.629852,-8.904434,-2.7066345
1572437372721,-6.668518,-9.414383,-1.0983429
1572437372741,-2.7458649,-9.532059,0.15690613
1572437372758,-2.0397797,-6.7469788,1.6082916
1572437372779,-1.6082916,-4.864105,1.0983429
1572437372799,-0.66685486,-7.2569275,1.9221039
1572437372818,2.0005493,-13.80777,2.7850952
1572437372840,1.4121552,-13.140915,0.6276245
1572437372858,1.2160187,-10.042007,-1.2944794
1572437372878,1.6867371,-8.198364,-2.2359161
1572437372898,1.9221039,-8.629852,-1.9613342
1572437372918,2.902771,-9.885101,-0.7060852
1572437372938,3.4911652,-10.081238,0.07846069
1572437372957,3.608841,-9.571289,0.7060852
1572437372977,3.883438,-9.845871,2.2359161
1572437372998,3.9618835,-10.120468,2.7850952
1572437373017,2.9420013,-10.198914,1.8436432
1572437373037,1.9221039,-9.885101,1.3337097
1572437373057,2.0005493,-10.43428,0.07846069
1572437373077,-2.1966858,-8.35527,2.8635406
1572437373098,-1.9221039,-7.5707397,1.5298309
1572437373118,-3.726532,-8.472946,0.9806671
1572437373137,-1.5690613,-11.846436,0.58839417
1572437373157,-0.58839417,-11.179581,0.039230347
1572437373176,-1.2160187,-10.551956,0.15690613
1572437373198,-2.1966858,-9.688965,1.4906158
1572437373217,-1.7259674,-8.669083,0.9806671
1572437373236,-1.3337097,-9.571289,0.19613647
1572437373258,-0.31381226,-10.159683,-0.7060852
1572437373278,5.0210114,-11.375717,-1.4121552
1572437373296,7.5707397,-10.787323,-1.5298309
1572437373316,8.5121765,-10.081238,-0.66685486
1572437373336,6.7077484,-8.982895,0.0
1572437373356,5.138687,-8.825989,0.039230347
1572437373375,3.2165833,-8.825989,0.7453003
1572437373396,0.5491791,-8.237579,0.9022064
1572437373417,-2.5889587,-8.237579,0.6276245
1572437373436,-5.4917297,-8.982895,0.039230347
1572437373455,-4.6287384,-11.022675,0.47071838
1572437373474,-1.7651978,-11.650299,3.2950287
1572437373495,-0.58839417,-10.591187,5.805542
1572437373514,-0.31381226,-10.983444,5.2955933
1572437373535,0.7060852,-12.238693,2.7850952
1572437373554,3.608841,-13.4939575,0.50994873
1572437373574,5.7663116,-12.748642,0.11767578
1572437373596,6.1977997,-9.571289,1.0198975
1572437373615,7.5315094,-7.649185,2.4320526
1572437373634,8.865219,-7.2961426,3.2558136
1572437373654,8.825989,-7.4530487,3.334259
1572437373675,7.2569275,-8.669083,3.5696259
1572437373694,2.4320526,-10.748093,4.1972504
1572437373714,-1.8828735,-12.081787,2.902771
1572437373733,-3.8049774,-10.512726,0.11767578
1572437373753,-0.07846069,-8.5121765,0.5491791
1572437373773,2.8635406,-8.237579,0.9022064
1572437373793,2.2359161,-7.609955,0.43148804
1572437373815,0.823761,-7.335373,1.0198975
1572437373833,-0.7060852,-7.335373,1.8436432
1572437373853,0.23536682,-8.159134,2.5497284
1572437373874,2.8635406,-9.688965,3.765747
1572437373893,4.0795593,-8.865219,5.687851
1572437373912,4.707199,-7.492279,5.4917297
1572437373933,5.6094055,-6.9823303,4.5110626
1572437373953,6.23703,-6.7077484,4.15802
1572437373974,4.9425507,-7.178467,4.3541565
1572437373994,3.2165833,-7.884552,4.275696
1572437374014,1.647522,-8.982895,4.0795593
1572437374031,0.47071838,-9.963562,4.1187897
1572437374051,-0.039230347,-11.767975,6.9823303
1572437374071,2.2751465,-12.121017,8.747528
1572437374091,3.0596771,-10.669632,9.022125
1572437374112,6.393936,-10.277374,8.433716
1572437374131,11.885666,-12.199478,5.3740387
1572437374151,12.944778,-13.690079,3.2950287
1572437374172,11.454163,-14.866882,0.94143677
1572437374193,6.8646545,-16.906662,-4.707199
1572437374211,7.1000214,-16.63208,1.3729248
1572437374232,4.314926,-14.356934,0.50994873
1572437374250,2.353592,-12.866333,5.0602264
1572437374272,-0.7060852,-12.277924,6.629303
1572437374292,-2.0005493,-11.650299,4.550293
1572437374311,-2.9420013,-11.375717,0.58839417
1572437374330,0.5491791,-10.39505,-0.039230347
1572437374350,-2.2359161,-9.3359375,3.6480713
1572437374371,-2.07901,-4.3541565,9.767426
1572437374392,-1.7259674,-2.3143768,11.297256
1572437374411,0.19613647,-1.9221039,11.375717
1572437374430,1.9221039,-1.9613342,9.845871
1572437374450,1.4121552,-6.0408936,5.1779175
1572437374471,2.9812164,-6.23703,6.903885
1572437374491,4.15802,-5.413269,3.0989075
1572437374510,5.4524994,-5.7270813,0.86299133
1572437374536,4.1972504,-6.472397,1.4906158
1572437374549,3.2950287,-6.5900726,2.510498
1572437374569,3.3734894,-6.5900726,2.5889587
1572437374588,3.177353,-6.5900726,-0.039230347
1572437374608,2.5889587,-5.8839874,-2.1182404
1572437374629,2.0005493,-4.864105,-2.5889587
1572437374649,3.4911652,-2.3928223,-0.19613647
1572437374668,4.1187897,-0.47071838,0.11767578
1572437374688,4.550293,-0.5491791,-2.628189
1572437374708,4.550293,-3.334259,-4.6287384
1572437374728,1.4906158,-8.904434,-1.3337097
1572437374748,-0.039230347,-13.180145,5.4917297
1572437374767,4.1972504,-15.925995,10.983444
1572437374790,6.825424,-17.534286,9.688965
1572437374810,7.4530487,-17.808884,9.179031
1572437374827,8.982895,-14.827652,9.139801
1572437374848,7.3746033,-12.47406,7.649185
1572437374867,5.7270813,-11.493393,5.530945
1572437374889,8.198364,-10.630417,9.610519
1572437374907,5.8839874,-10.551956,15.690643
1572437374927,3.0596771,-10.238144,14.317703
1572437374948,2.5497284,-9.688965,9.963562
1572437374969,1.9613342,-6.4331665,10.198914
1572437374988,3.4127197,-5.687851,12.121017
1572437375007,5.099457,-5.570175,11.061905
1572437375026,5.4917297,-6.393936,6.5508423
1572437375046,3.5303955,-6.472397,5.7663116
1572437375067,-2.1182404,-6.903885,6.629303
1572437375088,-1.2944794,-6.5900726,5.570175
1572437375108,-2.902771,-6.001663,5.256363
1572437375129,-3.6480713,-4.824875,4.589508
1572437375146,-1.8044281,-2.7066345,4.3541565
1572437375166,2.6674042,-1.3729248,4.824875
1572437375185,2.7458649,-0.7060852,7.1000214
1572437375207,1.0591125,-2.6674042,8.825989
1572437375226,3.9226532,-5.648636,2.9420013
1572437375246,3.9226532,-3.3734894,2.902771
1572437375266,2.510498,-0.23536682,7.609955
1572437375287,1.2944794,0.07846069,10.748093
1572437375306,0.7060852,0.15690613,10.944229
1572437375325,0.39227295,-0.66685486,8.590622
1572437375345,0.5491791,-1.1375732,7.178467
1572437375366,1.1375732,-1.4121552,6.629303
1572437375386,1.1768036,-0.9022064,7.4530487
1572437375405,0.9022064,-0.43148804,8.27681
1572437375436,0.94143677,-0.9022064,9.728195
1572437375476,0.07846069,-0.39227295,10.002777
1572437375476,-1.0198975,0.2745819,9.492844
1572437375497,-1.3337097,0.5491791,9.3359375
1572437375511,-1.0591125,1.1768036,9.610519
1572437375533,-0.6276245,1.3337097,10.002777
1572437375673,1.8436432,1.2944794,9.532059
1572437375673,-1.647522,1.2160187,9.492844
1572437375675,-2.902771,1.8828735,9.453613
1572437375675,-3.6873016,1.6867371,12.709427
1572437375675,-2.0005493,1.0198975,11.924881
1572437375675,-1.4121552,0.6276245,11.179581
1572437375675,-1.3337097,0.23536682,10.35582
1572437375686,-1.0591125,-0.2745819,9.218246
1572437375781,-0.78453064,0.2745819,9.610519
1572437375781,0.39227295,0.5491791,10.551956
1572437375781,-0.15690613,0.2745819,10.277374
1572437375781,-0.43148804,0.43148804,9.64975
1572437375788,-1.8828735,1.5298309,9.571289
1572437375817,-0.6276245,1.6082916,8.159134
1572437375822,-1.255249,2.0397797,9.179031
1572437375842,-1.9221039,2.0397797,9.767426
1572437375863,-2.1182404,1.6082916,9.845871
1572437375882,-1.8436432,1.647522,9.806656
1572437375901,-1.8044281,2.353592,9.179031
1572437375921,-1.6082916,2.510498,8.629852
1572437375943,-0.9022064,2.1966858,8.904434
1572437375961,-0.5491791,2.353592,9.3359375
1572437375982,-1.0198975,2.3143768,9.963562
1572437376004,-1.0591125,1.9613342,10.081238
1572437376020,-1.4121552,2.1182404,9.767426
1572437376041,-1.1768036,2.07901,9.64975
1572437376066,-1.0983429,2.2359161,9.688965
1572437376080,-1.0983429,2.4320526,9.375153
1572437376102,-1.0591125,2.7850952,8.669083
1572437376120,-1.0591125,2.8243103,8.394485
1572437376140,-0.9806671,2.8243103,8.786758
1572437376160,-1.0983429,2.7458649,9.375153
1572437376181,-1.3337097,2.6674042,9.688965
1572437376200,-1.4121552,2.8243103,9.688965
1572437376220,-1.2944794,2.8243103,9.179031
1572437376239,-1.4513855,3.0989075,8.5121765
1572437376259,-1.4906158,3.0204468,8.159134
1572437376279,-0.9022064,3.2950287,8.31604
1572437376303,-0.50994873,3.4519348,8.5121765
1572437376319,-0.78453064,3.2950287,9.06134
1572437376339,-1.2944794,3.177353,9.571289
1572437376359,-1.8044281,3.2558136,9.532059
1572437376378,-1.7259674,3.4127197,9.179031
1572437376399,-1.2944794,3.726532,8.982895
1572437376418,-1.0198975,3.9618835,9.375153
1572437376439,-1.9221039,4.15802,8.159134
1572437376462,-2.353592,3.6873016,8.041458
1572437376478,-2.9420013,3.2165833,8.708313
1572437376498,-3.4127197,3.4519348,9.571289
1572437376518,-3.0596771,3.5303955,9.492844
1572437376538,-2.7458649,3.8442078,8.002228
