1572434221921,-2.1437073,1.7977295,7.66481
1572434221921,-1.7845764,2.1424866,12.314346
1572434221921,-4.1213226,3.4832458,14.406876
1572434221921,-5.0885773,2.82724,14.564896
1572434221921,-2.703949,-0.35705566,10.86824
1572434221921,-1.9234467,-0.91729736,7.6983185
1572434221921,-3.450943,0.605423,6.410248
1572434222033,-4.308075,0.4857025,5.6345215
1572434222033,-4.667206,-0.70181274,6.568268
1572434222033,-3.3264465,-0.8837738,8.110123
1572434222034,-2.5267792,-0.6347809,8.35434
1572434222034,-2.1437073,0.026016235,7.569031
1572434222154,-4.6815643,0.069122314,9.829163
1572434222154,-7.5833435,-0.79759216,8.569809
1572434222154,-4.810852,-0.27085876,6.889084
1572434222154,-4.1213226,1.0698853,4.9066925
1572434222154,-2.0527344,2.4824677,6.146881
1572434222268,-2.4262238,2.875122,7.985626
1572434222268,-3.1396942,1.4098663,8.536301
1572434222268,0.31752014,-0.1463623,7.707901
1572434222270,0.22654724,-1.2429047,6.8795013
1572434222270,-2.320877,-2.6363373,7.5403137
1572434222382,-7.3295593,-2.6937866,9.776489
1572434222382,-4.078232,-0.2325592,7.9233856
1572434222382,-0.16610718,0.84962463,9.599319
1572434222382,-2.158081,0.4857025,11.069366
1572434222382,-2.9577332,-0.4384613,11.615234
1572434222497,-1.8085175,-2.8422394,15.302307
1572434222497,-1.5978394,-1.4871216,12.242523
1572434222497,-1.0184326,-0.48634338,11.514679
1572434222498,-0.79338074,-0.8933563,11.284836
1572434222498,-2.0048523,-1.5493622,11.088516
1572434222498,-2.2825775,-1.0322113,10.422928
1572434222498,0.25527954,-0.5198517,10.691071
1572434222498,1.8929138,-0.6778717,11.711014
1572434222498,1.6630707,-0.59169006,11.711014
1572434222618,1.3614044,-0.37141418,10.719803
1572434222618,0.47554016,-0.7353363,9.22583
1572434222618,0.07810974,-0.75927734,7.6073456
1572434222618,0.17866516,-0.8837738,6.482071
1572434222618,1.3230896,-0.53422546,6.161255
1572434222738,1.8115082,0.337265,4.3847504
1572434222738,1.3566132,-0.27085876,4.0495605
1572434222738,1.4763184,-1.3769836,5.5004425
1572434222738,1.3757629,-2.6411285,5.9026794
1572434222738,1.9264374,-4.5277557,5.462143
1572434222866,2.1323395,-3.7520294,4.58107
1572434222866,2.2424622,-3.8190613,3.6856384
1572434222866,-0.19004822,-3.8765259,4.4805145
1572434222866,1.3374634,-6.4479065,3.561142
1572434222867,3.6550446,-6.4670563,4.0735016
1572434222981,7.059601,-6.414383,5.419052
1572434222981,10.368393,-6.50058,5.917038
1572434222981,13.5,-6.2707367,5.05513
1572434222981,17.402557,-5.2507935,3.7095795
1572434222981,20.534164,-4.0297546,2.4598083
1572434222981,20.759216,-3.6849976,2.0911102
1572434222981,19.519028,-4.082428,2.000122
1572434222981,20.57248,-3.0529175,-0.4802704
1572434222981,19.236511,-3.4790955,-1.3373871
1572434223100,12.858353,-4.872513,0.08955383
1572434223100,10.708359,-5.169403,3.4079132
1572434223100,14.457687,-4.4750824,6.731064
1572434223100,16.013916,-3.0289764,7.185959
1572434223100,10.804138,-2.7368927,0.18052673
1572434223263,7.1457977,-3.1678467,-2.2663422
1572434223264,13.552673,-5.107147,5.759018
1572434223264,10.205582,-6.3377686,7.343979
1572434223264,6.0348816,-5.2891083,-0.3174591
1572434223264,6.6717377,-5.6530304,2.924286
1572434223481,6.22641,-6.481415,4.6768494
1572434223481,4.435547,-5.1789703,0.12307739
1572434223481,6.0348816,-4.1111603,1.7990112
1572434223481,5.235214,-3.4647217,3.8723907
1572434223481,4.3589325,-1.5445709,0.7455597
1572434223481,6.609482,0.87835693,-0.86813354
1572434223481,5.115509,0.7394867,-1.6821594
1572434223481,1.9934692,-0.7832184,0.94189453
1572434223481,2.1179657,-1.5014801,-0.47068787
1572434223481,2.649475,-2.2484741,-1.8066559
1572434223482,3.3102722,-3.1008148,-2.4578857
1572434223482,5.9678497,-3.5557098,-3.7698975
1572434223482,6.85849,-4.963501,-1.2990875
1572434223482,6.22641,-6.912384,3.561142
1572434223704,5.4937897,-6.639435,0.6737366
1572434223704,5.5416718,-4.963501,-3.7842712
1572434223704,6.7818756,-3.5700684,-4.301407
1572434223704,9.975739,-2.8326569,-6.025238
1572434223704,12.034744,-5.265167,-6.025238
1572434223704,8.922287,-10.053574,-2.71167
1572434223704,11.656464,-8.233978,1.2148285
1572434223704,12.887085,-8.248337,-3.2431793
1572434223704,6.6669464,-8.3776245,-6.887146
1572434223704,8.046005,-6.7495728,-3.8800354
1572434223922,11.091431,-6.2515717,-1.90242
1572434223923,10.813705,-5.4998016,-1.5863953
1572434223923,11.503235,-3.9770813,-6.8057556
1572434223923,15.08017,-2.6890106,-5.8768005
1572434223923,9.3628235,-3.0529175,3.6521301
1572434223923,4.277542,-5.1358795,9.594528
1572434223923,4.454712,-3.8047028,4.9066925
1572434223923,5.1203003,-2.3777618,0.4630432
1572434223923,3.9232025,-0.46717834,-0.70532227
1572434223923,2.8889008,0.29896545,0.29545593
1572434224144,1.4044952,-1.3817749,-0.044525146
1572434224144,-2.1389313,-6.122284,1.1334229
1572434224144,-2.5842438,-4.264389,1.1717377
1572434224144,-0.012878418,-3.0960236,-1.447525
1572434224144,0.7772064,-4.039337,0.46783447
1572434224144,4.2679596,-6.3377686,0.80781555
1572434224145,6.451477,-6.754364,-0.7723541
1572434224145,8.869614,-8.028076,1.0089264
1572434224145,15.06102,-9.569946,7.296097
1572434224145,18.230942,-8.071167,9.302444
1572434224145,19.499878,-10.024841,0.63064575
1572434224145,15.175949,-8.401566,-6.5998535
1572434224145,12.858353,-5.5907745,-0.6239166
1572434224145,8.43866,-1.7121735,-0.40844727
1572434224364,5.5321045,-2.7512512,-1.3948517
1572434224364,4.478653,-8.741547,0.7647095
1572434224365,3.43956,-15.033508,2.1677246
1572434224365,5.958267,-17.408554,2.5986786
1572434224365,6.317398,-13.242645,0.8939972
1572434224365,3.7460175,-9.34967,-0.8729248
1572434224365,4.8090515,-8.530853,-1.4140015
1572434224365,6.451477,-8.664932,-2.4243622
1572434224365,5.862503,-9.996109,-2.1562042
1572434224365,3.4778748,-10.75267,-0.2552185
1572434224589,2.4244232,-9.924286,-1.3278198
1572434224589,2.438797,-11.576279,-5.637375
1572434224590,1.6822205,-12.993652,-3.6071014
1572434224590,0.1164093,-13.534744,2.2156067
1572434224590,-0.7790222,-12.146103,5.553116
1572434224590,-0.2953949,-11.116592,4.5523376
1572434224590,0.93522644,-9.857239,0.13264465
1572434224590,2.9080505,-11.576279,-8.759415
1572434224591,1.3374634,-12.07428,-1.4427338
1572434224591,0.24569702,-10.269043,2.0144958
1572434224805,-1.8851318,-4.379318,-2.1801453
1572434224806,-3.5131989,-0.24212646,0.19490051
1572434224807,-3.9585114,-7.2427826,0.73599243
1572434224807,-1.7702179,-9.263489,-3.008545
1572434224807,0.07810974,-7.2140503,-1.8832703
1572434224807,0.1451416,-3.5509186,-0.69096375
1572434224807,-1.7989502,-1.6595001,-0.37971497
1572434224807,-2.517212,-3.7807617,-0.93037415
1572434224807,-0.30975342,-2.6363373,-1.854538
1572434224807,1.4859009,-0.62042236,-2.419571
1572434225036,2.6829987,-3.2875519,-8.855179
1572434225036,3.530548,-12.7925415,-9.137695
1572434225037,-1.4493866,-21.871353,0.14222717
1572434225038,-5.825989,-16.450882,-2.3860474
1572434225038,-4.5474854,-10.302567,-6.144943
1572434225038,-0.7885895,-5.98822,4.6864166
1572434225038,-3.5562897,-9.478958,2.1054688
1572434225038,-1.7702179,-11.93541,-0.030151367
1572434225038,0.039794922,-12.840424,-0.57603455
1572434225038,-0.33848572,-12.256241,0.53486633
1572434225038,0.81552124,-7.980194,2.3448944
1572434225038,0.6048279,-4.178192,1.631424
1572434225039,-1.3392639,-3.2396698,1.5356445
1572434225039,-2.929016,-11.06871,1.6362
1572434225248,-3.268982,-15.43573,1.0280762
1572434225249,-1.66008,-12.907455,-0.67658997
1572434225249,0.07810974,-10.944214,-2.467453
1572434225249,1.8881226,-9.469391,-2.8170166
1572434225249,2.8841095,-7.305023,-0.75320435
1572434225249,1.9503784,-7.798233,1.229187
1572434225249,-0.36721802,-9.790207,2.0097046
1572434225249,-2.2059631,-11.044769,1.3345337
1572434225250,-2.2011719,-11.461365,-0.63349915
1572434225250,-0.7694397,-11.236298,-1.2080994
1572434225469,0.4994812,-10.834076,-0.11155701
1572434225469,0.94480896,-10.91069,1.6649323
1572434225469,1.8162994,-10.106247,4.083084
1572434225469,0.31274414,-9.004913,1.8899841
1572434225469,-0.19961548,-7.72641,-2.7451782
1572434225469,1.4667511,-9.613037,-1.5049896
1572434225470,2.0940247,-14.238632,2.431076
1572434225470,2.577652,-18.00711,3.7287445
1572434225471,3.2049408,-16.695084,1.6888733
1572434225471,2.2137299,-13.022385,-2.0939636
1572434225691,0.1116333,-12.170044,-5.101074
1572434225691,-0.19483948,-12.457352,-8.385925
1572434225691,2.917633,-13.491638,-8.836029
1572434225691,3.1618347,-13.640091,-3.4203491
1572434225691,1.5481415,-13.098999,2.8045807
1572434225691,-0.13258362,-11.77739,6.4485474
1572434225691,-2.407074,-12.107788,5.854782
1572434225691,-3.8244476,-11.312927,4.6576843
1572434225693,-3.6041718,-8.506912,1.9378815
1572434225693,0.006286621,-8.99054,-5.4697876
1572434225913,2.0509338,-10.920273,-2.2088776
1572434225913,3.051712,-10.996887,-0.54730225
1572434225913,0.676651,-7.6450043,-1.4523163
1572434225913,-2.0814667,-5.1358795,0.635437
1572434225913,-1.363205,-5.6051483,1.7080383
1572434225913,-1.7127533,-7.654587,1.387207
1572434225913,-2.1484985,-8.61705,-0.5808258
1572434225913,-2.1389313,-6.615494,-1.4092255
1572434225914,-1.7414856,-3.785553,-0.8441925
1572434225914,-1.7558441,-2.6028137,0.2140503
1572434225914,-0.33848572,-2.3490295,0.9706116
1572434225914,1.4427948,-2.2149506,1.047226
1572434225914,2.170639,-1.6307678,0.3720703
1572434225914,2.3142853,-1.8701935,-0.858551
1572434226136,3.080429,-2.947586,-1.0931854
1572434226136,10.018829,-6.510147,-5.158539
1572434226136,15.798431,-24.95987,-6.6429443
1572434226136,1.7109528,-33.61731,7.181183
1572434226138,2.1610565,-14.142868,-7.6916046
1572434226138,3.238449,-2.1910095,5.438202
1572434226138,1.7779846,-0.83110046,-0.18338013
1572434226138,0.8203125,-6.778305,-2.4578857
1572434226138,-0.99928284,-13.434189,1.4638214
1572434226138,-1.5116425,-15.244202,0.41516113
1572434226352,0.7149658,-12.361588,1.1525726
1572434226352,1.0022736,-8.497345,1.8756256
1572434226352,0.34147644,-7.9658203,1.1525726
1572434226352,0.32710266,-8.257919,1.2435608
1572434226353,0.8490448,-7.917938,1.5117035
1572434226353,1.7301025,-7.9610443,1.4159393
1572434226353,2.467514,-8.564377,1.2962341
1572434226353,3.300705,-8.65535,0.82696533
1572434226353,3.2336578,-7.9418793,-0.1690216
1572434226353,2.6590576,-7.6306305,0.35292053
1572434226575,2.491455,-7.937088,1.1238403
1572434226575,2.7548218,-8.521286,1.1621552
1572434226575,3.142685,-9.531631,0.6114807
1572434226575,2.7931366,-10.652115,0.017730713
1572434226576,2.4148407,-11.490097,0.8461151
1572434226576,1.8593903,-11.715149,1.9378815
1572434226576,0.2888031,-10.776611,0.9993439
1572434226576,-1.6361389,-10.326508,-1.1458588
1572434226576,-1.090271,-11.514038,-1.8401794
1572434226576,1.7588348,-12.701553,-1.3613281
1572434226802,4.1482544,-13.860352,-0.69573975
1572434226802,6.20726,-15.39743,-0.16423035
1572434226802,6.202469,-15.23941,-1.6390686
1572434226802,3.5544891,-13.16124,-3.0947418
1572434226804,0.91607666,-12.457352,-4.6749115
1572434226804,1.1363373,-13.31926,-7.026016
1572434226804,1.7444763,-11.437424,-3.0181274
1572434226804,1.1411285,-8.889984,1.9091492
1572434226804,0.9831085,-9.483749,4.7534637
1572434226804,0.35583496,-12.3424225,5.0599213
1572434226804,-1.2051849,-12.725494,4.672058
1572434226804,-1.8516235,-11.217148,2.7614746
1572434226804,2.1371155,-11.4565735,-11.000397
1572434226804,4.82341,-11.351227,-5.0579834
1572434227016,2.6303253,-10.2786255,-0.3461914
1572434227016,-1.4446106,-8.976181,1.0089264
1572434227016,-2.4214325,-7.54924,0.67852783
1572434227016,-0.017654419,-6.3329773,-0.8920746
1572434227016,0.60961914,-7.56839,-1.6246948
1572434227016,-0.21878052,-8.545227,-2.39563
1572434227016,-0.4438324,-7.482193,-1.4331665
1572434227016,-0.8699951,-5.188553,0.38163757
1572434227016,-1.2913818,-2.928421,0.9658356
1572434227016,-1.3727722,-1.2907867,0.41036987
1572434227245,-0.7837982,0.049957275,0.11828613
1572434227245,0.6622925,1.2949524,-0.21211243
1572434227245,1.399704,1.515213,-2.261551
1572434227245,3.4730835,0.33247375,-4.7898254
1572434227245,8.079529,-1.4727478,-8.816879
1572434227245,22.933151,-6.9746246,-10.660416
1572434227245,7.7395477,-25.69249,7.0854034
1572434227245,4.416397,-29.920654,-9.764984
1572434227245,4.483444,-8.727188,-6.360428
1572434227245,0.50427246,1.4338074,4.7342987
1572434227456,-1.3153229,-0.7161865,-2.1849365
1572434227456,-1.9617462,-10.637756,0.07040405
1572434227456,-1.0567474,-18.136398,3.7383118
1572434227456,3.8465729,-17.614456,1.3776398
1572434227456,4.5648346,-11.073502,-0.49942017
1572434227456,2.9511566,-7.707245,1.4542542
1572434227456,2.2664032,-7.759918,2.2395477
1572434227457,1.7492523,-8.420731,1.4925537
1572434227457,1.1171875,-9.019272,0.908371
1572434227457,0.6910248,-9.158142,0.4199524
1572434227681,1.0453644,-8.980972,-0.23127747
1572434227681,1.8019257,-9.095886,-0.78193665
1572434227681,2.1083832,-9.574722,-0.37971497
1572434227681,1.3374634,-9.579514,0.24757385
1572434227681,0.75805664,-8.535645,0.36727905
1572434227681,1.6008148,-7.2619324,0.5683899
1572434227681,2.850586,-6.141449,1.0951233
1572434227681,3.7699585,-6.18454,1.3536835
1572434227681,3.4252014,-7.774292,0.6833191
1572434227682,1.5960236,-9.52684,-0.15943909
1572434227683,0.011062622,-10.484528,-0.2264862
1572434227683,-0.79338074,-10.479736,0.10391235
1572434227683,-1.253067,-9.852463,0.22840881
1572434227683,-1.5403748,-9.296997,0.3146057
1572434227879,-1.3153229,-9.493332,0.5492401
1572434227879,-0.62579346,-10.053574,0.7264099
1572434227879,0.90649414,-10.350449,0.94667053
1572434227879,2.711731,-10.891541,0.45825195
1572434227879,5.268738,-11.365585,-1.2033234
1572434227879,8.299789,-11.820496,-3.2527466
1572434227881,9.961365,-13.774155,-3.4730225
1572434227881,10.349228,-13.611359,-2.5680084
1572434227881,10.598236,-10.958572,-2.1131134
1572434227881,7.428299,-10.810135,-1.0644531
1572434228101,4.2152863,-12.821274,2.1772919
1572434228101,2.4100647,-13.501221,4.188431
1572434228101,1.2752075,-16.1492,4.2315216
1572434228101,-0.34327698,-19.314346,5.6488953
1572434228101,-1.9282379,-17.729385,8.344757
1572434228101,0.087677,-11.470932,9.431732
1572434228102,0.9591675,-6.931534,7.621704
1572434228102,0.6431427,-5.370514,4.0016785
1572434228102,0.39413452,-5.322632,2.024063
1572434228102,1.1746521,-6.5676117,1.4877625
1572434228381,1.9647369,-8.454239,1.4350891
1572434228381,1.7971497,-10.292984,2.0192719
1572434228381,0.24090576,-11.4565735,2.3927765
1572434228381,-2.5794525,-11.451782,1.8995667
1572434228381,-4.3894806,-10.767044,0.3289795
1572434228381,-4.8683167,-8.894775,-0.5999756
1572434228382,-4.7821198,-6.716049,-0.45632935
1572434228382,-4.312866,-5.7440033,0.07040405
1572434228382,-3.8100739,-5.84935,-0.24563599
1572434228382,-2.7853546,-6.9746246,-4.8999634
1572434228848,6.04924,-10.431854,-19.878098
1572434228848,8.141785,-12.696762,-10.751389
1572434228848,6.6956787,-13.764587,4.557129
1572434228848,8.97496,-13.879501,2.26828
1572434228849,4.9048157,-8.2196045,-0.96868896
1572434228849,0.4994812,-4.039337,0.8939972
1572434228850,0.47554016,-6.055252,1.339325
1572434228850,-0.017654419,-11.705566,1.04245
1572434228850,-0.8269043,-18.87381,1.1525726
1572434228851,-1.3919373,-21.397293,2.4358673
1572434228851,-1.7319031,-12.5004425,2.5268555
1572434228851,-1.7845764,-6.00737,1.1669464
1572434228851,-1.8037415,-4.9826508,0.11828613
1572434228851,-1.7510681,-5.322632,0.22840881
1572434228851,-1.3201141,-7.554016,0.84132385
1572434228851,-0.8699951,-10.134979,1.3297424
1572434228852,-0.29060364,-11.619385,0.73599243
1572434228852,0.94480896,-11.284195,1.7271881
1572434228852,2.1275482,-9.895554,2.7135925
1572434228852,1.9647369,-7.39122,2.0575867
1572434229069,1.6199799,-6.1558075,-0.039733887
1572434229069,2.5824432,-7.913147,-1.5528717
1572434229070,2.5920258,-10.230743,-1.2512054
1572434229070,1.1842346,-10.987305,1.0089264
1572434229070,-0.12779236,-10.565933,2.4023438
1572434229070,-1.8516235,-9.699234,2.9147034
1572434229071,-4.513977,-9.028854,2.1772919
1572434229071,-5.821213,-9.455017,0.57318115
1572434229071,-3.901062,-10.656906,0.4630432
1572434229071,-0.95140076,-11.691208,1.7846527
1572434229071,1.1842346,-11.576279,1.8612671
1572434229071,3.2863312,-10.992096,1.9618225
1572434229072,4.914398,-10.431854,1.679306
1572434229072,6.183319,-10.91069,1.1525726
1572434229072,7.5575867,-12.821274,0.38642883
1572434229072,6.456253,-13.515579,-2.1179047
1572434229072,4.7372284,-14.320038,-2.3860474
1572434229073,4.7946777,-15.814026,-2.5919495
1572434229073,5.115509,-13.472488,-3.166565
1572434229290,4.4020386,-9.967377,-0.8010864
1572434229290,3.1043854,-10.2786255,1.4686127
1572434229290,1.7588348,-13.45813,2.2826385
1572434229290,0.5713196,-16.139633,2.1868744
1572434229290,-0.6928253,-16.216248,2.9530182
1572434229290,-1.6792297,-13.841202,4.126175
1572434229290,-1.2817993,-11.89711,5.893097
1572434229291,-0.24749756,-11.121384,6.6927643
1572434229291,0.93522644,-11.06871,4.91626
1572434229291,5.613495,-11.815704,-4.162552
1572434229359,5.656601,-12.217926,-2.8840485
1572434229359,0.85861206,-12.131729,2.2970123
1572434229360,-1.5499573,-10.680847,2.493332
1572434229360,-3.04393,-8.14299,3.0248413
1572434229576,-4.245819,-6.572403,1.6409912
1572434229576,-4.7342377,-6.6346436,-0.41801453
1572434229576,-4.1404724,-6.955475,-1.0692444
1572434229577,-2.8045044,-5.9499054,-0.7388458
1572434229577,-1.2387085,-4.973068,-0.18817139
1572434229577,0.2935791,-4.2356567,-0.20254517
1572434229577,1.6056061,-3.2061462,-0.96868896
1572434229577,2.0509338,-2.0521545,-1.5001984
1572434229577,1.6822205,-1.1950226,-1.2224731
1572434229577,0.7484894,-1.1662903,-0.5999756
1572434229795,-0.46298218,-1.429657,-0.35098267
1572434229795,1.9455872,-2.9140625,-7.696396
1572434229795,10.85202,-13.118149,-8.759415
1572434229796,3.6167297,-28.129791,9.853104
1572434229797,7.380417,-24.11232,-4.6318207
1572434229797,3.8705292,-8.573959,-2.098755
1572434229797,1.6008148,-3.541336,4.830078
1572434229797,1.0405731,-6.8597107,-0.13549805
1572434229797,0.88734436,-12.337631,-0.7867279
1572434229797,1.533783,-14.238632,-0.21690369
1572434230017,1.5098419,-11.466156,-0.93037415
1572434230017,0.48991394,-9.062363,0.86528015
1572434230017,0.13557434,-8.688873,1.5979004
1572434230019,0.23612976,-7.88443,0.7886658
1572434230019,0.34147644,-7.2379913,0.07518005
1572434230019,0.22654724,-7.7407684,0.1278534
1572434230019,-0.06555176,-8.5979,0.70726013
1572434230019,0.26963806,-9.12941,1.1813049
1572434230019,1.6151886,-9.440659,1.4350891
1572434230019,3.0421295,-8.8085785,0.640213
1572434230247,4.4499207,-8.018494,-0.8298187
1572434230247,5.2160645,-8.176514,-0.61434937
1572434230247,5.206482,-8.799011,-0.6813812
1572434230249,4.521744,-9.948227,-1.3182373
1572434230249,3.458725,-10.767044,-0.5808258
1572434230249,2.4052734,-10.623383,0.34812927
1572434230249,1.4284363,-10.17807,0.7024689
1572434230249,0.8059387,-10.029633,1.9091492
1572434230250,0.05895996,-9.761475,2.7327576
1572434230250,-1.3679962,-9.426285,1.4494629
1572434230250,-2.4166565,-10.920273,-0.5999756
1572434230250,-0.9753418,-13.577835,-0.35577393
1572434230250,2.850586,-15.904999,1.497345
1572434230251,6.2743073,-16.292862,1.8804169
1572434230468,6.36528,-14.765366,-1.3278198
1572434230468,4.971863,-14.176392,-5.6565247
1572434230468,4.641449,-13.506012,-11.048279
1572434230468,3.827423,-11.959351,-5.776245
1572434230468,1.3230896,-10.522827,2.6705017
1572434230468,0.9591675,-10.810135,7.142868
1572434230468,0.24090576,-12.653671,4.715149
1572434230468,-2.0287933,-11.648102,2.431076
1572434230468,-2.9912567,-10.067932,0.5396576
1572434230470,0.0014953613,-10.283417,-8.610977
1572434230677,4.0429077,-10.982513,-2.941513
1572434230677,3.1522675,-10.728729,-0.9160156
1572434230677,-1.2913818,-8.104691,1.545227
1572434230677,-2.3735504,-6.644226,0.87005615
1572434230677,-0.13737488,-5.0688477,0.343338
1572434230678,0.7484894,-5.4950104,0.56359863
1572434230678,0.5760956,-6.443115,-1.2224731
1572434230678,-0.6018524,-6.3808594,-1.2990875
1572434230678,-1.5595245,-4.944336,-0.025375366
1572434230679,-2.0431519,-3.4168396,0.8509064
1572434230967,-1.5499573,-2.3346558,1.2914429
1572434230967,-0.5443878,-2.0569305,1.6122589
1572434230967,-0.12779236,-1.4727478,0.8317566
1572434230967,0.81552124,-1.2524872,0.08955383
1572434230967,1.447586,-2.387329,1.6840973
1572434230967,7.380417,-3.6418915,-0.27915955
1572434230967,23.110321,-20.377365,-4.737152
1572434230967,11.69957,-44.11827,2.8764038
1572434230967,2.6638489,-21.785156,-12.398605
1572434230968,1.7540436,-1.5350037,6.2618103
1572434231189,1.7923584,-0.65393066,7.9712677
1572434231189,-0.44862366,-1.0513763,-5.3787994
1572434231189,-0.5491791,-8.923508,0.10391235
1572434231189,-0.937027,-14.612137,4.2937775
1572434231189,1.2033844,-14.88028,3.6425476
1572434231189,2.1802216,-11.154907,1.8899841
1572434231189,1.5433655,-8.612259,1.1286316
1572434231189,1.4667511,-8.104691,0.95625305
1572434231189,1.2752075,-7.735977,0.26672363
1572434231190,0.87298584,-7.951462,0.19490051
1572434231191,0.8394623,-8.717606,0.5109253
1572434231191,1.0693054,-8.770279,0.50135803
1572434231191,1.4188538,-8.0616,0.4343109
1572434231191,1.8881226,-7.2236176,0.7599335
1572434231191,2.3573914,-6.7208405,1.2866516
1572434231191,2.9463654,-7.496567,1.6170502
1572434231191,3.7173004,-9.000122,1.6122589
1572434231407,3.2288818,-9.368835,0.20446777
1572434231407,1.1555023,-10.024841,-1.6869507
1572434231409,-0.64494324,-11.260254,-1.7013092
1572434231409,-1.9425964,-11.528397,-0.39886475
1572434231409,-1.6169891,-10.949005,0.9658356
1572434231409,0.0014953613,-10.441437,1.0376587
1572434231409,1.849823,-10.69043,0.8317566
1572434231409,2.850586,-12.25145,0.7455597
1572434231409,3.3629456,-13.903442,1.0807495
1572434231410,5.254364,-15.39743,1.9857635
1572434231616,7.0548096,-15.976822,1.4734039
1572434231616,4.296692,-13.47728,-1.739624
1572434231617,-0.41989136,-12.600998,-5.158539
1572434231618,-3.2594147,-12.950546,-6.925461
1572434231618,-2.4118652,-13.070267,-5.235153
1572434231618,-0.6114197,-10.963364,-1.5193481
1572434231618,-0.16610718,-8.272278,2.4215088
1572434231618,0.379776,-8.2148285,4.8635864
1572434231618,0.9400177,-10.273834,3.8819733
1572434231618,1.7540436,-11.083069,1.1525726
1572434231970,5.024521,-10.728729,-4.4546356
1572434231970,6.2838745,-10.264252,-1.8210144
1572434231972,2.6351166,-9.124619,-0.6095581
1572434231972,-1.090271,-7.6354218,1.047226
1572434231972,-1.4877014,-6.8884277,2.5843048
1572434231972,-0.0894928,-6.3090363,1.660141
1572434231972,0.025436401,-6.2898865,1.1094818
1572434231972,-0.61621094,-6.6298676,-0.15466309
1572434231972,-1.363205,-6.8644867,-0.9495392
1572434231972,-2.0958252,-5.595566,-0.1977539
1572434232177,-2.0383606,-3.627533,0.8509064
1572434232177,-1.2722168,-2.2293243,1.0998993
1572434232179,-0.49171448,-1.587677,0.73599243
1572434232180,0.48512268,-1.4583893,0.26193237
1572434232180,2.0700836,-1.9228668,0.8604889
1572434232180,7.4618225,-2.9810944,1.6457825
1572434232180,25.116669,-11.949783,0.39601135
1572434232180,19.916458,-38.58766,-3.4347076
1572434232180,1.0453644,-26.654968,-6.5328064
1572434232180,0.93045044,-5.528534,-0.27915955
1572434232180,2.8649597,-1.1806641,8.986404
1572434232180,3.0660706,-1.2812195,4.3464355
1572434232181,1.5625153,-6.8357697,-2.5440674
1572434232181,-0.79338074,-11.303345,-3.4730225
1572434232181,-1.4446106,-11.332077,-0.40844727
1572434232182,-1.3536224,-10.781403,2.7614746
1572434232182,-0.1230011,-10.451004,3.3648224
1572434232182,1.4188538,-9.2586975,1.8085938
1572434232182,2.5058289,-8.837311,1.6170502
1572434232182,2.5632935,-10.168488,2.225174
1572434232380,2.6111755,-11.111801,2.5220642
1572434232380,3.2623901,-10.221161,2.1437836
1572434232382,3.7891235,-8.052017,0.9610443
1572434232382,3.779541,-6.4239655,0.06561279
1572434232382,3.827423,-6.1558075,0.3624878
1572434232382,3.6789856,-6.6107025,0.37686157
1572434232382,2.8889008,-8.2196045,-0.5808258
1572434232382,2.68779,-10.130188,0.6450043
1572434232382,2.4531555,-11.557129,2.6082458
1572434232382,1.4332275,-11.284195,2.809372
1572434232590,1.0070648,-9.766266,0.08955383
1572434232590,2.0461426,-9.469391,-1.4187927
1572434232592,2.6542664,-9.914703,0.5683899
1572434232592,2.3430176,-11.317703,2.699234
1572434232592,4.9431305,-15.4453125,4.5667114
1572434232592,5.4650574,-17.604889,1.5835266
1572434232592,3.3054962,-15.852325,-3.7938385
1572434232592,1.8641815,-14.8563385,-5.9438324
1572434232592,1.9168549,-11.921051,-4.0189056
1572434232592,1.9599457,-9.742325,-1.9934082
1572434232801,1.6295471,-9.201233,-0.9160156
1572434232801,0.9783325,-8.99054,0.9658356
1572434232802,0.5856781,-9.751907,2.3257294
1572434232802,0.85861206,-12.141312,1.837326
1572434232802,0.06373596,-13.228287,1.1765137
1572434232802,-0.79338074,-10.915482,0.6737366
1572434232802,1.2799988,-8.492554,-6.475342
1572434232803,4.866516,-8.30101,-4.411545
1572434232803,3.482666,-9.019272,3.154129
1572434232803,0.4707489,-9.378403,2.4167175
1572434233024,-1.2674408,-8.784637,0.13743591
1572434233024,-2.6081848,-8.008926,-0.93037415
1572434233027,-3.51799,-7.846115,0.1278534
1572434233027,-2.1197662,-6.778305,0.343338
1572434233027,0.10684204,-5.265167,-0.54730225
1572434233027,0.50427246,-4.4559326,-1.0931854
1572434233027,0.68144226,-2.9954681,-0.7149048
1572434233027,1.0740967,-2.3777618,0.0033569336
1572434233028,0.6431427,-2.2532654,1.1717377
1572434233028,0.93522644,-1.113617,2.7279663
1572434233247,0.9112854,-0.99391174,1.7463379
1572434233247,2.9990387,-2.5453491,-1.7013092
1572434233249,11.412262,-9.66571,-3.2862701
1572434233249,14.433746,-30.466537,5.098221
1572434233249,11.000458,-36.351486,-2.8553162
1572434233249,4.2009277,-12.514816,-1.8832703
1572434233249,1.7779846,-3.0577087,7.276947
1572434233249,0.79637146,-1.9515839,2.431076
1572434233249,-0.14216614,-4.2260895,-3.2958527
1572434233249,0.82987976,-10.120605,0.2427826
1572434233444,0.0541687,-12.371155,2.4789581
1572434233444,0.17866516,-11.643326,2.8428802
1572434233446,0.006286621,-9.747116,2.6034698
1572434233446,-0.17567444,-7.9610443,1.5883179
1572434233446,0.23612976,-7.1805267,0.76950073
1572434233446,0.39413452,-6.9889984,0.59233093
1572434233446,0.8969269,-7.616272,0.8461151
1572434233446,1.9120636,-8.454239,1.3201752
1572434233446,2.3861237,-8.492554,1.6505737
1572434233446,2.759613,-8.420731,1.5979004
1572434233755,3.3868866,-8.712814,0.22363281
1572434233755,3.731659,-8.5979,-0.20254517
1572434233757,3.7173004,-8.257919,1.0998993
1572434233757,2.419632,-8.688873,-0.09719849
1572434233758,0.006286621,-10.297775,0.77908325
1572434233758,-2.972107,-11.619385,1.8325348
1572434233758,-3.9202118,-12.007233,0.38642883
1572434233758,0.46118164,-11.298553,1.2148285
1572434233758,5.0149536,-10.695221,1.9713898
1572434233758,5.426758,-11.825272,1.8325348
1572434233998,4.5361176,-14.157227,0.9371033
1572434233999,6.197693,-15.359116,0.13743591
1572434234000,8.687653,-14.22905,-0.41801453
1572434234000,6.5041504,-12.2323,-1.3613281
1572434234000,3.707718,-12.840424,-2.194519
1572434234000,1.4427948,-12.428619,-3.9662323
1572434234000,0.48033142,-11.135742,-4.1290283
1572434234000,1.4715271,-11.197998,-3.4155579
1572434234000,1.7588348,-10.111023,0.4486847
1572434234000,1.9982605,-10.15892,4.3608093
1572434234000,3.4491425,-12.840424,5.332855
1572434234000,2.3765411,-14.253006,4.691208
1572434234001,0.70059204,-11.849228,3.3312988
1572434234001,2.2855682,-9.953018,-5.4889374
1572434234001,4.1721954,-10.7335205,-8.424225
1572434234001,4.459503,-10.719162,4.011261
1572434234001,2.7931366,-10.647339,0.23799133
1572434234001,-2.4262238,-9.871613,0.80781555
1572434234001,-3.35997,-8.727188,0.9897766
1572434234201,-0.8987274,-6.9219513,-0.058883667
1572434234201,-1.1716614,-6.18454,0.7264099
1572434234201,-1.3153229,-6.127075,0.3050232
1572434234203,-0.6018524,-4.805481,0.022506714
1572434234203,-1.3201141,-2.7799835,0.8221741
1572434234203,-1.8228912,-1.0322113,0.20446777
1572434234203,-0.40072632,0.48091125,-0.70532227
1572434234203,1.2799988,0.43782043,-2.4004211
1572434234203,3.731659,-0.81674194,-3.7459564
1572434234203,7.1649475,-2.2532654,-4.483368
1572434234430,9.061157,-4.805481,-5.479355
1572434234430,17.086517,-6.979416,-2.3812714
1572434234430,21.415237,-23.91121,-5.2734528
1572434234432,-0.46298218,-32.717087,-3.6789246
1572434234432,-1.545166,-7.525299,-5.077133
1572434234432,1.3805542,2.487259,-0.7388458
1572434234432,2.2041626,0.3085327,6.5586853
1572434234432,0.59046936,-4.4319763,0.77908325
1572434234432,0.26963806,-15.191528,0.012939453
1572434234432,1.6678619,-18.639175,2.833313
1572434234653,3.2671814,-12.567474,0.8461151
1572434234653,3.463501,-7.659363,0.94189453
1572434234653,2.8362274,-7.008148,1.6266327
1572434234655,1.7301025,-6.984207,1.1717377
1572434234655,0.99269104,-8.085541,0.94667053
1572434234656,0.82510376,-9.718384,0.7934418
1572434234656,0.6048279,-10.441437,0.7599335
1572434234656,0.3510437,-9.967377,0.5205078
1572434234656,0.10684204,-9.3975525,-0.34140015
1572434234656,0.10684204,-8.846893,-0.537735
1572434234656,0.69581604,-8.545227,0.19010925
1572434234656,1.8402405,-8.645782,1.4829712
1572434234656,3.6358948,-8.875626,1.9187164
1572434234657,5.3501434,-8.822952,0.28108215
1572434234852,5.3597107,-8.109482,-0.79629517
1572434234852,3.8082733,-7.6066895,-0.2839508
1572434234852,1.3326721,-8.0616,-0.4946289
1572434234852,-0.7694397,-8.698456,-0.5712433
1572434234852,-1.7366943,-9.206024,-0.22169495
1572434234852,-2.0144196,-10.149338,0.046463013
1572434234853,-1.9617462,-11.083069,0.38642883
1572434234853,-0.61621094,-10.771835,0.36727905
1572434234853,2.1897888,-10.388763,0.2427826
1572434234854,4.7899017,-9.88118,-1.0979767
1572434235067,7.1888885,-9.771057,-2.4578857
1572434235068,8.496124,-13.884293,0.37686157
1572434235068,8.788208,-16.326385,0.16137695
1572434235068,10.464157,-14.205109,-1.9072113
1572434235068,9.396347,-10.269043,1.0376587
1572434235068,5.7619476,-10.21637,3.451004
1572434235068,2.6734161,-13.879501,3.398346
1572434235068,0.34625244,-17.11647,3.6042328
1572434235068,-2.7183228,-19.098862,5.691986
1572434235069,-5.0311127,-17.791626,6.6352997
1572434235296,-3.3216553,-14.027939,6.0223846
1572434235296,-1.0184326,-9.857239,6.6927643
1572434235296,-1.1285706,-7.9658203,6.45813
1572434235296,-1.7941589,-7.9035797,3.7861938
1572434235297,-1.8995056,-7.917938,2.838089
1572434235297,-0.48213196,-7.846115,3.4079132
1572434235297,1.8067169,-7.793442,3.3696136
1572434235297,1.7492523,-7.865265,2.4119263
1572434235297,-0.1230011,-7.937088,1.8564758
1572434235298,-1.3919373,-8.602676,2.0336456
1572434235519,-2.589035,-9.119827,1.7080383
1572434235519,-3.6855774,-8.679291,0.77908325
1572434235519,-4.4421387,-7.5157166,0.060821533
1572434235519,-4.5762177,-6.2707367,-0.2599945
1572434235519,-4.399048,-5.992996,-0.5090027
1572434235519,-5.375885,-7.999344,-6.949402
1572434235520,-0.36721802,-12.09343,-15.506271
1572434235520,6.925522,-14.468475,-16.224533
1572434235520,7.9119415,-13.12294,-3.3868256
1572434235521,7.5575867,-9.593887,4.4948883
1572434235731,2.9511566,-8.047226,3.1732788
1572434235731,1.0166321,-11.3224945,1.4446716
1572434235731,-0.73114014,-17.279266,1.0185089
1572434235731,-2.8045044,-18.85466,0.79823303
1572434235731,-3.6472778,-11.54277,1.4734039
1572434235731,-2.3065186,-6.2994537,2.249115
1572434235731,-1.0806885,-6.093567,1.205246
1572434235731,-0.63056946,-7.161377,0.94189453
1572434235731,-0.71676636,-10.134979,1.7032471
1572434235737,-0.6976166,-12.62973,2.5124817
1572434235737,0.21218872,-11.585861,2.838089
1572434235737,0.72454834,-9.86203,2.5076904
1572434235737,0.56173706,-9.048004,1.9187164
1572434235737,0.62397766,-8.008926,1.1094818
1572434235929,0.66708374,-7.099121,0.22840881
1572434235929,0.82510376,-7.1087036,-0.79151917
1572434235929,0.5952606,-8.880417,-2.4004211
1572434235929,-0.0032958984,-10.647339,-2.2663422
1572434235929,0.039794922,-11.24588,0.4630432
1572434235929,-0.68803406,-10.465378,3.5276184
1572434235929,-2.9816895,-8.957031,2.450241
1572434235930,-3.8675385,-9.182083,0.31939697
1572434235930,-2.9816895,-10.699997,0.8604889
1572434235930,-0.59706116,-11.892319,1.1190643
1572434236152,1.4571686,-12.304123,0.82696533
1572434236152,2.5393524,-11.691208,0.7455597
1572434236152,3.7125092,-11.188416,1.5308685
1572434236152,4.9622803,-12.356796,2.0767365
1572434236152,5.8337708,-14.554672,1.047226
1572434236154,5.546463,-14.612137,-0.5904083
1572434236154,4.9287567,-14.798874,-2.8792572
1572434236154,5.182541,-13.788528,-4.761093
1572434236154,5.115509,-11.351227,-3.4490814
1572434236154,3.7508087,-11.652893,-1.1745911
1572434236373,2.0700836,-13.984848,0.20925903
1572434236373,-0.06555176,-15.962463,1.545227
1572434236373,-2.3974915,-16.292862,3.7143707
1572434236373,-2.7853546,-15.464462,7.162018
1572434236373,-3.312088,-13.276169,6.3144836
1572434236376,-1.1812439,-10.350449,-1.1458588
1572434236376,4.2679596,-9.66571,-5.522461
1572434236376,3.7843323,-11.408691,-0.82025146
1572434236376,1.150711,-11.341644,0.6880951
1572434236376,-0.62579346,-8.248337,1.6697235
1572434236593,-2.182022,-5.9546967,0.185318
1572434236593,-4.6576233,-4.7719574,-0.29830933
1572434236593,-5.8882446,-3.967514,1.5021362
1572434236593,-4.379898,-2.497467,0.24757385
1572434236593,-3.0583038,-1.5972443,-1.7827148
1572434236595,-2.4118652,-2.3729706,-1.5049896
1572434236595,-0.8843689,-3.354599,-0.7484131
1572434236596,0.10684204,-3.8477936,-0.3605652
1572434236596,1.1076202,-3.0337677,0.08476257
1572434236596,2.7021484,-2.5453491,-0.9208069
1572434236816,2.122757,-3.5078278,-1.9167938
1572434236816,4.569626,-4.8677216,-3.889618
1572434236816,17.895752,-11.590652,-2.783493
1572434236816,9.712372,-30.969315,-0.058883667
1572434236816,3.7125092,-25.510529,-3.5687866
1572434236817,1.8689728,-6.2659454,-3.8752441
1572434236818,0.379776,-3.3067017,7.7414246
1572434236818,-0.5731201,-5.6338806,0.98498535
1572434236818,0.5760956,-11.059128,-3.2862701
1572434236818,1.6534882,-14.36792,1.7080383
1572434236818,2.328659,-11.906677,0.59233093
1572434236818,2.467514,-8.348892,0.47262573
1572434236818,1.8881226,-7.937088,1.655365
1572434236818,1.0070648,-7.702469,1.1956787
1572434237193,0.25527954,-7.2236176,0.88442993
1572434237195,-0.12779236,-7.6450043,1.1525726
1572434237195,0.19302368,-8.736755,1.2914429
1572434237195,1.2943573,-9.857239,1.2818604
1572434237195,2.462738,-10.130188,1.2435608
1572434237195,2.6111755,-8.980972,0.027297974
1572434237195,2.3669586,-7.937088,-0.8872833
1572434237195,2.5728607,-7.5635986,-0.29351807
1572434237195,3.1331024,-8.463821,0.44389343
1572434237195,3.6167297,-10.4366455,1.2387695
1572434237413,3.6741943,-11.825272,2.244339
1572434237416,3.0469208,-11.537979,2.7566986
1572434237416,1.6295471,-10.920273,3.6473389
1572434237416,-1.1094208,-10.192429,3.2594757
1572434237416,-4.126114,-10.043991,-1.0357208
1572434237417,-3.4126434,-10.862808,-1.8258057
1572434237417,0.28401184,-13.118149,-0.29351807
1572434237417,2.9750977,-14.334396,0.908371
1572434237417,4.186554,-14.779724,0.74076843
1572434237417,5.431549,-16.42694,-3.2335968
1572434237417,7.1840973,-15.521927,-10.133682
1572434237418,6.3556976,-11.791763,-8.132141
1572434237418,2.807495,-10.369598,-1.6246948
1572434237418,0.9974823,-11.863586,2.1485596
1572434237418,0.16908264,-12.811691,3.2546844
1572434237418,-0.7502899,-12.960129,3.49411
1572434237418,-2.5842438,-12.653671,2.4598083
1572434237418,-4.28891,-9.593887,-5.0196686
1572434237418,1.0022736,-8.569168,-3.0037537
1572434237634,5.584778,-11.356018,0.6976776
1572434237634,4.679764,-11.528397,-0.5999756
1572434237637,-1.0184326,-9.263489,1.0137177
1572434237637,-2.431015,-8.186096,0.17575073
1572434237637,-1.4829102,-5.992996,1.363266
1572434237637,-1.7606354,-5.2077026,1.3584747
1572434237637,-2.1868134,-5.322632,-0.89686584
1572434237637,-2.8476105,-4.5947876,-1.5959625
1572434237637,-3.245041,-2.971527,-0.9208069
1572434237637,-2.6656494,-1.3482513,0.5540314
1572434237850,-1.9617462,-0.16551208,1.9378815
1572434237851,-1.7319031,0.49049377,2.3257294
1572434237852,-0.65930176,0.39952087,1.9426575
1572434237852,4.8760834,-0.9843292,0.34812927
1572434237852,14.452896,-12.265808,2.024063
1572434237852,20.725708,-41.542114,-1.0309296
1572434237852,10.478516,-36.317963,-6.3077545
1572434237852,0.4659729,-6.7591553,1.8612671
1572434237852,-0.53001404,-0.79759216,5.533966
1572434237852,-1.66008,-0.9891205,-1.5384979
1572434238071,-2.3974915,-6.730423,-1.4331665
1572434238072,-2.814087,-13.683182,1.6122589
1572434238073,-1.9186554,-14.779724,2.2730713
1572434238073,-0.46777344,-10.628174,2.5124817
1572434238073,-0.07991028,-8.205246,1.4494629
1572434238074,0.6575012,-8.171722,0.47262573
1572434238074,1.2560577,-7.9275208,0.5061493
1572434238074,1.3422394,-7.1901093,0.4486847
1572434238074,2.0509338,-7.137436,0.62106323
1572434238074,3.0373383,-7.72641,1.205246
1572434238306,4.1099396,-8.506912,1.8325348
1572434238306,4.7372284,-8.894775,2.062378
1572434238308,4.1578217,-8.583527,1.4398804
1572434238308,3.5496979,-8.573959,0.099121094
1572434238308,2.9942474,-9.34967,-0.7579956
1572434238308,1.6151886,-10.661697,-0.43717957
1572434238309,-0.80296326,-11.667267,1.1238403
1572434238309,-3.8052826,-12.007233,2.4406586
1572434238309,-5.940918,-11.691208,0.9371033
1572434238309,-3.9154205,-10.383972,0.31939697
1572434238309,0.9831085,-9.804565,2.1629333
1572434238309,4.1721954,-10.747894,2.6465607
1572434238311,4.5839996,-11.892319,1.9378815
1572434238311,3.985443,-14.363129,1.9857635
1572434238515,2.491455,-14.875488,1.0951233
1572434238516,-0.209198,-12.5004425,-2.5967407
1572434238516,0.6335602,-13.860352,-5.3740234
1572434238516,3.0133972,-14.205109,-6.2838135
1572434238516,3.4922333,-12.40947,-4.9765778
1572434238516,2.7308807,-12.318481,-4.004532
1572434238516,1.3709717,-12.505234,-1.5384979
1572434238516,-0.38157654,-11.494873,3.8293
1572434238517,-2.6656494,-11.844437,5.691986
1572434238517,-4.241028,-14.238632,2.5938873
1572434238736,-5.8403625,-11.772614,1.655365
1572434238736,-3.178009,-8.133423,-3.645401
1572434238736,4.40683,-8.3776245,-6.6285706
1572434238736,7.040451,-10.077515,2.359253
1572434238736,5.321411,-10.096664,1.8995667
1572434238736,-0.40551758,-7.7790833,0.43910217
1572434238736,-1.8037415,-7.4486847,0.41516113
1572434238736,-3.2833557,-7.1039124,1.04245
1572434238738,-4.2984924,-5.5812073,0.2523651
1572434238738,-4.355957,-4.3218536,-0.98783875
1572434238967,-3.656845,-4.221298,-1.2080994
1572434238967,-2.8763428,-3.8956757,-0.21211243
1572434238967,-1.9713287,-3.1869965,1.6697235
1572434238967,-1.3009491,-2.0090485,2.7949982
1572434238967,-0.85084534,-1.1758728,2.5795288
1572434238967,2.5154114,-1.0896759,0.64979553
1572434238967,21.199753,-6.462265,-6.0156555
1572434238967,16.698654,-32.11374,3.49411
1572434238969,4.6510315,-35.19748,-4.009323
1572434238969,3.731659,-12.050339,-3.6310425
1572434239176,2.8984833,-3.6371155,10.126053
1572434239176,0.8059387,-2.4783173,1.0951233
1572434239176,1.241684,-4.738449,-6.3939514
1572434239176,-0.1517334,-8.679291,0.3624878
1572434239177,-2.1963806,-10.69043,1.6888733
1572434239177,-0.6497345,-11.231522,2.1006775
1572434239177,0.8394623,-10.872391,2.3688354
1572434239177,1.2225342,-9.244324,1.3105927
1572434239177,0.88734436,-8.075958,0.8317566
1572434239177,0.71017456,-7.712036,0.9897766
1572434239177,1.3230896,-8.248337,0.7934418
1572434239177,2.395691,-8.703247,0.79823303
1572434239177,3.027771,-8.248337,0.640213
1572434239177,2.9319916,-7.4774017,-0.034942627
1572434239398,2.1275482,-7.4534607,-1.1745911
1572434239398,1.9838867,-8.506912,-1.3852692
1572434239398,2.51062,-10.106247,0.14701843
1572434239398,2.7069397,-11.169266,1.7367554
1572434239399,2.1275482,-11.533188,3.0152588
1572434239399,0.9112854,-11.255463,3.8628082
1572434239399,-1.1381531,-10.623383,2.196457
1572434239399,-2.4214325,-10.0392,-1.7491913
1572434239399,-1.0423737,-10.451004,-1.4379425
1572434239399,2.3478088,-13.400665,0.87005615
1572434239632,6.36528,-16.843521,1.9091492
1572434239632,8.079529,-15.076599,0.70726013
1572434239632,6.073181,-12.423828,-2.4961853
1572434239632,5.249588,-13.913025,-7.05954
1572434239634,4.4451294,-13.2234955,-7.380356
1572434239634,2.783554,-11.427841,-3.6166687
1572434239634,1.6582794,-10.5755005,-0.8154602
1572434239634,0.537796,-10.010468,1.95224
1572434239634,-0.5635376,-10.896332,2.2395477
1572434239634,-1.6217804,-12.510025,1.7176056
1572434239850,-2.5986176,-11.806122,2.359253
1572434239850,-0.7215576,-10.264252,-0.7101135
1572434239850,6.3317566,-9.943436,-4.545624
1572434239850,6.1881104,-9.723175,-0.7867279
1572434239852,0.24090576,-8.391998,2.2539062
1572434239852,-2.1389313,-8.731964,1.9091492
1572434239852,0.22654724,-7.5779724,-0.034942627
1572434239852,-0.41989136,-6.4000244,0.65937805
1572434239852,-2.5267792,-6.2180634,0.26672363
1572434239852,-1.952179,-5.485428,-1.3182373
1572434239852,-2.114975,-4.302704,-1.3373871
1572434239853,-2.4980469,-2.4352264,-0.5999756
1572434239853,-2.3352509,-1.1423492,-0.006210327
1572434240060,-2.2059631,-0.80236816,0.6114807
1572434240061,-1.4829102,-1.0896759,1.928299
1572434240061,2.4340057,-2.2341003,-0.35098267
1572434240061,19.437622,-8.075958,-0.1690216
1572434240061,20.802322,-30.39949,-0.2743683
1572434240061,10.310928,-33.97644,-8.232697
1572434240061,2.0892334,-9.775848,0.73599243
1572434240061,0.76763916,-2.1239777,5.763809
1572434240061,-1.6744537,-1.7839966,-2.122696
1572434240061,-1.3584137,-5.7487946,0.47262573
1572434240284,-1.2003937,-11.585861,3.1972198
1572434240287,0.379776,-14.008789,1.9139404
1572434240287,2.6925812,-11.56192,1.3201752
1572434240287,3.3533783,-8.899567,2.7279663
1572434240287,3.8178558,-7.6976776,2.9290771
1572434240287,3.6598358,-6.8884277,1.3153839
1572434240287,3.0373383,-6.73999,0.44389343
1572434240287,2.4770966,-7.654587,0.6067047
1572434240287,1.8593903,-9.225174,0.27630615
1572434240287,1.1411285,-9.646561,-0.2552185
1572434240510,0.671875,-8.588318,-0.4323883
1572434240512,0.36062622,-7.5348663,-0.5329437
1572434240512,0.26963806,-7.1278534,-0.63349915
1572434240512,0.72932434,-7.6114807,-0.5090027
1572434240512,1.8115082,-9.253906,0.5540314
1572434240512,3.0900116,-11.346436,2.2347565
1572434240513,3.3102722,-12.347214,2.809372
1572434240513,2.395691,-12.352005,2.7327576
1572434240513,1.1842346,-11.499664,0.60191345
1572434240513,0.52342224,-9.723175,-1.3804932
1572434240513,0.65270996,-9.167709,-0.99742126
1572434240514,2.3095093,-12.423828,0.18052673
1572434240514,5.5608215,-15.895416,1.3680573
1572434240514,7.471405,-14.937744,1.9235077
1572434240710,4.8521423,-11.681625,-0.4946289
1572434240710,2.0509338,-13.525162,-4.7898254
1572434240710,0.03501892,-15.119705,-8.630127
1572434240710,0.45159912,-13.127731,-5.158539
1572434240710,2.146698,-11.988083,-2.2663422
1572434240710,2.5441284,-10.709579,1.2818604
1572434240710,1.7205353,-10.043991,3.9202728
1572434240712,-0.25228882,-11.135742,3.925064
1572434240712,-2.770996,-11.796555,3.3073578
1572434240712,-3.814865,-10.790985,2.7088013
1572434240936,1.0405731,-10.767044,-8.050735
1572434240936,6.949463,-11.0256195,-4.27269
1572434240936,6.499359,-10.719162,-0.67658997
1572434240936,-0.22355652,-9.234756,-0.015792847
1572434240936,-3.814865,-9.344879,0.98498535
1572434240936,-0.58747864,-7.6019135,0.80781555
1572434240937,0.79637146,-6.505356,-0.48506165
1572434240938,-0.06555176,-7.008148,-2.2950745
1572434240938,-0.4725647,-7.2475586,-1.423584
1572434240939,-1.6552887,-5.8445587,0.7024689
1572434241158,-2.091034,-3.4168396,1.4255219
1572434241158,-1.4015045,-1.0609436,0.43910217
1572434241158,-0.14694214,-0.0074920654,-0.79629517
1572434241158,1.7253113,0.37557983,-1.2080994
1572434241158,3.8417969,0.62457275,-2.8696747
1572434241158,4.684555,-0.75927734,-4.4019775
1572434241158,16.631622,-3.8430176,-9.243042
1572434241160,12.111359,-21.449966,4.7007904
1572434241160,2.84581,-33.918976,-2.06044
1572434241160,6.5759735,-15.162796,-10.100174
1572434241372,1.5385742,-0.1463623,5.3615875
1572434241373,-0.008087158,-0.22776794,2.0958862
1572434241373,-0.29060364,-6.481415,-1.2799377
1572434241373,-1.5499573,-13.788528,3.1732788
1572434241373,0.8634033,-14.952103,4.2315216
1572434241373,4.114731,-11.547546,1.4350891
1572434241373,5.29747,-8.765488,0.051239014
1572434241375,4.660614,-7.7168274,1.2004547
1572434241376,3.3102722,-7.3385468,0.26672363
1572434241376,1.873764,-7.702469,-0.4946289
1572434241603,0.51864624,-8.765488,-0.3461914
1572434241603,-0.49650574,-9.239548,-0.18338013
1572434241603,-0.65930176,-9.780624,-0.08282471
1572434241603,-0.36242676,-10.029633,-0.054107666
1572434241603,-0.20440674,-9.660919,0.14701843
1572434241603,0.12120056,-8.593109,0.908371
1572434241603,0.81552124,-7.482193,1.5835266
1572434241606,1.715744,-7.2379913,1.7990112
1572434241606,2.4292145,-8.133423,1.7702789
1572434241606,2.3382263,-9.301788,1.2627106
1572434241606,1.5289917,-9.838089,0.59233093
1572434241606,0.4994812,-9.311371,0.5109253
1572434241606,-0.29060364,-8.83252,0.5109253
1572434241606,-0.63056946,-8.957031,0.7168274
1572434241817,-0.70240784,-9.718384,0.7934418
1572434241817,-0.6353607,-11.18364,0.49656677
1572434241817,-0.07991028,-11.413483,0.18052673
1572434241819,2.0078278,-10.51326,-0.08761597
1572434241819,6.025299,-10.441437,-2.3908386
1572434241819,10.856796,-11.413483,-4.35408
1572434241819,11.953354,-13.14209,-0.7388458
1572434241819,14.194321,-12.888306,-0.69096375
1572434241819,12.98764,-12.189194,-3.961441
1572434241819,5.4889984,-13.45813,-1.265564
1572434242038,3.3533783,-15.383057,2.7854156
1572434242038,2.5201874,-18.438065,3.7718353
1572434242038,0.45159912,-22.35498,5.557907
1572434242039,-3.1349182,-21.550522,10.169144
1572434242040,-1.7893677,-15.277725,12.874588
1572434242040,0.6048279,-9.589096,10.671921
1572434242040,-0.28102112,-6.9985657,6.0846405
1572434242040,-0.8556366,-6.5676117,3.2738342
1572434242040,-0.5491791,-7.9897614,2.9913177
1572434242040,0.15472412,-9.426285,2.7997894
1572434242267,0.75805664,-9.435867,2.6609192
1572434242267,-0.04159546,-9.067154,2.4358673
1572434242267,-2.1676483,-8.746338,1.4877625
1572434242270,-3.9633026,-8.885193,0.7168274
1572434242270,-4.9353485,-8.95224,0.5540314
1572434242270,-4.533127,-7.8604736,0.17575073
1572434242270,-3.585022,-6.256363,-0.2552185
1572434242270,-2.7326813,-5.6099243,-0.40844727
1572434242270,-2.047943,-5.7440033,-0.078048706
1572434242270,-1.7893677,-6.304245,0.343338
1572434242486,-1.6361389,-7.6450043,0.060821533
1572434242486,1.6199799,-11.700775,-12.690704
1572434242486,7.289444,-15.617691,-17.684998
1572434242488,5.953476,-13.185181,-1.0261536
1572434242488,5.091568,-12.902664,2.1629333
1572434242488,3.027771,-12.82605,0.47262573
1572434242488,-0.43424988,-9.522064,0.032089233
1572434242488,-1.952179,-8.703247,0.07040405
1572434242488,-4.695938,-13.434189,-5.326126
1572434242488,-4.0734406,-19.515457,-20.730423
1572434242488,-0.10864258,-11.370377,-1.878479
1572434242488,-0.31454468,-6.103134,6.620941
1572434242488,0.671875,-4.30748,4.2506714
1572434242489,0.51864624,-5.0209503,3.6377563
1572434242696,1.2273254,-9.44545,3.4414368
1572434242697,2.19458,-12.98407,3.422287
1572434242697,2.625534,-13.14209,2.8524628
1572434242697,1.6582794,-9.919495,1.3824158
1572434242697,1.102829,-8.755905,0.640213
1572434242697,1.5289917,-9.751907,1.5835266
1572434242697,1.5194092,-10.043991,2.201233
1572434242697,0.5569458,-9.196442,1.8133698
1572434242697,-0.3001709,-8.324951,0.9801941
1572434242698,-0.70718384,-8.023285,1.248352
1572434242931,-1.2865906,-8.985748,2.1437836
1572434242932,-3.1109772,-10.412704,1.0998993
1572434242932,-5.055069,-11.08786,-3.6358185
1572434242932,-3.6472778,-10.283417,-1.9455261
1572434242932,-0.3576355,-10.556351,1.7032471
1572434242932,2.3142853,-11.518814,-0.5520935
1572434242932,1.5002594,-11.303345,-2.0173492
1572434242932,0.94480896,-10.915482,1.7032471
1572434242932,1.3230896,-10.810135,3.2690582
1572434242934,1.533783,-10.139755,2.7949982
1572434243140,2.7739716,-10.0009,2.7710571
1572434243140,4.454712,-10.4366455,0.94189453
1572434243140,6.0540314,-12.261017,-1.4858398
1572434243140,7.385208,-14.6983185,-0.38928223
1572434243140,6.3078156,-15.2872925,0.19010925
1572434243140,3.7173004,-13.472488,-3.0516357
1572434243140,1.3087311,-11.954559,-3.30542
1572434243140,0.43244934,-12.433411,0.2571411
1572434243141,-0.5156555,-13.108566,2.249115
1572434243142,-1.0998383,-12.98407,2.7949982
1572434243362,-0.9609833,-11.734299,4.3608093
1572434243362,0.19781494,-12.184402,5.012024
1572434243362,0.8490448,-13.28096,5.146103
1572434243362,1.6391296,-13.213913,3.51326
1572434243362,4.9479065,-12.40947,-3.4299316
1572434243362,5.522522,-11.475723,-4.9957275
1572434243362,1.4715271,-11.413483,0.35769653
1572434243362,-1.2626495,-10.958572,2.8859863
1572434243362,-2.0431519,-9.215591,3.0631561
1572434243364,-2.517212,-7.654587,1.1525726
1572434243364,-2.7087402,-6.58197,0.16137695
1572434243364,-2.1532898,-5.375305,0.08476257
1572434243364,-1.7462769,-3.924408,-0.18338013
1572434243364,-1.6313477,-3.2731934,-0.26957703
1572434243835,-1.9617462,-2.5549316,-0.2839508
1572434243835,-1.6121979,-1.2046051,-0.4228058
1572434243835,-0.7790222,-0.108062744,-0.542511
1572434243835,0.06852722,0.097839355,0.4917755
1572434243835,-0.506073,-0.69703674,1.7128143
1572434243836,0.16908264,-1.7217407,1.1813049
1572434243836,16.894974,-5.8637238,-5.8768005
1572434243836,16.061798,-30.825668,2.2586975
1572434243836,7.0739594,-35.91574,-2.37648
1572434243836,5.1250916,-11.107025,-3.77948
1572434243836,2.2999268,-2.090454,9.431732
1572434243836,-0.22834778,-1.4823303,-1.9407349
1572434243836,-0.43424988,-8.147781,-2.2519836
1572434243836,-1.2051849,-16.168365,2.1868744
1572434243836,-0.04638672,-17.2697,-1.4618835
1572434243836,0.9878998,-11.039978,0.35769653
1572434243836,0.37019348,-8.39679,1.6409912
1572434243836,0.38456726,-7.9945526,0.4917755
1572434243836,0.33668518,-7.434311,0.3624878
1572434243836,-0.017654419,-7.362488,0.8748474
1572434244057,0.020645142,-7.975403,1.2100372
1572434244057,0.90171814,-9.086319,1.5164948
1572434244057,2.055725,-9.632187,1.8899841
1572434244057,3.190567,-8.976181,1.7846527
1572434244057,3.8465729,-7.9227295,0.91316223
1572434244059,3.8178558,-6.8357697,-1.0500946
1572434244059,3.59758,-7.161377,-0.7388458
1572434244059,3.5113983,-8.693665,0.18052673
1572434244059,3.1283264,-10.297775,0.33854675
1572434244059,2.4148407,-11.188416,1.4015808
1572434244059,1.5194092,-11.303345,1.7894287
1572434244059,0.7628479,-11.293762,1.521286
1572434244059,-0.027236938,-10.474945,0.56359863
1572434244059,-0.1182251,-9.876404,-0.2552185
1572434244059,0.5425873,-10.618607,-0.12113953
1572434244259,2.098816,-12.428619,0.64979553
1572434244259,4.3349915,-13.845978,2.1198425
1572434244259,5.2160645,-14.061462,1.8995667
1572434244259,3.7029266,-13.295319,-1.5768127
1572434244259,2.304718,-13.951324,-6.8727875
1572434244259,3.0373383,-13.620926,-7.6437225
1572434244259,3.1809998,-11.356018,-2.1370544
1572434244259,3.0660706,-9.976959,0.43910217
1572434244259,2.5489197,-10.21637,2.1246185
1572434244259,1.6151886,-12.2035675,2.3017883
1572434244464,-0.5779114,-14.909012,1.3584747
1572434244464,-2.5076294,-14.995209,2.2395477
1572434244464,-3.8627472,-12.3424225,2.201233
1572434244464,-2.047943,-9.723175,-7.787369
1572434244464,3.985443,-9.421494,-3.913559
1572434244464,6.317398,-10.283417,4.6816254
1572434244464,2.3861237,-8.93309,0.616272
1572434244464,-2.909851,-7.328964,0.635437
1572434244464,-2.1963806,-6.979416,-0.3174591
1572434244464,-2.2777863,-6.256363,0.38163757
1572434244687,-2.091034,-5.715271,-0.025375366
1572434244687,-1.6169891,-4.9108276,-1.0357208
1572434244687,-2.225113,-3.6897888,-1.0836029
1572434244687,-2.838028,-2.2436829,-0.35098267
1572434244687,-2.9146423,-1.6690826,0.6737366
1572434244687,-2.7614136,-2.018631,1.7559204
1572434244687,-1.703186,-2.631546,3.585083
1572434244687,8.467392,-1.7648468,3.0344238
1572434244687,27.06076,-14.521149,0.08955383
1572434244687,16.58374,-39.81349,-6.068329
1572434244908,2.917633,-22.92958,-6.0779114
1572434244908,2.261612,-3.8142853,5.5435486
1572434244908,1.7971497,-0.91729736,5.035965
1572434244909,-0.22834778,-1.0274353,-1.6630096
1572434244909,-0.42468262,-6.8549194,1.9139404
1572434244909,-1.0088654,-13.654449,3.4653778
1572434244909,1.2704163,-16.015137,0.8604889
1572434244909,2.7260895,-11.178848,-0.4946289
1572434244909,1.447586,-7.544449,1.2770691
1572434244910,1.0932465,-7.295456,0.06561279
1572434245123,1.4188538,-7.348114,0.80781555
1572434245124,1.7205353,-10.905899,-0.51856995
1572434245124,2.821869,-9.68486,0.9227295
1572434245124,1.2799988,-6.8549194,1.2196198
1572434245124,1.1459198,-5.51416,1.229187
1572434245124,0.76763916,-4.810272,1.8899841
1572434245124,1.0549469,-6.366501,2.0144958
1572434245124,2.1179657,-9.028854,2.3448944
1572434245124,3.0708618,-11.1644745,0.41516113
1572434245124,2.9272003,-11.901886,-2.965454
1572434245348,1.7205353,-11.652893,-2.9271393
1572434245348,0.18824768,-10.8675995,-0.3366089
1572434245348,-0.64494324,-10.470154,2.7088013
1572434245348,0.3510437,-9.905136,2.7135925
1572434245348,1.1459198,-8.660141,0.26193237
1572434245348,0.7532654,-9.30658,0.27630615
1572434245348,0.40371704,-11.140533,1.9091492
1572434245349,0.91607666,-14.5642395,3.3025665
1572434245349,4.023758,-18.806778,3.2546844
1572434245349,4.2679596,-14.760574,-0.27915955
1572434245350,-1.1381531,-11.504456,-4.191284
1572434245350,-4.3368073,-13.213913,-5.4889374
1572434245350,-0.8699951,-12.064697,-5.230362
1572434245350,3.961502,-11.193207,-4.35408
1572434245554,5.1538086,-10.024841,-1.5289307
1572434245554,3.5592804,-8.8038025,1.0759583
1572434245554,0.88734436,-10.029633,1.9091492
1572434245554,-1.6457214,-13.027161,0.7647095
1572434245554,-3.6424866,-15.545868,-0.9064331
1572434245554,-5.6344604,-13.199554,-0.95910645
1572434245556,-5.926544,-7.520508,-0.4515381
1572434245556,-3.268982,-3.2396698,-1.0740356
1572434245556,5.0149536,-9.636978,-1.289505
1572434245556,6.590332,-14.444534,0.33854675
1572434245772,-0.6976166,-11.274612,0.2427826
1572434245772,-3.0104065,-7.3576965,0.932312
1572434245772,-1.526001,-7.228409,1.7511292
1572434245773,-1.3105316,-3.9962463,0.17095947
1572434245773,-0.98013306,-4.202133,-0.4658966
1572434245773,-1.8803558,-6.0839844,-0.039733887
1572434245773,-2.5842438,-5.7487946,0.31939697
1572434245773,-2.4597473,-4.202133,-0.4515381
1572434245773,-2.359192,-3.4886627,-0.561676
1572434245773,-1.6457214,-2.9236298,-0.039733887
1572434245989,-0.9944916,-3.2348785,0.23799133
1572434245989,-0.40551758,-4.920395,1.1765137
1572434245989,8.395569,-5.332199,-2.687729
1572434245989,19.006668,-15.143646,-0.9638977
1572434245989,6.2359924,-26.52089,1.6888733
1572434245989,1.423645,-17.375046,-4.5552063
1572434245990,2.261612,-8.47818,0.48220825
1572434245990,0.6144104,-6.2420044,3.537201
1572434245990,-0.34806824,-9.972168,0.5205078
1572434245990,0.36062622,-15.488403,2.4023438
1572434246208,3.3629456,-14.894638,1.3249664
1572434246208,4.382889,-11.020828,-2.4291534
1572434246208,2.9607239,-9.105469,-0.44195557
1572434246208,1.1650696,-8.679291,1.1286316
1572434246208,-0.29060364,-8.200455,0.9227295
1572434246208,-1.5020599,-7.41037,0.2523651
1572434246209,-2.2873688,-7.463043,1.229187
1572434246210,-2.13414,-7.7407684,3.2068024
1572434246210,-0.4725647,-7.7407684,3.1732788
1572434246210,1.4811096,-8.487762,1.8995667
1572434246434,2.060501,-8.516495,1.6074829
1572434246435,1.6247559,-7.6114807,2.6800842
1572434246435,1.3422394,-7.3146057,4.054352
1572434246435,1.7923584,-7.54924,4.1165924
1572434246435,0.82987976,-9.30658,2.335312
1572434246435,-2.4262238,-10.546768,-3.5927277
1572434246437,-3.3503876,-11.0256195,-3.8177795
1572434246437,-4.260193,-11.250671,0.35769653
1572434246437,-4.6624146,-11.825272,0.9371033
1572434246437,-2.2682037,-13.740646,2.0480042
1572434246437,-0.6066284,-15.871475,2.9003448
1572434246437,0.61920166,-16.369476,3.8149261
1572434246437,1.8641815,-18.883392,3.3696136
1572434246437,3.5449066,-20.875366,4.514038
1572434246651,3.7556,-17.925705,4.3129272
1572434246651,2.8793182,-15.92894,1.5260773
1572434246652,1.8977051,-15.272934,0.45825195
1572434246652,1.6295471,-14.540298,0.14222717
1572434246652,2.1323395,-13.601776,0.9514618
1572434246652,2.8841095,-13.328842,3.2834167
1572434246652,2.7739716,-13.419815,3.9537964
1572434246652,1.1219788,-12.141312,2.6417694
1572434246652,-0.41989136,-10.518051,0.75035095
1572434246652,-1.3440552,-8.0807495,0.635437
1572434246877,-2.0048523,-6.1558075,0.5205078
1572434246877,5.6757507,-3.469513,2.6034698
1572434246879,11.105804,-2.1239777,4.2315216
1572434246879,11.359589,-7.6019135,4.5906525
1572434246879,12.911026,-10.522827,9.149216
1572434246879,10.205582,-12.624939,10.413345
1572434246879,6.5280914,-15.440521,10.236176
1572434246879,3.190567,-17.782059,9.144424
1572434246879,1.3374634,-19.443634,5.917038
1572434246879,0.03501892,-20.626358,4.7103577
1572434247091,-1.2578583,-20.444412,3.5515747
1572434247092,-2.2586365,-20.003876,2.3688354
1572434247093,-3.0966034,-17.901764,1.6888733
1572434247093,-3.9393616,-14.631287,0.6545868
1572434247093,-4.4086304,-9.593887,0.30981445
1572434247093,-4.1692047,-3.4790955,1.2148285
1572434247093,-3.5993805,-0.7161865,1.4350891
1572434247093,-4.964081,4.3164215,-0.3605652
1572434247093,-6.874649,8.745697,-1.4523163
1572434247093,-3.4796753,2.2765656,-1.854538
1572434247318,-33.962646,23.072601,3.4845276
1572434247318,-7.8802185,5.2932587,2.8237305
1572434247319,5.6853333,-3.8190613,7.7893066
1572434247319,-1.2051849,2.5878143,9.680725
1572434247319,-5.2274475,4.98201,10.719803
1572434247319,-3.8675385,3.5407104,9.920151
1572434247320,-2.4166565,3.7753448,7.501999
1572434247320,-2.4741058,3.7944946,6.0894165
1572434247320,-2.340042,3.3874817,6.3815155
1572434247320,-2.9385834,3.7657623,6.778946
1572434247320,-2.88591,4.1536255,5.7494507
1572434247320,-2.320877,3.3874817,4.628952
1572434247321,-1.7654266,3.013977,4.399109
1572434247321,-2.5076294,3.2725525,3.7335205
1572434247538,-3.9633026,2.7937164,3.3073578
1572434247538,-0.89393616,0.5910492,5.1317444
1572434247539,-0.48213196,-0.017074585,8.493195
1572434247539,-0.09906006,0.5623169,11.945633
1572434247539,2.1514893,1.1656647,10.705444
1572434247539,2.625534,2.1424866,11.591293
1572434247539,2.7548218,2.1760101,13.386948
1572434247539,1.7301025,2.329239,9.9153595
1572434247541,0.9208679,2.7314606,9.115692
1572434247541,1.8881226,0.97891235,10.025482
1572434247808,-1.1812439,2.6740112,10.614456
1572434247808,-3.3408203,4.6468353,11.174713
1572434247808,-0.46777344,2.5399323,11.236954
1572434247808,1.7923584,2.01799,12.046188
1572434247808,2.3430176,2.6548462,13.200195
1572434247808,2.5345612,2.6596375,13.947189
1572434247808,2.3765411,2.190384,14.406876
1572434247808,2.2711945,2.3819122,13.21936
1572434247809,1.7061615,2.621338,10.968811
1572434247809,2.7548218,2.3052979,10.829941
1572434247992,4.004593,2.0850372,12.314346
1572434247992,4.6558228,1.9653168,13.7460785
1572434247992,4.191345,1.6780243,13.482712
1572434247992,2.9703064,1.2566376,11.797195
1572434247992,2.0652924,1.247055,9.891418
1572434247992,1.7923584,1.673233,8.263351
1572434247992,1.6199799,2.2430573,7.027954
1572434247992,1.6151886,2.717102,6.1325226
1572434247993,1.7971497,2.9756775,6.1085815
1572434247993,1.9599457,3.6077423,6.802887
1572434248198,2.1371155,3.7082977,7.0566864
1572434248198,1.8354492,3.3443756,6.5155945
1572434248198,1.447586,3.2151031,5.9457703
1572434248198,1.0405731,3.258194,5.6488953
1572434248198,0.7915802,3.282135,5.711136
1572434248198,0.513855,3.2725525,6.189972
1572434248198,0.25527954,3.3587494,6.7645874
1572434248198,0.06852722,3.3491669,6.8986664
1572434248199,-0.10385132,3.5263367,6.9896393
1572434248199,-0.07511902,3.918991,7.621704
1572434248199,0.58088684,4.6516113,9.091751
1572434248199,2.1610565,5.326782,11.150757
1572434248199,2.5632935,5.302841,11.955215
1572434248199,1.8881226,4.7042847,11.0933075
1572434248322,1.1076202,4.4648743,8.919373
1572434248322,1.3039398,4.460083,8.191528
1572434248322,0.4372406,5.43692,8.220261
1572434248322,-0.42945862,5.9301147,8.474045
1572434248322,0.07810974,6.0546265,8.746979
1572434248439,1.2321167,6.18869,7.8563385
1572434248439,-1.4254456,6.294037,8.143646
1572434248439,-3.04393,6.1072845,8.919373
1572434248439,-2.2777863,5.460861,9.953659
1572434248439,-1.8899231,6.1455994,9.73819
1572434248559,-2.6656494,6.7154236,8.7374115
1572434248559,-3.6759949,6.657959,8.641647
1572434248559,-3.4892578,6.1982727,9.6232605
1572434248559,-3.1205444,5.757736,9.920151
1572434248560,-3.0822449,5.29805,8.684738
